id_kos,nama_kos,kota,wilayah,harga_per_bulan,tipe_kos,ukuran_kamar,ac,kamar_mandi_dalam,wifi,listrik_include,parkir,dapur,laundry,security_24jam,jarak_ke_kampus_km,kampus_terdekat,jarak_ke_transportasi_km,rating,jumlah_kamar,jumlah_review,deskripsi_promosi,ulasan_penghuni,foto_path,latitude,longitude
KOS-0001,Kos Kebayoran Baru 1,Jakarta Selatan,Kebayoran Baru,2350000,Putri,9,1,1,1,0,0,0,1,1,9.7,Binus,4.2,3.8,16,26,"Kos eksklusif putri area Kebayoran Baru! Fasilitas lengkap: AC, kamar mandi dalam, WiFi, laundry, dan security 24 jam. Kamar 9m² dengan pencahayaan dan ventilasi optimal. Akses mudah ke pusat bisnis Jakarta Selatan. Penjaga aktif 24 jam, CCTV terpasang di area umum. Hanya 9.7 km ke kampus terdekat. Daftar sekarang!","Lumayan sesuai harga yang dibayar. WiFi kencang dan stabil. AC dingin, tidak berisik. Respons pemilik kadang agak lambat, tapi fasilitas tetap terjaga.",assets/kos_photos/kos_0001.jpg,-6.253882,106.7846
KOS-0002,Kos Pesanggrahan 2,Jakarta Selatan,Pesanggrahan,2250000,Putri,12,0,1,0,0,1,0,1,0,0.9,Binus,3.1,4.9,18,13,"Hunian nyaman di jantung Jakarta Selatan. Kos putri dengan kamar mandi dalam, parkir, dan laundry. Ukuran kamar 12m², cukup untuk bekerja dan beristirahat. Bebas banjir, akses 24 jam. Jarak ke transportasi umum hanya 3.1 km. Cocok untuk profesional muda yang aktif.","Baru 18 minggu tapi sudah betah banget. Kamar mandi pribadi sangat nyaman. Air bersih dan lancar, listrik stabil, tidak pernah mati. Harga sepadan.",assets/kos_photos/kos_0002.jpg,-6.310276,106.778046
KOS-0003,Kos Setiabudi 3,Jakarta Selatan,Setiabudi,2250000,Putri,12,0,1,1,0,1,0,1,0,5.4,Binus,2.8,4.7,6,194,"Kos bersih dan terawat di Setiabudi, Jakarta Selatan. Kamar putri berukuran 12m² tersedia dengan fasilitas kamar mandi dalam, WiFi, parkir, dan laundry. Pengelolaan profesional, kontrak fleksibel per bulan. Jarak 5.4 km dari kampus, 2.8 km dari halte atau stasiun. Survei gratis, hubungi pemilik sekarang!","Kos paling nyaman selama kuliah di Jakarta. WiFi kencang dan stabil. Kamar mandi pribadi sangat nyaman. Lingkungan bersih dan aman, tidak pernah ada masalah keamanan. Sangat recommended untuk mahasiswa baru!",assets/kos_photos/kos_0003.jpg,-6.269406,106.81018
KOS-0004,Kos Kebayoran Baru 4,Jakarta Selatan,Kebayoran Baru,2150000,Campur,12,1,1,0,0,0,0,0,0,3.2,UI Depok,2.8,3.6,11,92,"Tersedia kamar kos campur di kawasan Kebayoran Baru, Jakarta Selatan. Luas kamar 12m², fasilitas: AC dan kamar mandi dalam. Dekat kampus (3.2 km) dan transportasi umum (2.8 km). Lingkungan tenang, pemilik kos ramah dan responsif. Harga sudah mencakup biaya perawatan fasilitas bersama. Ideal untuk pelajar yang baru merantau.","Oke secara keseluruhan. AC dingin, tidak berisik. Kamar mandi pribadi sangat nyaman. Ada plus minusnya, tapi tidak mengecewakan. Lumayan untuk jangka panjang.",assets/kos_photos/kos_0004.jpg,-6.242055,106.812251
KOS-0005,Kos Pancoran 5,Jakarta Selatan,Pancoran,1900000,Putra,18,0,0,1,1,1,1,0,0,6.4,Universitas Pancasila,1.8,4.0,7,108,"Kos putra strategis di Pancoran, Jakarta Selatan. Kamar 18m² dilengkapi WiFi, listrik termasuk, parkir, dan dapur bersama. Lokasi hanya 6.4 km dari kampus dan 1.8 km dari moda transportasi umum. Suasana bersih, aman, dan nyaman. Cocok untuk mahasiswa maupun pekerja muda yang menginginkan hunian berkualitas dengan harga terjangkau.","Kos paling nyaman selama kuliah di Jakarta. WiFi kencang dan stabil. Lingkungan bersih dan aman, tidak pernah ada masalah keamanan. Sangat recommended untuk mahasiswa baru!",assets/kos_photos/kos_0005.jpg,-6.249812,106.789118
KOS-0006,Kos Cilandak 6,Jakarta Selatan,Cilandak,2900000,Putri,12,1,1,0,1,1,0,1,1,0.7,Binus,0.7,4.0,8,155,"Kos putri strategis di Cilandak, Jakarta Selatan. Kamar 12m² dilengkapi AC, kamar mandi dalam, listrik termasuk, parkir, laundry, dan security 24 jam. Lokasi hanya 0.7 km dari kampus dan 0.7 km dari moda transportasi umum. Suasana bersih, aman, dan nyaman. Cocok untuk mahasiswa maupun pekerja muda yang menginginkan hunian berkualitas dengan harga terjangkau.","Sudah 18 bulan di sini, sangat puas! Kamar bersih dan wangi. AC dingin, tidak berisik. Kamar mandi pribadi sangat nyaman. Pemilik kos sigap menangani keluhan. Sangat direkomendasikan!",assets/kos_photos/kos_0006.jpg,-6.239539,106.809352
KOS-0007,Kos Jagakarsa 7,Jakarta Selatan,Jagakarsa,3300000,Putri,18,1,1,1,0,0,0,1,1,8.1,Atmajaya,1.1,4.7,29,194,"Kos eksklusif putri area Jagakarsa! Fasilitas lengkap: AC, kamar mandi dalam, WiFi, laundry, dan security 24 jam. Kamar 18m² dengan pencahayaan dan ventilasi optimal. Akses mudah ke pusat bisnis Jakarta Selatan. Penjaga aktif 24 jam, CCTV terpasang di area umum. Hanya 8.1 km ke kampus terdekat. Daftar sekarang!","Sudah 12 tahun tinggal di sini dan tidak mau pindah. WiFi kencang dan stabil. AC dingin, tidak berisik. Lingkungan aman dan nyaman, penghuni dipilih secara selektif.",assets/kos_photos/kos_0007.jpg,-6.278523,106.841164
KOS-0008,Kos Pancoran 8,Jakarta Selatan,Pancoran,2350000,Putri,9,0,1,0,0,1,0,0,1,2.8,Binus,1.0,4.1,21,56,"Hunian nyaman di jantung Jakarta Selatan. Kos putri dengan kamar mandi dalam, parkir, dan security 24 jam. Ukuran kamar 9m², cukup untuk bekerja dan beristirahat. Bebas banjir, akses 24 jam. Jarak ke transportasi umum hanya 1.0 km. Cocok untuk profesional muda yang aktif.","Kos paling nyaman selama kuliah di Jakarta. Kamar mandi pribadi sangat nyaman. Keamanan 24 jam membuat tenang. Lingkungan bersih dan aman, tidak pernah ada masalah keamanan. Sangat recommended untuk mahasiswa baru!",assets/kos_photos/kos_0008.jpg,-6.270303,106.823908
KOS-0009,Kos Jagakarsa 9,Jakarta Selatan,Jagakarsa,2950000,Campur,9,1,0,1,0,1,0,0,0,1.9,Universitas Pancasila,2.5,4.5,15,127,"Kos bersih dan terawat di Jagakarsa, Jakarta Selatan. Kamar campur berukuran 9m² tersedia dengan fasilitas AC, WiFi, dan parkir. Pengelolaan profesional, kontrak fleksibel per bulan. Jarak 1.9 km dari kampus, 2.5 km dari halte atau stasiun. Survei gratis, hubungi pemilik sekarang!","Baru 6 minggu tapi sudah betah banget. WiFi kencang dan stabil. AC dingin, tidak berisik. Air bersih dan lancar, listrik stabil, tidak pernah mati. Harga sepadan.",assets/kos_photos/kos_0009.jpg,-6.251182,106.821371
KOS-0010,Kos Pancoran 10,Jakarta Selatan,Pancoran,1900000,Putra,9,1,0,1,1,1,0,1,0,6.1,Universitas Pancasila,3.5,3.8,11,165,"Kos bersih dan terawat di Pancoran, Jakarta Selatan. Kamar putra berukuran 9m² tersedia dengan fasilitas AC, WiFi, listrik termasuk, parkir, dan laundry. Pengelolaan profesional, kontrak fleksibel per bulan. Jarak 6.1 km dari kampus, 3.5 km dari halte atau stasiun. Survei gratis, hubungi pemilik sekarang!","Cukup nyaman untuk kebutuhan sehari-hari. WiFi kencang dan stabil. AC dingin, tidak berisik. Harga standar untuk area sini. Cocok untuk yang budget terbatas.",assets/kos_photos/kos_0010.jpg,-6.274306,106.790256
KOS-0011,Kos Mampang Prapatan 11,Jakarta Selatan,Mampang Prapatan,2300000,Putri,18,1,1,0,0,0,1,1,0,5.8,Universitas Pancasila,2.7,4.8,9,13,"Hunian nyaman di jantung Jakarta Selatan. Kos putri dengan AC, kamar mandi dalam, dapur bersama, dan laundry. Ukuran kamar 18m², cukup untuk bekerja dan beristirahat. Bebas banjir, akses 24 jam. Jarak ke transportasi umum hanya 2.7 km. Cocok untuk profesional muda yang aktif.","Kos paling nyaman selama kuliah di Jakarta. AC dingin, tidak berisik. Kamar mandi pribadi sangat nyaman. Lingkungan bersih dan aman, tidak pernah ada masalah keamanan. Sangat recommended untuk mahasiswa baru!",assets/kos_photos/kos_0011.jpg,-6.233276,106.807751
KOS-0012,Kos Pesanggrahan 12,Jakarta Selatan,Pesanggrahan,3200000,Campur,15,1,1,1,1,1,1,0,0,0.6,Binus,0.7,3.7,22,58,"Tersedia kamar kos campur di kawasan Pesanggrahan, Jakarta Selatan. Luas kamar 15m², fasilitas: AC, kamar mandi dalam, WiFi, listrik termasuk, parkir, dan dapur bersama. Dekat kampus (0.6 km) dan transportasi umum (0.7 km). Lingkungan tenang, pemilik kos ramah dan responsif. Harga sudah mencakup biaya perawatan fasilitas bersama. Ideal untuk pelajar yang baru merantau.","Cukup nyaman untuk kebutuhan sehari-hari. WiFi kencang dan stabil. AC dingin, tidak berisik. Harga standar untuk area sini. Cocok untuk yang budget terbatas.",assets/kos_photos/kos_0012.jpg,-6.245235,106.829181
KOS-0013,Kos Pasar Minggu 13,Jakarta Selatan,Pasar Minggu,2450000,Putri,12,1,0,1,0,1,1,0,1,1.4,Atmajaya,2.0,5.0,17,186,"Hunian nyaman di jantung Jakarta Selatan. Kos putri dengan AC, WiFi, parkir, dapur bersama, dan security 24 jam. Ukuran kamar 12m², cukup untuk bekerja dan beristirahat. Bebas banjir, akses 24 jam. Jarak ke transportasi umum hanya 2.0 km. Cocok untuk profesional muda yang aktif.","Sudah 8 tahun tinggal di sini dan tidak mau pindah. WiFi kencang dan stabil. AC dingin, tidak berisik. Lingkungan aman dan nyaman, penghuni dipilih secara selektif.",assets/kos_photos/kos_0013.jpg,-6.29078,106.824179
KOS-0014,Kos Mampang Prapatan 14,Jakarta Selatan,Mampang Prapatan,3400000,Putra,15,1,1,1,1,1,0,1,0,2.2,UI Depok,4.7,4.1,13,28,"Kos bersih dan terawat di Mampang Prapatan, Jakarta Selatan. Kamar putra berukuran 15m² tersedia dengan fasilitas AC, kamar mandi dalam, WiFi, listrik termasuk, parkir, dan laundry. Pengelolaan profesional, kontrak fleksibel per bulan. Jarak 2.2 km dari kampus, 4.7 km dari halte atau stasiun. Survei gratis, hubungi pemilik sekarang!","Lokasi sangat strategis, ke mana-mana mudah dijangkau. WiFi kencang dan stabil. AC dingin, tidak berisik. Harga sangat worth it untuk fasilitasnya. Teman sesama penghuni juga asik.",assets/kos_photos/kos_0014.jpg,-6.258583,106.816067
KOS-0015,Kos Pancoran 15,Jakarta Selatan,Pancoran,2250000,Putri,12,1,1,1,0,1,0,0,1,8.5,Binus,4.7,4.5,27,131,"Kos bersih dan terawat di Pancoran, Jakarta Selatan. Kamar putri berukuran 12m² tersedia dengan fasilitas AC, kamar mandi dalam, WiFi, parkir, dan security 24 jam. Pengelolaan profesional, kontrak fleksibel per bulan. Jarak 8.5 km dari kampus, 4.7 km dari halte atau stasiun. Survei gratis, hubungi pemilik sekarang!","Sudah 18 bulan di sini, sangat puas! Kamar bersih dan wangi. WiFi kencang dan stabil. AC dingin, tidak berisik. Pemilik kos sigap menangani keluhan. Sangat direkomendasikan!",assets/kos_photos/kos_0015.jpg,-6.25591,106.827573
KOS-0016,Kos Setiabudi 16,Jakarta Selatan,Setiabudi,3400000,Campur,20,1,1,1,1,1,0,1,1,5.4,Binus,2.6,4.6,20,119,"Hunian nyaman di jantung Jakarta Selatan. Kos campur dengan AC, kamar mandi dalam, WiFi, listrik termasuk, parkir, laundry, dan security 24 jam. Ukuran kamar 20m², cukup untuk bekerja dan beristirahat. Bebas banjir, akses 24 jam. Jarak ke transportasi umum hanya 2.6 km. Cocok untuk profesional muda yang aktif.","Lokasi sangat strategis, ke mana-mana mudah dijangkau. WiFi kencang dan stabil. AC dingin, tidak berisik. Harga sangat worth it untuk fasilitasnya. Teman sesama penghuni juga asik.",assets/kos_photos/kos_0016.jpg,-6.245718,106.774171
KOS-0017,Kos Jagakarsa 17,Jakarta Selatan,Jagakarsa,2950000,Campur,9,0,1,1,1,1,0,1,1,0.9,Universitas Pancasila,1.7,4.7,16,9,"Kos campur strategis di Jagakarsa, Jakarta Selatan. Kamar 9m² dilengkapi kamar mandi dalam, WiFi, listrik termasuk, parkir, laundry, dan security 24 jam. Lokasi hanya 0.9 km dari kampus dan 1.7 km dari moda transportasi umum. Suasana bersih, aman, dan nyaman. Cocok untuk mahasiswa maupun pekerja muda yang menginginkan hunian berkualitas dengan harga terjangkau.","Sudah 3 bulan di sini, sangat puas! Kamar bersih dan wangi. WiFi kencang dan stabil. Kamar mandi pribadi sangat nyaman. Pemilik kos sigap menangani keluhan. Sangat direkomendasikan!",assets/kos_photos/kos_0017.jpg,-6.273259,106.794628
KOS-0018,Kos Jagakarsa 18,Jakarta Selatan,Jagakarsa,2000000,Putra,15,0,0,1,1,1,1,1,1,3.1,Atmajaya,2.3,4.9,27,141,"Kos putra strategis di Jagakarsa, Jakarta Selatan. Kamar 15m² dilengkapi WiFi, listrik termasuk, parkir, dapur bersama, laundry, dan security 24 jam. Lokasi hanya 3.1 km dari kampus dan 2.3 km dari moda transportasi umum. Suasana bersih, aman, dan nyaman. Cocok untuk mahasiswa maupun pekerja muda yang menginginkan hunian berkualitas dengan harga terjangkau.","Sudah 8 tahun tinggal di sini dan tidak mau pindah. WiFi kencang dan stabil. Keamanan 24 jam membuat tenang. Lingkungan aman dan nyaman, penghuni dipilih secara selektif.",assets/kos_photos/kos_0018.jpg,-6.283146,106.834807
KOS-0019,Kos Kebayoran Lama 19,Jakarta Selatan,Kebayoran Lama,2200000,Putri,15,0,1,1,0,0,0,1,1,4.6,UI Depok,3.7,3.7,26,33,"Kos eksklusif putri area Kebayoran Lama! Fasilitas lengkap: kamar mandi dalam, WiFi, laundry, dan security 24 jam. Kamar 15m² dengan pencahayaan dan ventilasi optimal. Akses mudah ke pusat bisnis Jakarta Selatan. Penjaga aktif 24 jam, CCTV terpasang di area umum. Hanya 4.6 km ke kampus terdekat. Daftar sekarang!","Oke secara keseluruhan. WiFi kencang dan stabil. Kamar mandi pribadi sangat nyaman. Ada plus minusnya, tapi tidak mengecewakan. Lumayan untuk jangka panjang.",assets/kos_photos/kos_0019.jpg,-6.269872,106.814669
KOS-0020,Kos Kebayoran Lama 20,Jakarta Selatan,Kebayoran Lama,2700000,Putri,15,0,0,1,0,0,1,1,0,1.0,Binus,4.8,3.5,23,100,"Kos eksklusif putri area Kebayoran Lama! Fasilitas lengkap: WiFi, dapur bersama, dan laundry. Kamar 15m² dengan pencahayaan dan ventilasi optimal. Akses mudah ke pusat bisnis Jakarta Selatan. Penjaga aktif 24 jam, CCTV terpasang di area umum. Hanya 1.0 km ke kampus terdekat. Daftar sekarang!","Oke secara keseluruhan. WiFi kencang dan stabil. Ada plus minusnya, tapi tidak mengecewakan. Lumayan untuk jangka panjang.",assets/kos_photos/kos_0020.jpg,-6.241666,106.801882
KOS-0021,Kos Pancoran 21,Jakarta Selatan,Pancoran,3550000,Putri,12,1,1,1,1,1,1,0,1,1.7,Binus,4.1,4.7,12,47,"Kos bersih dan terawat di Pancoran, Jakarta Selatan. Kamar putri berukuran 12m² tersedia dengan fasilitas AC, kamar mandi dalam, WiFi, listrik termasuk, parkir, dapur bersama, dan security 24 jam. Pengelolaan profesional, kontrak fleksibel per bulan. Jarak 1.7 km dari kampus, 4.1 km dari halte atau stasiun. Survei gratis, hubungi pemilik sekarang!","Sudah 2 tahun tinggal di sini dan tidak mau pindah. WiFi kencang dan stabil. AC dingin, tidak berisik. Lingkungan aman dan nyaman, penghuni dipilih secara selektif.",assets/kos_photos/kos_0021.jpg,-6.240051,106.805817
KOS-0022,Kos Tebet 22,Jakarta Selatan,Tebet,2200000,Putri,15,0,1,1,1,1,1,0,0,3.8,Binus,4.7,5.0,8,105,"Tersedia kamar kos putri di kawasan Tebet, Jakarta Selatan. Luas kamar 15m², fasilitas: kamar mandi dalam, WiFi, listrik termasuk, parkir, dan dapur bersama. Dekat kampus (3.8 km) dan transportasi umum (4.7 km). Lingkungan tenang, pemilik kos ramah dan responsif. Harga sudah mencakup biaya perawatan fasilitas bersama. Ideal untuk pelajar yang baru merantau.","Sudah 6 tahun tinggal di sini dan tidak mau pindah. WiFi kencang dan stabil. Kamar mandi pribadi sangat nyaman. Lingkungan aman dan nyaman, penghuni dipilih secara selektif.",assets/kos_photos/kos_0022.jpg,-6.284486,106.823029
KOS-0023,Kos Pesanggrahan 23,Jakarta Selatan,Pesanggrahan,2500000,Putra,15,1,1,1,0,0,0,1,1,7.5,Binus,1.3,4.2,29,145,"Kos eksklusif putra area Pesanggrahan! Fasilitas lengkap: AC, kamar mandi dalam, WiFi, laundry, dan security 24 jam. Kamar 15m² dengan pencahayaan dan ventilasi optimal. Akses mudah ke pusat bisnis Jakarta Selatan. Penjaga aktif 24 jam, CCTV terpasang di area umum. Hanya 7.5 km ke kampus terdekat. Daftar sekarang!","Baru 24 minggu tapi sudah betah banget. WiFi kencang dan stabil. AC dingin, tidak berisik. Air bersih dan lancar, listrik stabil, tidak pernah mati. Harga sepadan.",assets/kos_photos/kos_0023.jpg,-6.244238,106.799919
KOS-0024,Kos Pasar Minggu 24,Jakarta Selatan,Pasar Minggu,2850000,Putri,12,1,0,1,0,1,1,1,1,3.3,Atmajaya,1.8,4.7,29,113,"Hunian nyaman di jantung Jakarta Selatan. Kos putri dengan AC, WiFi, parkir, dapur bersama, laundry, dan security 24 jam. Ukuran kamar 12m², cukup untuk bekerja dan beristirahat. Bebas banjir, akses 24 jam. Jarak ke transportasi umum hanya 1.8 km. Cocok untuk profesional muda yang aktif.","Lokasi sangat strategis, ke mana-mana mudah dijangkau. WiFi kencang dan stabil. AC dingin, tidak berisik. Harga sangat worth it untuk fasilitasnya. Teman sesama penghuni juga asik.",assets/kos_photos/kos_0024.jpg,-6.269234,106.822019
KOS-0025,Kos Kebayoran Lama 25,Jakarta Selatan,Kebayoran Lama,2900000,Putri,15,1,0,1,0,1,0,0,0,1.5,UI Depok,0.6,4.7,6,33,"Hunian nyaman di jantung Jakarta Selatan. Kos putri dengan AC, WiFi, dan parkir. Ukuran kamar 15m², cukup untuk bekerja dan beristirahat. Bebas banjir, akses 24 jam. Jarak ke transportasi umum hanya 0.6 km. Cocok untuk profesional muda yang aktif.","Baru 12 minggu tapi sudah betah banget. WiFi kencang dan stabil. AC dingin, tidak berisik. Air bersih dan lancar, listrik stabil, tidak pernah mati. Harga sepadan.",assets/kos_photos/kos_0025.jpg,-6.270576,106.801057
KOS-0026,Kos Kebayoran Lama 26,Jakarta Selatan,Kebayoran Lama,2300000,Putri,12,0,1,1,1,0,1,0,0,4.1,UI Depok,3.6,4.2,17,130,"Kos eksklusif putri area Kebayoran Lama! Fasilitas lengkap: kamar mandi dalam, WiFi, listrik termasuk, dan dapur bersama. Kamar 12m² dengan pencahayaan dan ventilasi optimal. Akses mudah ke pusat bisnis Jakarta Selatan. Penjaga aktif 24 jam, CCTV terpasang di area umum. Hanya 4.1 km ke kampus terdekat. Daftar sekarang!","Sudah 3 tahun tinggal di sini dan tidak mau pindah. WiFi kencang dan stabil. Kamar mandi pribadi sangat nyaman. Lingkungan aman dan nyaman, penghuni dipilih secara selektif.",assets/kos_photos/kos_0026.jpg,-6.273235,106.810912
KOS-0027,Kos Setiabudi 27,Jakarta Selatan,Setiabudi,3450000,Putra,12,1,1,1,1,1,0,0,1,4.6,Binus,4.1,4.0,20,168,"Kos putra strategis di Setiabudi, Jakarta Selatan. Kamar 12m² dilengkapi AC, kamar mandi dalam, WiFi, listrik termasuk, parkir, dan security 24 jam. Lokasi hanya 4.6 km dari kampus dan 4.1 km dari moda transportasi umum. Suasana bersih, aman, dan nyaman. Cocok untuk mahasiswa maupun pekerja muda yang menginginkan hunian berkualitas dengan harga terjangkau.","Lokasi sangat strategis, ke mana-mana mudah dijangkau. WiFi kencang dan stabil. AC dingin, tidak berisik. Harga sangat worth it untuk fasilitasnya. Teman sesama penghuni juga asik.",assets/kos_photos/kos_0027.jpg,-6.250337,106.827235
KOS-0028,Kos Pasar Minggu 28,Jakarta Selatan,Pasar Minggu,2300000,Putri,20,1,0,0,0,0,1,0,0,9.6,Binus,0.5,4.0,8,140,"Tersedia kamar kos putri di kawasan Pasar Minggu, Jakarta Selatan. Luas kamar 20m², fasilitas: AC dan dapur bersama. Dekat kampus (9.6 km) dan transportasi umum (0.5 km). Lingkungan tenang, pemilik kos ramah dan responsif. Harga sudah mencakup biaya perawatan fasilitas bersama. Ideal untuk pelajar yang baru merantau.","Sudah 2 tahun tinggal di sini dan tidak mau pindah. AC dingin, tidak berisik. Lingkungan aman dan nyaman, penghuni dipilih secara selektif.",assets/kos_photos/kos_0028.jpg,-6.263493,106.768417
KOS-0029,Kos Setiabudi 29,Jakarta Selatan,Setiabudi,3150000,Putri,9,0,0,1,0,1,0,0,1,1.8,Binus,0.6,4.4,29,14,"Tersedia kamar kos putri di kawasan Setiabudi, Jakarta Selatan. Luas kamar 9m², fasilitas: WiFi, parkir, dan security 24 jam. Dekat kampus (1.8 km) dan transportasi umum (0.6 km). Lingkungan tenang, pemilik kos ramah dan responsif. Harga sudah mencakup biaya perawatan fasilitas bersama. Ideal untuk pelajar yang baru merantau.","Sudah 8 tahun tinggal di sini dan tidak mau pindah. WiFi kencang dan stabil. Keamanan 24 jam membuat tenang. Lingkungan aman dan nyaman, penghuni dipilih secara selektif.",assets/kos_photos/kos_0029.jpg,-6.294567,106.785669
KOS-0030,Kos Mampang Prapatan 30,Jakarta Selatan,Mampang Prapatan,2000000,Putri,12,1,1,0,0,1,0,1,0,8.4,Universitas Pancasila,2.9,3.7,25,59,"Hunian nyaman di jantung Jakarta Selatan. Kos putri dengan AC, kamar mandi dalam, parkir, dan laundry. Ukuran kamar 12m², cukup untuk bekerja dan beristirahat. Bebas banjir, akses 24 jam. Jarak ke transportasi umum hanya 2.9 km. Cocok untuk profesional muda yang aktif.","Cukup nyaman untuk kebutuhan sehari-hari. AC dingin, tidak berisik. Kamar mandi pribadi sangat nyaman. Harga standar untuk area sini. Cocok untuk yang budget terbatas.",assets/kos_photos/kos_0030.jpg,-6.270954,106.843081
KOS-0031,Kos Cilandak 31,Jakarta Selatan,Cilandak,2650000,Putra,9,1,1,1,1,1,1,1,0,2.9,Universitas Pancasila,1.5,4.6,6,99,"Hunian nyaman di jantung Jakarta Selatan. Kos putra dengan AC, kamar mandi dalam, WiFi, listrik termasuk, parkir, dapur bersama, dan laundry. Ukuran kamar 9m², cukup untuk bekerja dan beristirahat. Bebas banjir, akses 24 jam. Jarak ke transportasi umum hanya 1.5 km. Cocok untuk profesional muda yang aktif.","Lokasi sangat strategis, ke mana-mana mudah dijangkau. WiFi kencang dan stabil. AC dingin, tidak berisik. Harga sangat worth it untuk fasilitasnya. Teman sesama penghuni juga asik.",assets/kos_photos/kos_0031.jpg,-6.243062,106.78726
KOS-0032,Kos Mampang Prapatan 32,Jakarta Selatan,Mampang Prapatan,2900000,Putri,12,0,1,1,1,1,1,1,0,5.1,Binus,2.2,4.7,11,196,"Kos putri strategis di Mampang Prapatan, Jakarta Selatan. Kamar 12m² dilengkapi kamar mandi dalam, WiFi, listrik termasuk, parkir, dapur bersama, dan laundry. Lokasi hanya 5.1 km dari kampus dan 2.2 km dari moda transportasi umum. Suasana bersih, aman, dan nyaman. Cocok untuk mahasiswa maupun pekerja muda yang menginginkan hunian berkualitas dengan harga terjangkau.","Baru 3 minggu tapi sudah betah banget. WiFi kencang dan stabil. Kamar mandi pribadi sangat nyaman. Air bersih dan lancar, listrik stabil, tidak pernah mati. Harga sepadan.",assets/kos_photos/kos_0032.jpg,-6.269976,106.831608
KOS-0033,Kos Tebet 33,Jakarta Selatan,Tebet,2500000,Putri,15,1,1,1,0,1,0,0,1,8.7,Universitas Pancasila,4.8,4.2,24,73,"Kos eksklusif putri area Tebet! Fasilitas lengkap: AC, kamar mandi dalam, WiFi, parkir, dan security 24 jam. Kamar 15m² dengan pencahayaan dan ventilasi optimal. Akses mudah ke pusat bisnis Jakarta Selatan. Penjaga aktif 24 jam, CCTV terpasang di area umum. Hanya 8.7 km ke kampus terdekat. Daftar sekarang!","Sudah 8 bulan di sini, sangat puas! Kamar bersih dan wangi. WiFi kencang dan stabil. AC dingin, tidak berisik. Pemilik kos sigap menangani keluhan. Sangat direkomendasikan!",assets/kos_photos/kos_0033.jpg,-6.250639,106.816543
KOS-0034,Kos Tebet 34,Jakarta Selatan,Tebet,2750000,Putri,15,1,0,1,1,1,0,0,1,2.2,UI Depok,3.5,4.3,22,126,"Kos bersih dan terawat di Tebet, Jakarta Selatan. Kamar putri berukuran 15m² tersedia dengan fasilitas AC, WiFi, listrik termasuk, parkir, dan security 24 jam. Pengelolaan profesional, kontrak fleksibel per bulan. Jarak 2.2 km dari kampus, 3.5 km dari halte atau stasiun. Survei gratis, hubungi pemilik sekarang!","Baru 8 minggu tapi sudah betah banget. WiFi kencang dan stabil. AC dingin, tidak berisik. Air bersih dan lancar, listrik stabil, tidak pernah mati. Harga sepadan.",assets/kos_photos/kos_0034.jpg,-6.259697,106.797363
KOS-0035,Kos Pasar Minggu 35,Jakarta Selatan,Pasar Minggu,2500000,Putri,12,0,0,1,0,0,0,0,0,7.1,Atmajaya,0.4,3.6,15,52,"Kos putri strategis di Pasar Minggu, Jakarta Selatan. Kamar 12m² dilengkapi WiFi. Lokasi hanya 7.1 km dari kampus dan 0.4 km dari moda transportasi umum. Suasana bersih, aman, dan nyaman. Cocok untuk mahasiswa maupun pekerja muda yang menginginkan hunian berkualitas dengan harga terjangkau.","Oke secara keseluruhan. WiFi kencang dan stabil. Ada plus minusnya, tapi tidak mengecewakan. Lumayan untuk jangka panjang.",assets/kos_photos/kos_0035.jpg,-6.260954,106.850644
KOS-0036,Kos Pancoran 36,Jakarta Selatan,Pancoran,2450000,Putri,12,0,1,1,0,0,0,0,1,7.6,Atmajaya,0.4,4.8,18,22,"Kos putri strategis di Pancoran, Jakarta Selatan. Kamar 12m² dilengkapi kamar mandi dalam, WiFi, dan security 24 jam. Lokasi hanya 7.6 km dari kampus dan 0.4 km dari moda transportasi umum. Suasana bersih, aman, dan nyaman. Cocok untuk mahasiswa maupun pekerja muda yang menginginkan hunian berkualitas dengan harga terjangkau.","Sudah 8 bulan di sini, sangat puas! Kamar bersih dan wangi. WiFi kencang dan stabil. Kamar mandi pribadi sangat nyaman. Pemilik kos sigap menangani keluhan. Sangat direkomendasikan!",assets/kos_photos/kos_0036.jpg,-6.257018,106.8161
KOS-0037,Kos Setiabudi 37,Jakarta Selatan,Setiabudi,2350000,Putri,9,1,0,0,1,0,0,1,0,3.8,Atmajaya,2.5,4.2,8,38,"Hunian nyaman di jantung Jakarta Selatan. Kos putri dengan AC, listrik termasuk, dan laundry. Ukuran kamar 9m², cukup untuk bekerja dan beristirahat. Bebas banjir, akses 24 jam. Jarak ke transportasi umum hanya 2.5 km. Cocok untuk profesional muda yang aktif.","Sudah 3 bulan di sini, sangat puas! Kamar bersih dan wangi. AC dingin, tidak berisik. Pemilik kos sigap menangani keluhan. Sangat direkomendasikan!",assets/kos_photos/kos_0037.jpg,-6.240622,106.819522
KOS-0038,Kos Mampang Prapatan 38,Jakarta Selatan,Mampang Prapatan,3000000,Putra,20,1,1,1,0,1,1,0,1,0.6,Atmajaya,1.3,4.8,28,141,"Kos eksklusif putra area Mampang Prapatan! Fasilitas lengkap: AC, kamar mandi dalam, WiFi, parkir, dapur bersama, dan security 24 jam. Kamar 20m² dengan pencahayaan dan ventilasi optimal. Akses mudah ke pusat bisnis Jakarta Selatan. Penjaga aktif 24 jam, CCTV terpasang di area umum. Hanya 0.6 km ke kampus terdekat. Daftar sekarang!","Sudah 12 tahun tinggal di sini dan tidak mau pindah. WiFi kencang dan stabil. AC dingin, tidak berisik. Lingkungan aman dan nyaman, penghuni dipilih secara selektif.",assets/kos_photos/kos_0038.jpg,-6.277494,106.787436
KOS-0039,Kos Jagakarsa 39,Jakarta Selatan,Jagakarsa,2450000,Campur,12,0,0,1,1,1,0,1,0,7.4,Universitas Pancasila,4.1,4.2,17,137,"Tersedia kamar kos campur di kawasan Jagakarsa, Jakarta Selatan. Luas kamar 12m², fasilitas: WiFi, listrik termasuk, parkir, dan laundry. Dekat kampus (7.4 km) dan transportasi umum (4.1 km). Lingkungan tenang, pemilik kos ramah dan responsif. Harga sudah mencakup biaya perawatan fasilitas bersama. Ideal untuk pelajar yang baru merantau.","Sudah 3 bulan di sini, sangat puas! Kamar bersih dan wangi. WiFi kencang dan stabil. Pemilik kos sigap menangani keluhan. Sangat direkomendasikan!",assets/kos_photos/kos_0039.jpg,-6.295917,106.826479
KOS-0040,Kos Cilandak 40,Jakarta Selatan,Cilandak,2900000,Putri,20,1,1,0,1,1,1,1,0,3.5,Universitas Pancasila,3.1,4.3,14,134,"Kos bersih dan terawat di Cilandak, Jakarta Selatan. Kamar putri berukuran 20m² tersedia dengan fasilitas AC, kamar mandi dalam, listrik termasuk, parkir, dapur bersama, dan laundry. Pengelolaan profesional, kontrak fleksibel per bulan. Jarak 3.5 km dari kampus, 3.1 km dari halte atau stasiun. Survei gratis, hubungi pemilik sekarang!","Sudah 2 bulan di sini, sangat puas! Kamar bersih dan wangi. AC dingin, tidak berisik. Kamar mandi pribadi sangat nyaman. Pemilik kos sigap menangani keluhan. Sangat direkomendasikan!",assets/kos_photos/kos_0040.jpg,-6.286889,106.818438
KOS-0041,Kos Mampang Prapatan 41,Jakarta Selatan,Mampang Prapatan,3050000,Campur,18,1,0,1,1,1,0,0,0,9.7,UI Depok,0.8,3.8,7,44,"Kos eksklusif campur area Mampang Prapatan! Fasilitas lengkap: AC, WiFi, listrik termasuk, dan parkir. Kamar 18m² dengan pencahayaan dan ventilasi optimal. Akses mudah ke pusat bisnis Jakarta Selatan. Penjaga aktif 24 jam, CCTV terpasang di area umum. Hanya 9.7 km ke kampus terdekat. Daftar sekarang!","Lumayan sesuai harga yang dibayar. WiFi kencang dan stabil. AC dingin, tidak berisik. Respons pemilik kadang agak lambat, tapi fasilitas tetap terjaga.",assets/kos_photos/kos_0041.jpg,-6.211582,106.883447
KOS-0042,Kos Cilandak 42,Jakarta Selatan,Cilandak,3050000,Putri,20,0,1,1,1,1,1,0,0,3.5,UI Depok,3.0,4.6,23,170,"Kos eksklusif putri area Cilandak! Fasilitas lengkap: kamar mandi dalam, WiFi, listrik termasuk, parkir, dan dapur bersama. Kamar 20m² dengan pencahayaan dan ventilasi optimal. Akses mudah ke pusat bisnis Jakarta Selatan. Penjaga aktif 24 jam, CCTV terpasang di area umum. Hanya 3.5 km ke kampus terdekat. Daftar sekarang!","Sudah 6 tahun tinggal di sini dan tidak mau pindah. WiFi kencang dan stabil. Kamar mandi pribadi sangat nyaman. Lingkungan aman dan nyaman, penghuni dipilih secara selektif.",assets/kos_photos/kos_0042.jpg,-6.314801,106.817293
KOS-0043,Kos Pancoran 43,Jakarta Selatan,Pancoran,2750000,Putra,20,1,1,1,1,1,0,1,1,6.5,Binus,1.8,4.4,24,159,"Tersedia kamar kos putra di kawasan Pancoran, Jakarta Selatan. Luas kamar 20m², fasilitas: AC, kamar mandi dalam, WiFi, listrik termasuk, parkir, laundry, dan security 24 jam. Dekat kampus (6.5 km) dan transportasi umum (1.8 km). Lingkungan tenang, pemilik kos ramah dan responsif. Harga sudah mencakup biaya perawatan fasilitas bersama. Ideal untuk pelajar yang baru merantau.","Sudah 6 bulan di sini, sangat puas! Kamar bersih dan wangi. WiFi kencang dan stabil. AC dingin, tidak berisik. Pemilik kos sigap menangani keluhan. Sangat direkomendasikan!",assets/kos_photos/kos_0043.jpg,-6.271884,106.795298
KOS-0044,Kos Kebayoran Baru 44,Jakarta Selatan,Kebayoran Baru,2850000,Putri,9,1,1,1,1,0,0,1,1,5.6,UI Depok,2.0,4.3,12,161,"Kos bersih dan terawat di Kebayoran Baru, Jakarta Selatan. Kamar putri berukuran 9m² tersedia dengan fasilitas AC, kamar mandi dalam, WiFi, listrik termasuk, laundry, dan security 24 jam. Pengelolaan profesional, kontrak fleksibel per bulan. Jarak 5.6 km dari kampus, 2.0 km dari halte atau stasiun. Survei gratis, hubungi pemilik sekarang!","Lokasi sangat strategis, ke mana-mana mudah dijangkau. WiFi kencang dan stabil. AC dingin, tidak berisik. Harga sangat worth it untuk fasilitasnya. Teman sesama penghuni juga asik.",assets/kos_photos/kos_0044.jpg,-6.257574,106.806634
KOS-0045,Kos Kebayoran Baru 45,Jakarta Selatan,Kebayoran Baru,3200000,Campur,12,1,1,1,1,1,0,0,0,4.3,UI Depok,2.4,4.4,22,115,"Kos campur strategis di Kebayoran Baru, Jakarta Selatan. Kamar 12m² dilengkapi AC, kamar mandi dalam, WiFi, listrik termasuk, dan parkir. Lokasi hanya 4.3 km dari kampus dan 2.4 km dari moda transportasi umum. Suasana bersih, aman, dan nyaman. Cocok untuk mahasiswa maupun pekerja muda yang menginginkan hunian berkualitas dengan harga terjangkau.","Lokasi sangat strategis, ke mana-mana mudah dijangkau. WiFi kencang dan stabil. AC dingin, tidak berisik. Harga sangat worth it untuk fasilitasnya. Teman sesama penghuni juga asik.",assets/kos_photos/kos_0045.jpg,-6.303367,106.798442
KOS-0046,Kos Mampang Prapatan 46,Jakarta Selatan,Mampang Prapatan,3300000,Putri,12,1,1,1,1,1,1,0,1,7.5,Binus,4.7,3.7,25,114,"Hunian nyaman di jantung Jakarta Selatan. Kos putri dengan AC, kamar mandi dalam, WiFi, listrik termasuk, parkir, dapur bersama, dan security 24 jam. Ukuran kamar 12m², cukup untuk bekerja dan beristirahat. Bebas banjir, akses 24 jam. Jarak ke transportasi umum hanya 4.7 km. Cocok untuk profesional muda yang aktif.","Cukup nyaman untuk kebutuhan sehari-hari. WiFi kencang dan stabil. AC dingin, tidak berisik. Harga standar untuk area sini. Cocok untuk yang budget terbatas.",assets/kos_photos/kos_0046.jpg,-6.217302,106.813857
KOS-0047,Kos Kebayoran Baru 47,Jakarta Selatan,Kebayoran Baru,2700000,Campur,9,0,1,1,1,1,0,0,0,3.7,Atmajaya,2.1,4.0,22,166,"Tersedia kamar kos campur di kawasan Kebayoran Baru, Jakarta Selatan. Luas kamar 9m², fasilitas: kamar mandi dalam, WiFi, listrik termasuk, dan parkir. Dekat kampus (3.7 km) dan transportasi umum (2.1 km). Lingkungan tenang, pemilik kos ramah dan responsif. Harga sudah mencakup biaya perawatan fasilitas bersama. Ideal untuk pelajar yang baru merantau.","Sudah 2 bulan di sini, sangat puas! Kamar bersih dan wangi. WiFi kencang dan stabil. Kamar mandi pribadi sangat nyaman. Pemilik kos sigap menangani keluhan. Sangat direkomendasikan!",assets/kos_photos/kos_0047.jpg,-6.273982,106.780976
KOS-0048,Kos Pancoran 48,Jakarta Selatan,Pancoran,2550000,Putri,9,1,0,1,0,1,0,0,0,2.6,Binus,1.2,4.2,24,90,"Kos eksklusif putri area Pancoran! Fasilitas lengkap: AC, WiFi, dan parkir. Kamar 9m² dengan pencahayaan dan ventilasi optimal. Akses mudah ke pusat bisnis Jakarta Selatan. Penjaga aktif 24 jam, CCTV terpasang di area umum. Hanya 2.6 km ke kampus terdekat. Daftar sekarang!","Kos paling nyaman selama kuliah di Jakarta. WiFi kencang dan stabil. AC dingin, tidak berisik. Lingkungan bersih dan aman, tidak pernah ada masalah keamanan. Sangat recommended untuk mahasiswa baru!",assets/kos_photos/kos_0048.jpg,-6.208288,106.790065
KOS-0049,Kos Mampang Prapatan 49,Jakarta Selatan,Mampang Prapatan,2900000,Putra,12,1,1,0,1,0,1,0,0,5.9,Binus,0.5,4.3,21,170,"Hunian nyaman di jantung Jakarta Selatan. Kos putra dengan AC, kamar mandi dalam, listrik termasuk, dan dapur bersama. Ukuran kamar 12m², cukup untuk bekerja dan beristirahat. Bebas banjir, akses 24 jam. Jarak ke transportasi umum hanya 0.5 km. Cocok untuk profesional muda yang aktif.","Lokasi sangat strategis, ke mana-mana mudah dijangkau. AC dingin, tidak berisik. Kamar mandi pribadi sangat nyaman. Harga sangat worth it untuk fasilitasnya. Teman sesama penghuni juga asik.",assets/kos_photos/kos_0049.jpg,-6.284073,106.833889
KOS-0050,Kos Pasar Minggu 50,Jakarta Selatan,Pasar Minggu,1750000,Putra,9,0,0,1,1,1,0,0,1,7.3,Binus,3.4,3.8,12,71,"Kos eksklusif putra area Pasar Minggu! Fasilitas lengkap: WiFi, listrik termasuk, parkir, dan security 24 jam. Kamar 9m² dengan pencahayaan dan ventilasi optimal. Akses mudah ke pusat bisnis Jakarta Selatan. Penjaga aktif 24 jam, CCTV terpasang di area umum. Hanya 7.3 km ke kampus terdekat. Daftar sekarang!",Cukup nyaman untuk kebutuhan sehari-hari. WiFi kencang dan stabil. Keamanan 24 jam membuat tenang. Harga standar untuk area sini. Cocok untuk yang budget terbatas.,assets/kos_photos/kos_0050.jpg,-6.262519,106.79423
KOS-0051,Kos Pasar Minggu 51,Jakarta Selatan,Pasar Minggu,1850000,Putri,9,1,0,0,0,1,1,1,0,3.3,Universitas Pancasila,4.5,3.8,23,129,"Kos bersih dan terawat di Pasar Minggu, Jakarta Selatan. Kamar putri berukuran 9m² tersedia dengan fasilitas AC, parkir, dapur bersama, dan laundry. Pengelolaan profesional, kontrak fleksibel per bulan. Jarak 3.3 km dari kampus, 4.5 km dari halte atau stasiun. Survei gratis, hubungi pemilik sekarang!","Lumayan sesuai harga yang dibayar. AC dingin, tidak berisik. Respons pemilik kadang agak lambat, tapi fasilitas tetap terjaga.",assets/kos_photos/kos_0051.jpg,-6.272875,106.77996
KOS-0052,Kos Pasar Minggu 52,Jakarta Selatan,Pasar Minggu,2850000,Putra,15,1,1,1,1,1,0,0,1,4.4,Universitas Pancasila,2.8,4.9,26,28,"Kos bersih dan terawat di Pasar Minggu, Jakarta Selatan. Kamar putra berukuran 15m² tersedia dengan fasilitas AC, kamar mandi dalam, WiFi, listrik termasuk, parkir, dan security 24 jam. Pengelolaan profesional, kontrak fleksibel per bulan. Jarak 4.4 km dari kampus, 2.8 km dari halte atau stasiun. Survei gratis, hubungi pemilik sekarang!","Lokasi sangat strategis, ke mana-mana mudah dijangkau. WiFi kencang dan stabil. AC dingin, tidak berisik. Harga sangat worth it untuk fasilitasnya. Teman sesama penghuni juga asik.",assets/kos_photos/kos_0052.jpg,-6.222023,106.8146
KOS-0053,Kos Pancoran 53,Jakarta Selatan,Pancoran,3700000,Putri,9,1,1,1,1,1,0,0,1,1.8,UI Depok,4.2,3.8,27,79,"Kos putri strategis di Pancoran, Jakarta Selatan. Kamar 9m² dilengkapi AC, kamar mandi dalam, WiFi, listrik termasuk, parkir, dan security 24 jam. Lokasi hanya 1.8 km dari kampus dan 4.2 km dari moda transportasi umum. Suasana bersih, aman, dan nyaman. Cocok untuk mahasiswa maupun pekerja muda yang menginginkan hunian berkualitas dengan harga terjangkau.","Lumayan sesuai harga yang dibayar. WiFi kencang dan stabil. AC dingin, tidak berisik. Respons pemilik kadang agak lambat, tapi fasilitas tetap terjaga.",assets/kos_photos/kos_0053.jpg,-6.254354,106.84325
KOS-0054,Kos Cilandak 54,Jakarta Selatan,Cilandak,2350000,Putra,9,1,0,1,0,1,1,1,0,9.1,Binus,4.4,4.5,11,177,"Hunian nyaman di jantung Jakarta Selatan. Kos putra dengan AC, WiFi, parkir, dapur bersama, dan laundry. Ukuran kamar 9m², cukup untuk bekerja dan beristirahat. Bebas banjir, akses 24 jam. Jarak ke transportasi umum hanya 4.4 km. Cocok untuk profesional muda yang aktif.","Baru 18 minggu tapi sudah betah banget. WiFi kencang dan stabil. AC dingin, tidak berisik. Air bersih dan lancar, listrik stabil, tidak pernah mati. Harga sepadan.",assets/kos_photos/kos_0054.jpg,-6.233843,106.821319
KOS-0055,Kos Pancoran 55,Jakarta Selatan,Pancoran,2600000,Putra,12,1,0,1,0,0,1,0,1,3.2,Atmajaya,1.9,4.3,6,115,"Kos bersih dan terawat di Pancoran, Jakarta Selatan. Kamar putra berukuran 12m² tersedia dengan fasilitas AC, WiFi, dapur bersama, dan security 24 jam. Pengelolaan profesional, kontrak fleksibel per bulan. Jarak 3.2 km dari kampus, 1.9 km dari halte atau stasiun. Survei gratis, hubungi pemilik sekarang!","Lokasi sangat strategis, ke mana-mana mudah dijangkau. WiFi kencang dan stabil. AC dingin, tidak berisik. Harga sangat worth it untuk fasilitasnya. Teman sesama penghuni juga asik.",assets/kos_photos/kos_0055.jpg,-6.256919,106.779988
KOS-0056,Kos Mampang Prapatan 56,Jakarta Selatan,Mampang Prapatan,2450000,Putri,12,1,1,1,0,0,0,0,1,7.8,Universitas Pancasila,0.7,4.2,15,46,"Kos putri strategis di Mampang Prapatan, Jakarta Selatan. Kamar 12m² dilengkapi AC, kamar mandi dalam, WiFi, dan security 24 jam. Lokasi hanya 7.8 km dari kampus dan 0.7 km dari moda transportasi umum. Suasana bersih, aman, dan nyaman. Cocok untuk mahasiswa maupun pekerja muda yang menginginkan hunian berkualitas dengan harga terjangkau.","Baru 3 minggu tapi sudah betah banget. WiFi kencang dan stabil. AC dingin, tidak berisik. Air bersih dan lancar, listrik stabil, tidak pernah mati. Harga sepadan.",assets/kos_photos/kos_0056.jpg,-6.218408,106.806112
KOS-0057,Kos Pesanggrahan 57,Jakarta Selatan,Pesanggrahan,2050000,Campur,9,0,1,1,1,0,0,0,0,9.5,Atmajaya,2.3,4.8,12,153,"Tersedia kamar kos campur di kawasan Pesanggrahan, Jakarta Selatan. Luas kamar 9m², fasilitas: kamar mandi dalam, WiFi, dan listrik termasuk. Dekat kampus (9.5 km) dan transportasi umum (2.3 km). Lingkungan tenang, pemilik kos ramah dan responsif. Harga sudah mencakup biaya perawatan fasilitas bersama. Ideal untuk pelajar yang baru merantau.","Lokasi sangat strategis, ke mana-mana mudah dijangkau. WiFi kencang dan stabil. Kamar mandi pribadi sangat nyaman. Harga sangat worth it untuk fasilitasnya. Teman sesama penghuni juga asik.",assets/kos_photos/kos_0057.jpg,-6.224964,106.782924
KOS-0058,Kos Pancoran 58,Jakarta Selatan,Pancoran,2850000,Putra,15,1,1,1,0,1,0,1,1,9.3,Atmajaya,1.1,3.6,25,141,"Hunian nyaman di jantung Jakarta Selatan. Kos putra dengan AC, kamar mandi dalam, WiFi, parkir, laundry, dan security 24 jam. Ukuran kamar 15m², cukup untuk bekerja dan beristirahat. Bebas banjir, akses 24 jam. Jarak ke transportasi umum hanya 1.1 km. Cocok untuk profesional muda yang aktif.","Oke secara keseluruhan. WiFi kencang dan stabil. AC dingin, tidak berisik. Ada plus minusnya, tapi tidak mengecewakan. Lumayan untuk jangka panjang.",assets/kos_photos/kos_0058.jpg,-6.271365,106.810472
KOS-0059,Kos Pasar Minggu 59,Jakarta Selatan,Pasar Minggu,2600000,Putra,12,1,1,1,0,1,1,0,1,2.7,Atmajaya,0.8,4.0,27,112,"Tersedia kamar kos putra di kawasan Pasar Minggu, Jakarta Selatan. Luas kamar 12m², fasilitas: AC, kamar mandi dalam, WiFi, parkir, dapur bersama, dan security 24 jam. Dekat kampus (2.7 km) dan transportasi umum (0.8 km). Lingkungan tenang, pemilik kos ramah dan responsif. Harga sudah mencakup biaya perawatan fasilitas bersama. Ideal untuk pelajar yang baru merantau.","Sudah 2 bulan di sini, sangat puas! Kamar bersih dan wangi. WiFi kencang dan stabil. AC dingin, tidak berisik. Pemilik kos sigap menangani keluhan. Sangat direkomendasikan!",assets/kos_photos/kos_0059.jpg,-6.253061,106.845787
KOS-0060,Kos Jagakarsa 60,Jakarta Selatan,Jagakarsa,3100000,Putra,18,1,1,1,0,1,1,0,0,0.7,Binus,4.4,4.7,11,33,"Hunian nyaman di jantung Jakarta Selatan. Kos putra dengan AC, kamar mandi dalam, WiFi, parkir, dan dapur bersama. Ukuran kamar 18m², cukup untuk bekerja dan beristirahat. Bebas banjir, akses 24 jam. Jarak ke transportasi umum hanya 4.4 km. Cocok untuk profesional muda yang aktif.","Sudah 12 tahun tinggal di sini dan tidak mau pindah. WiFi kencang dan stabil. AC dingin, tidak berisik. Lingkungan aman dan nyaman, penghuni dipilih secara selektif.",assets/kos_photos/kos_0060.jpg,-6.312754,106.809382
KOS-0061,Kos Pancoran 61,Jakarta Selatan,Pancoran,2950000,Putri,9,1,1,1,1,1,1,0,1,1.5,Universitas Pancasila,1.9,3.9,29,197,"Kos bersih dan terawat di Pancoran, Jakarta Selatan. Kamar putri berukuran 9m² tersedia dengan fasilitas AC, kamar mandi dalam, WiFi, listrik termasuk, parkir, dapur bersama, dan security 24 jam. Pengelolaan profesional, kontrak fleksibel per bulan. Jarak 1.5 km dari kampus, 1.9 km dari halte atau stasiun. Survei gratis, hubungi pemilik sekarang!","Lumayan sesuai harga yang dibayar. WiFi kencang dan stabil. AC dingin, tidak berisik. Respons pemilik kadang agak lambat, tapi fasilitas tetap terjaga.",assets/kos_photos/kos_0061.jpg,-6.29197,106.788646
KOS-0062,Kos Kebayoran Lama 62,Jakarta Selatan,Kebayoran Lama,2950000,Putri,18,1,1,1,1,0,1,1,0,9.5,Universitas Pancasila,2.4,5.0,12,97,"Hunian nyaman di jantung Jakarta Selatan. Kos putri dengan AC, kamar mandi dalam, WiFi, listrik termasuk, dapur bersama, dan laundry. Ukuran kamar 18m², cukup untuk bekerja dan beristirahat. Bebas banjir, akses 24 jam. Jarak ke transportasi umum hanya 2.4 km. Cocok untuk profesional muda yang aktif.","Kos paling nyaman selama kuliah di Jakarta. WiFi kencang dan stabil. AC dingin, tidak berisik. Lingkungan bersih dan aman, tidak pernah ada masalah keamanan. Sangat recommended untuk mahasiswa baru!",assets/kos_photos/kos_0062.jpg,-6.29466,106.811366
KOS-0063,Kos Cilandak 63,Jakarta Selatan,Cilandak,3100000,Putra,24,1,1,1,0,0,0,1,0,8.9,Binus,4.7,4.1,22,66,"Kos bersih dan terawat di Cilandak, Jakarta Selatan. Kamar putra berukuran 24m² tersedia dengan fasilitas AC, kamar mandi dalam, WiFi, dan laundry. Pengelolaan profesional, kontrak fleksibel per bulan. Jarak 8.9 km dari kampus, 4.7 km dari halte atau stasiun. Survei gratis, hubungi pemilik sekarang!","Lokasi sangat strategis, ke mana-mana mudah dijangkau. WiFi kencang dan stabil. AC dingin, tidak berisik. Harga sangat worth it untuk fasilitasnya. Teman sesama penghuni juga asik.",assets/kos_photos/kos_0063.jpg,-6.249287,106.798496
KOS-0064,Kos Pancoran 64,Jakarta Selatan,Pancoran,3150000,Campur,9,0,1,1,0,1,0,0,0,1.7,UI Depok,4.5,4.7,12,9,"Kos eksklusif campur area Pancoran! Fasilitas lengkap: kamar mandi dalam, WiFi, dan parkir. Kamar 9m² dengan pencahayaan dan ventilasi optimal. Akses mudah ke pusat bisnis Jakarta Selatan. Penjaga aktif 24 jam, CCTV terpasang di area umum. Hanya 1.7 km ke kampus terdekat. Daftar sekarang!","Kos paling nyaman selama kuliah di Jakarta. WiFi kencang dan stabil. Kamar mandi pribadi sangat nyaman. Lingkungan bersih dan aman, tidak pernah ada masalah keamanan. Sangat recommended untuk mahasiswa baru!",assets/kos_photos/kos_0064.jpg,-6.248047,106.844035
KOS-0065,Kos Tebet 65,Jakarta Selatan,Tebet,2850000,Putra,18,1,0,1,1,1,0,0,1,5.2,Universitas Pancasila,2.5,4.0,6,95,"Kos eksklusif putra area Tebet! Fasilitas lengkap: AC, WiFi, listrik termasuk, parkir, dan security 24 jam. Kamar 18m² dengan pencahayaan dan ventilasi optimal. Akses mudah ke pusat bisnis Jakarta Selatan. Penjaga aktif 24 jam, CCTV terpasang di area umum. Hanya 5.2 km ke kampus terdekat. Daftar sekarang!","Kos paling nyaman selama kuliah di Jakarta. WiFi kencang dan stabil. AC dingin, tidak berisik. Lingkungan bersih dan aman, tidak pernah ada masalah keamanan. Sangat recommended untuk mahasiswa baru!",assets/kos_photos/kos_0065.jpg,-6.278899,106.805004
KOS-0066,Kos Pancoran 66,Jakarta Selatan,Pancoran,3600000,Putri,15,1,1,1,1,1,1,1,1,7.7,Binus,1.0,3.5,27,142,"Hunian nyaman di jantung Jakarta Selatan. Kos putri dengan AC, kamar mandi dalam, WiFi, listrik termasuk, parkir, dapur bersama, laundry, dan security 24 jam. Ukuran kamar 15m², cukup untuk bekerja dan beristirahat. Bebas banjir, akses 24 jam. Jarak ke transportasi umum hanya 1.0 km. Cocok untuk profesional muda yang aktif.","Lumayan sesuai harga yang dibayar. WiFi kencang dan stabil. AC dingin, tidak berisik. Respons pemilik kadang agak lambat, tapi fasilitas tetap terjaga.",assets/kos_photos/kos_0066.jpg,-6.28861,106.812862
KOS-0067,Kos Kebayoran Lama 67,Jakarta Selatan,Kebayoran Lama,2750000,Campur,15,1,0,1,1,1,0,0,1,3.0,Binus,3.2,3.7,11,67,"Kos campur strategis di Kebayoran Lama, Jakarta Selatan. Kamar 15m² dilengkapi AC, WiFi, listrik termasuk, parkir, dan security 24 jam. Lokasi hanya 3.0 km dari kampus dan 3.2 km dari moda transportasi umum. Suasana bersih, aman, dan nyaman. Cocok untuk mahasiswa maupun pekerja muda yang menginginkan hunian berkualitas dengan harga terjangkau.","Lumayan sesuai harga yang dibayar. WiFi kencang dan stabil. AC dingin, tidak berisik. Respons pemilik kadang agak lambat, tapi fasilitas tetap terjaga.",assets/kos_photos/kos_0067.jpg,-6.198563,106.857521
KOS-0068,Kos Kebayoran Lama 68,Jakarta Selatan,Kebayoran Lama,3300000,Putra,15,0,1,1,0,1,1,0,1,0.9,Universitas Pancasila,4.4,4.6,7,129,"Kos bersih dan terawat di Kebayoran Lama, Jakarta Selatan. Kamar putra berukuran 15m² tersedia dengan fasilitas kamar mandi dalam, WiFi, parkir, dapur bersama, dan security 24 jam. Pengelolaan profesional, kontrak fleksibel per bulan. Jarak 0.9 km dari kampus, 4.4 km dari halte atau stasiun. Survei gratis, hubungi pemilik sekarang!","Sudah 2 tahun tinggal di sini dan tidak mau pindah. WiFi kencang dan stabil. Kamar mandi pribadi sangat nyaman. Lingkungan aman dan nyaman, penghuni dipilih secara selektif.",assets/kos_photos/kos_0068.jpg,-6.298086,106.795832
KOS-0069,Kos Jagakarsa 69,Jakarta Selatan,Jagakarsa,2800000,Campur,9,0,1,1,1,0,0,0,1,8.6,Binus,2.7,4.8,19,88,"Tersedia kamar kos campur di kawasan Jagakarsa, Jakarta Selatan. Luas kamar 9m², fasilitas: kamar mandi dalam, WiFi, listrik termasuk, dan security 24 jam. Dekat kampus (8.6 km) dan transportasi umum (2.7 km). Lingkungan tenang, pemilik kos ramah dan responsif. Harga sudah mencakup biaya perawatan fasilitas bersama. Ideal untuk pelajar yang baru merantau.","Baru 8 minggu tapi sudah betah banget. WiFi kencang dan stabil. Kamar mandi pribadi sangat nyaman. Air bersih dan lancar, listrik stabil, tidak pernah mati. Harga sepadan.",assets/kos_photos/kos_0069.jpg,-6.231354,106.792373
KOS-0070,Kos Cilandak 70,Jakarta Selatan,Cilandak,3000000,Putri,12,0,1,1,0,1,1,1,1,3.5,UI Depok,1.7,3.8,21,28,"Tersedia kamar kos putri di kawasan Cilandak, Jakarta Selatan. Luas kamar 12m², fasilitas: kamar mandi dalam, WiFi, parkir, dapur bersama, laundry, dan security 24 jam. Dekat kampus (3.5 km) dan transportasi umum (1.7 km). Lingkungan tenang, pemilik kos ramah dan responsif. Harga sudah mencakup biaya perawatan fasilitas bersama. Ideal untuk pelajar yang baru merantau.","Lumayan sesuai harga yang dibayar. WiFi kencang dan stabil. Kamar mandi pribadi sangat nyaman. Respons pemilik kadang agak lambat, tapi fasilitas tetap terjaga.",assets/kos_photos/kos_0070.jpg,-6.265567,106.78404
KOS-0071,Kos Tebet 71,Jakarta Selatan,Tebet,3750000,Putri,15,1,1,1,0,1,1,1,1,1.7,Binus,0.4,4.7,29,21,"Kos putri strategis di Tebet, Jakarta Selatan. Kamar 15m² dilengkapi AC, kamar mandi dalam, WiFi, parkir, dapur bersama, laundry, dan security 24 jam. Lokasi hanya 1.7 km dari kampus dan 0.4 km dari moda transportasi umum. Suasana bersih, aman, dan nyaman. Cocok untuk mahasiswa maupun pekerja muda yang menginginkan hunian berkualitas dengan harga terjangkau.","Lokasi sangat strategis, ke mana-mana mudah dijangkau. WiFi kencang dan stabil. AC dingin, tidak berisik. Harga sangat worth it untuk fasilitasnya. Teman sesama penghuni juga asik.",assets/kos_photos/kos_0071.jpg,-6.206224,106.797364
KOS-0072,Kos Kebayoran Baru 72,Jakarta Selatan,Kebayoran Baru,2650000,Putri,9,1,0,1,0,1,0,1,0,1.2,UI Depok,2.1,3.9,17,37,"Kos eksklusif putri area Kebayoran Baru! Fasilitas lengkap: AC, WiFi, parkir, dan laundry. Kamar 9m² dengan pencahayaan dan ventilasi optimal. Akses mudah ke pusat bisnis Jakarta Selatan. Penjaga aktif 24 jam, CCTV terpasang di area umum. Hanya 1.2 km ke kampus terdekat. Daftar sekarang!","Cukup nyaman untuk kebutuhan sehari-hari. WiFi kencang dan stabil. AC dingin, tidak berisik. Harga standar untuk area sini. Cocok untuk yang budget terbatas.",assets/kos_photos/kos_0072.jpg,-6.263857,106.766657
KOS-0073,Kos Cilandak 73,Jakarta Selatan,Cilandak,2150000,Putra,12,1,1,1,0,0,0,0,1,7.9,UI Depok,4.7,4.8,5,120,"Kos bersih dan terawat di Cilandak, Jakarta Selatan. Kamar putra berukuran 12m² tersedia dengan fasilitas AC, kamar mandi dalam, WiFi, dan security 24 jam. Pengelolaan profesional, kontrak fleksibel per bulan. Jarak 7.9 km dari kampus, 4.7 km dari halte atau stasiun. Survei gratis, hubungi pemilik sekarang!","Baru 18 minggu tapi sudah betah banget. WiFi kencang dan stabil. AC dingin, tidak berisik. Air bersih dan lancar, listrik stabil, tidak pernah mati. Harga sepadan.",assets/kos_photos/kos_0073.jpg,-6.208269,106.778414
KOS-0074,Kos Setiabudi 74,Jakarta Selatan,Setiabudi,2300000,Putri,15,1,0,1,1,1,0,0,0,0.8,Universitas Pancasila,4.7,4.6,12,182,"Kos bersih dan terawat di Setiabudi, Jakarta Selatan. Kamar putri berukuran 15m² tersedia dengan fasilitas AC, WiFi, listrik termasuk, dan parkir. Pengelolaan profesional, kontrak fleksibel per bulan. Jarak 0.8 km dari kampus, 4.7 km dari halte atau stasiun. Survei gratis, hubungi pemilik sekarang!","Kos paling nyaman selama kuliah di Jakarta. WiFi kencang dan stabil. AC dingin, tidak berisik. Lingkungan bersih dan aman, tidak pernah ada masalah keamanan. Sangat recommended untuk mahasiswa baru!",assets/kos_photos/kos_0074.jpg,-6.188873,106.781311
KOS-0075,Kos Kebayoran Baru 75,Jakarta Selatan,Kebayoran Baru,3000000,Putri,15,1,1,0,1,1,1,0,1,1.3,Atmajaya,0.5,4.8,23,104,"Tersedia kamar kos putri di kawasan Kebayoran Baru, Jakarta Selatan. Luas kamar 15m², fasilitas: AC, kamar mandi dalam, listrik termasuk, parkir, dapur bersama, dan security 24 jam. Dekat kampus (1.3 km) dan transportasi umum (0.5 km). Lingkungan tenang, pemilik kos ramah dan responsif. Harga sudah mencakup biaya perawatan fasilitas bersama. Ideal untuk pelajar yang baru merantau.","Lokasi sangat strategis, ke mana-mana mudah dijangkau. AC dingin, tidak berisik. Kamar mandi pribadi sangat nyaman. Harga sangat worth it untuk fasilitasnya. Teman sesama penghuni juga asik.",assets/kos_photos/kos_0075.jpg,-6.252961,106.853817
KOS-0076,Kos Mampang Prapatan 76,Jakarta Selatan,Mampang Prapatan,2550000,Putri,9,1,1,0,0,0,1,0,1,4.3,Binus,1.3,4.8,21,163,"Kos putri strategis di Mampang Prapatan, Jakarta Selatan. Kamar 9m² dilengkapi AC, kamar mandi dalam, dapur bersama, dan security 24 jam. Lokasi hanya 4.3 km dari kampus dan 1.3 km dari moda transportasi umum. Suasana bersih, aman, dan nyaman. Cocok untuk mahasiswa maupun pekerja muda yang menginginkan hunian berkualitas dengan harga terjangkau.","Sudah 3 bulan di sini, sangat puas! Kamar bersih dan wangi. AC dingin, tidak berisik. Kamar mandi pribadi sangat nyaman. Pemilik kos sigap menangani keluhan. Sangat direkomendasikan!",assets/kos_photos/kos_0076.jpg,-6.242067,106.821469
KOS-0077,Kos Setiabudi 77,Jakarta Selatan,Setiabudi,3200000,Putri,15,1,1,1,0,1,0,1,1,5.1,Binus,4.4,3.9,23,129,"Kos eksklusif putri area Setiabudi! Fasilitas lengkap: AC, kamar mandi dalam, WiFi, parkir, laundry, dan security 24 jam. Kamar 15m² dengan pencahayaan dan ventilasi optimal. Akses mudah ke pusat bisnis Jakarta Selatan. Penjaga aktif 24 jam, CCTV terpasang di area umum. Hanya 5.1 km ke kampus terdekat. Daftar sekarang!","Cukup nyaman untuk kebutuhan sehari-hari. WiFi kencang dan stabil. AC dingin, tidak berisik. Harga standar untuk area sini. Cocok untuk yang budget terbatas.",assets/kos_photos/kos_0077.jpg,-6.264846,106.776228
KOS-0078,Kos Pasar Minggu 78,Jakarta Selatan,Pasar Minggu,2300000,Campur,9,1,1,1,0,1,1,0,0,8.6,Atmajaya,2.6,4.2,28,88,"Kos campur strategis di Pasar Minggu, Jakarta Selatan. Kamar 9m² dilengkapi AC, kamar mandi dalam, WiFi, parkir, dan dapur bersama. Lokasi hanya 8.6 km dari kampus dan 2.6 km dari moda transportasi umum. Suasana bersih, aman, dan nyaman. Cocok untuk mahasiswa maupun pekerja muda yang menginginkan hunian berkualitas dengan harga terjangkau.","Kos paling nyaman selama kuliah di Jakarta. WiFi kencang dan stabil. AC dingin, tidak berisik. Lingkungan bersih dan aman, tidak pernah ada masalah keamanan. Sangat recommended untuk mahasiswa baru!",assets/kos_photos/kos_0078.jpg,-6.255696,106.796717
KOS-0079,Kos Tebet 79,Jakarta Selatan,Tebet,2600000,Putri,9,0,1,1,0,1,0,0,1,2.7,Binus,4.4,4.2,16,109,"Kos bersih dan terawat di Tebet, Jakarta Selatan. Kamar putri berukuran 9m² tersedia dengan fasilitas kamar mandi dalam, WiFi, parkir, dan security 24 jam. Pengelolaan profesional, kontrak fleksibel per bulan. Jarak 2.7 km dari kampus, 4.4 km dari halte atau stasiun. Survei gratis, hubungi pemilik sekarang!","Lokasi sangat strategis, ke mana-mana mudah dijangkau. WiFi kencang dan stabil. Kamar mandi pribadi sangat nyaman. Harga sangat worth it untuk fasilitasnya. Teman sesama penghuni juga asik.",assets/kos_photos/kos_0079.jpg,-6.236182,106.814486
KOS-0080,Kos Pancoran 80,Jakarta Selatan,Pancoran,3000000,Putri,15,1,1,1,0,1,0,0,0,7.2,Binus,2.3,4.3,24,82,"Kos eksklusif putri area Pancoran! Fasilitas lengkap: AC, kamar mandi dalam, WiFi, dan parkir. Kamar 15m² dengan pencahayaan dan ventilasi optimal. Akses mudah ke pusat bisnis Jakarta Selatan. Penjaga aktif 24 jam, CCTV terpasang di area umum. Hanya 7.2 km ke kampus terdekat. Daftar sekarang!","Kos paling nyaman selama kuliah di Jakarta. WiFi kencang dan stabil. AC dingin, tidak berisik. Lingkungan bersih dan aman, tidak pernah ada masalah keamanan. Sangat recommended untuk mahasiswa baru!",assets/kos_photos/kos_0080.jpg,-6.261498,106.792561
KOS-0081,Kos Tebet 81,Jakarta Selatan,Tebet,2300000,Putri,15,0,0,0,1,0,0,0,0,4.3,Atmajaya,2.5,4.0,29,188,"Hunian nyaman di jantung Jakarta Selatan. Kos putri dengan listrik termasuk. Ukuran kamar 15m², cukup untuk bekerja dan beristirahat. Bebas banjir, akses 24 jam. Jarak ke transportasi umum hanya 2.5 km. Cocok untuk profesional muda yang aktif.","Kos paling nyaman selama kuliah di Jakarta. Fasilitas standar terpenuhi. Lingkungan bersih dan aman, tidak pernah ada masalah keamanan. Sangat recommended untuk mahasiswa baru!",assets/kos_photos/kos_0081.jpg,-6.263932,106.862929
KOS-0082,Kos Tebet 82,Jakarta Selatan,Tebet,3050000,Putra,15,1,1,0,0,0,1,1,0,2.0,Binus,1.3,4.5,27,175,"Kos eksklusif putra area Tebet! Fasilitas lengkap: AC, kamar mandi dalam, dapur bersama, dan laundry. Kamar 15m² dengan pencahayaan dan ventilasi optimal. Akses mudah ke pusat bisnis Jakarta Selatan. Penjaga aktif 24 jam, CCTV terpasang di area umum. Hanya 2.0 km ke kampus terdekat. Daftar sekarang!","Sudah 18 bulan di sini, sangat puas! Kamar bersih dan wangi. AC dingin, tidak berisik. Kamar mandi pribadi sangat nyaman. Pemilik kos sigap menangani keluhan. Sangat direkomendasikan!",assets/kos_photos/kos_0082.jpg,-6.280576,106.78279
KOS-0083,Kos Setiabudi 83,Jakarta Selatan,Setiabudi,2700000,Putri,20,0,0,1,1,1,0,1,1,8.4,Atmajaya,3.4,3.7,10,77,"Hunian nyaman di jantung Jakarta Selatan. Kos putri dengan WiFi, listrik termasuk, parkir, laundry, dan security 24 jam. Ukuran kamar 20m², cukup untuk bekerja dan beristirahat. Bebas banjir, akses 24 jam. Jarak ke transportasi umum hanya 3.4 km. Cocok untuk profesional muda yang aktif.",Cukup nyaman untuk kebutuhan sehari-hari. WiFi kencang dan stabil. Keamanan 24 jam membuat tenang. Harga standar untuk area sini. Cocok untuk yang budget terbatas.,assets/kos_photos/kos_0083.jpg,-6.254931,106.822604
KOS-0084,Kos Pancoran 84,Jakarta Selatan,Pancoran,2950000,Putri,18,1,1,1,1,1,1,0,0,7.7,Atmajaya,4.0,3.7,26,93,"Kos bersih dan terawat di Pancoran, Jakarta Selatan. Kamar putri berukuran 18m² tersedia dengan fasilitas AC, kamar mandi dalam, WiFi, listrik termasuk, parkir, dan dapur bersama. Pengelolaan profesional, kontrak fleksibel per bulan. Jarak 7.7 km dari kampus, 4.0 km dari halte atau stasiun. Survei gratis, hubungi pemilik sekarang!","Cukup nyaman untuk kebutuhan sehari-hari. WiFi kencang dan stabil. AC dingin, tidak berisik. Harga standar untuk area sini. Cocok untuk yang budget terbatas.",assets/kos_photos/kos_0084.jpg,-6.250139,106.782839
KOS-0085,Kos Kebayoran Lama 85,Jakarta Selatan,Kebayoran Lama,2450000,Putra,9,1,0,1,1,1,0,0,0,6.2,Universitas Pancasila,3.4,4.1,12,198,"Hunian nyaman di jantung Jakarta Selatan. Kos putra dengan AC, WiFi, listrik termasuk, dan parkir. Ukuran kamar 9m², cukup untuk bekerja dan beristirahat. Bebas banjir, akses 24 jam. Jarak ke transportasi umum hanya 3.4 km. Cocok untuk profesional muda yang aktif.","Baru 18 minggu tapi sudah betah banget. WiFi kencang dan stabil. AC dingin, tidak berisik. Air bersih dan lancar, listrik stabil, tidak pernah mati. Harga sepadan.",assets/kos_photos/kos_0085.jpg,-6.254907,106.811912
KOS-0086,Kos Cilandak 86,Jakarta Selatan,Cilandak,2800000,Putri,15,1,1,0,0,1,0,0,0,7.3,Universitas Pancasila,2.7,4.8,25,147,"Kos putri strategis di Cilandak, Jakarta Selatan. Kamar 15m² dilengkapi AC, kamar mandi dalam, dan parkir. Lokasi hanya 7.3 km dari kampus dan 2.7 km dari moda transportasi umum. Suasana bersih, aman, dan nyaman. Cocok untuk mahasiswa maupun pekerja muda yang menginginkan hunian berkualitas dengan harga terjangkau.","Sudah 24 tahun tinggal di sini dan tidak mau pindah. AC dingin, tidak berisik. Kamar mandi pribadi sangat nyaman. Lingkungan aman dan nyaman, penghuni dipilih secara selektif.",assets/kos_photos/kos_0086.jpg,-6.267799,106.814414
KOS-0087,Kos Pesanggrahan 87,Jakarta Selatan,Pesanggrahan,2100000,Putri,20,1,0,0,0,0,0,0,1,5.6,Universitas Pancasila,3.0,4.1,17,94,"Hunian nyaman di jantung Jakarta Selatan. Kos putri dengan AC dan security 24 jam. Ukuran kamar 20m², cukup untuk bekerja dan beristirahat. Bebas banjir, akses 24 jam. Jarak ke transportasi umum hanya 3.0 km. Cocok untuk profesional muda yang aktif.","Baru 3 minggu tapi sudah betah banget. AC dingin, tidak berisik. Keamanan 24 jam membuat tenang. Air bersih dan lancar, listrik stabil, tidak pernah mati. Harga sepadan.",assets/kos_photos/kos_0087.jpg,-6.325666,106.804679
KOS-0088,Kos Pesanggrahan 88,Jakarta Selatan,Pesanggrahan,2500000,Campur,12,1,0,1,1,0,0,1,0,1.3,Atmajaya,4.1,3.7,17,154,"Tersedia kamar kos campur di kawasan Pesanggrahan, Jakarta Selatan. Luas kamar 12m², fasilitas: AC, WiFi, listrik termasuk, dan laundry. Dekat kampus (1.3 km) dan transportasi umum (4.1 km). Lingkungan tenang, pemilik kos ramah dan responsif. Harga sudah mencakup biaya perawatan fasilitas bersama. Ideal untuk pelajar yang baru merantau.","Cukup nyaman untuk kebutuhan sehari-hari. WiFi kencang dan stabil. AC dingin, tidak berisik. Harga standar untuk area sini. Cocok untuk yang budget terbatas.",assets/kos_photos/kos_0088.jpg,-6.270798,106.766682
KOS-0089,Kos Cilandak 89,Jakarta Selatan,Cilandak,3400000,Putri,9,1,1,1,1,0,0,1,1,3.4,Universitas Pancasila,3.7,4.7,23,187,"Kos eksklusif putri area Cilandak! Fasilitas lengkap: AC, kamar mandi dalam, WiFi, listrik termasuk, laundry, dan security 24 jam. Kamar 9m² dengan pencahayaan dan ventilasi optimal. Akses mudah ke pusat bisnis Jakarta Selatan. Penjaga aktif 24 jam, CCTV terpasang di area umum. Hanya 3.4 km ke kampus terdekat. Daftar sekarang!","Lokasi sangat strategis, ke mana-mana mudah dijangkau. WiFi kencang dan stabil. AC dingin, tidak berisik. Harga sangat worth it untuk fasilitasnya. Teman sesama penghuni juga asik.",assets/kos_photos/kos_0089.jpg,-6.218316,106.772253
KOS-0090,Kos Tebet 90,Jakarta Selatan,Tebet,1650000,Putra,15,0,0,1,0,1,0,0,0,2.9,UI Depok,3.2,3.9,11,150,"Tersedia kamar kos putra di kawasan Tebet, Jakarta Selatan. Luas kamar 15m², fasilitas: WiFi dan parkir. Dekat kampus (2.9 km) dan transportasi umum (3.2 km). Lingkungan tenang, pemilik kos ramah dan responsif. Harga sudah mencakup biaya perawatan fasilitas bersama. Ideal untuk pelajar yang baru merantau.",Cukup nyaman untuk kebutuhan sehari-hari. WiFi kencang dan stabil. Harga standar untuk area sini. Cocok untuk yang budget terbatas.,assets/kos_photos/kos_0090.jpg,-6.263033,106.784278
KOS-0091,Kos Pasar Minggu 91,Jakarta Selatan,Pasar Minggu,2750000,Campur,15,1,1,1,0,1,1,0,0,3.0,UI Depok,3.3,4.1,10,17,"Kos bersih dan terawat di Pasar Minggu, Jakarta Selatan. Kamar campur berukuran 15m² tersedia dengan fasilitas AC, kamar mandi dalam, WiFi, parkir, dan dapur bersama. Pengelolaan profesional, kontrak fleksibel per bulan. Jarak 3.0 km dari kampus, 3.3 km dari halte atau stasiun. Survei gratis, hubungi pemilik sekarang!","Kos paling nyaman selama kuliah di Jakarta. WiFi kencang dan stabil. AC dingin, tidak berisik. Lingkungan bersih dan aman, tidak pernah ada masalah keamanan. Sangat recommended untuk mahasiswa baru!",assets/kos_photos/kos_0091.jpg,-6.228999,106.825166
KOS-0092,Kos Pancoran 92,Jakarta Selatan,Pancoran,2800000,Putri,9,1,1,0,1,0,0,0,0,1.0,Universitas Pancasila,2.0,4.2,24,154,"Tersedia kamar kos putri di kawasan Pancoran, Jakarta Selatan. Luas kamar 9m², fasilitas: AC, kamar mandi dalam, dan listrik termasuk. Dekat kampus (1.0 km) dan transportasi umum (2.0 km). Lingkungan tenang, pemilik kos ramah dan responsif. Harga sudah mencakup biaya perawatan fasilitas bersama. Ideal untuk pelajar yang baru merantau.","Kos paling nyaman selama kuliah di Jakarta. AC dingin, tidak berisik. Kamar mandi pribadi sangat nyaman. Lingkungan bersih dan aman, tidak pernah ada masalah keamanan. Sangat recommended untuk mahasiswa baru!",assets/kos_photos/kos_0092.jpg,-6.250523,106.854198
KOS-0093,Kos Setiabudi 93,Jakarta Selatan,Setiabudi,2050000,Putra,15,1,0,1,0,1,0,0,1,8.1,Universitas Pancasila,4.7,3.7,9,108,"Hunian nyaman di jantung Jakarta Selatan. Kos putra dengan AC, WiFi, parkir, dan security 24 jam. Ukuran kamar 15m², cukup untuk bekerja dan beristirahat. Bebas banjir, akses 24 jam. Jarak ke transportasi umum hanya 4.7 km. Cocok untuk profesional muda yang aktif.","Oke secara keseluruhan. WiFi kencang dan stabil. AC dingin, tidak berisik. Ada plus minusnya, tapi tidak mengecewakan. Lumayan untuk jangka panjang.",assets/kos_photos/kos_0093.jpg,-6.2408,106.803186
KOS-0094,Kos Mampang Prapatan 94,Jakarta Selatan,Mampang Prapatan,2850000,Putri,15,1,1,1,1,0,1,0,1,0.8,UI Depok,1.7,3.6,29,197,"Tersedia kamar kos putri di kawasan Mampang Prapatan, Jakarta Selatan. Luas kamar 15m², fasilitas: AC, kamar mandi dalam, WiFi, listrik termasuk, dapur bersama, dan security 24 jam. Dekat kampus (0.8 km) dan transportasi umum (1.7 km). Lingkungan tenang, pemilik kos ramah dan responsif. Harga sudah mencakup biaya perawatan fasilitas bersama. Ideal untuk pelajar yang baru merantau.","Oke secara keseluruhan. WiFi kencang dan stabil. AC dingin, tidak berisik. Ada plus minusnya, tapi tidak mengecewakan. Lumayan untuk jangka panjang.",assets/kos_photos/kos_0094.jpg,-6.23676,106.781142
KOS-0095,Kos Pasar Minggu 95,Jakarta Selatan,Pasar Minggu,3300000,Putra,20,1,1,1,1,1,0,1,1,1.6,Atmajaya,4.1,4.8,10,84,"Hunian nyaman di jantung Jakarta Selatan. Kos putra dengan AC, kamar mandi dalam, WiFi, listrik termasuk, parkir, laundry, dan security 24 jam. Ukuran kamar 20m², cukup untuk bekerja dan beristirahat. Bebas banjir, akses 24 jam. Jarak ke transportasi umum hanya 4.1 km. Cocok untuk profesional muda yang aktif.","Sudah 12 bulan di sini, sangat puas! Kamar bersih dan wangi. WiFi kencang dan stabil. AC dingin, tidak berisik. Pemilik kos sigap menangani keluhan. Sangat direkomendasikan!",assets/kos_photos/kos_0095.jpg,-6.266266,106.839881
KOS-0096,Kos Jagakarsa 96,Jakarta Selatan,Jagakarsa,2400000,Campur,9,1,0,1,0,1,0,1,1,8.7,Atmajaya,4.6,4.6,24,173,"Hunian nyaman di jantung Jakarta Selatan. Kos campur dengan AC, WiFi, parkir, laundry, dan security 24 jam. Ukuran kamar 9m², cukup untuk bekerja dan beristirahat. Bebas banjir, akses 24 jam. Jarak ke transportasi umum hanya 4.6 km. Cocok untuk profesional muda yang aktif.","Baru 2 minggu tapi sudah betah banget. WiFi kencang dan stabil. AC dingin, tidak berisik. Air bersih dan lancar, listrik stabil, tidak pernah mati. Harga sepadan.",assets/kos_photos/kos_0096.jpg,-6.243231,106.771299
KOS-0097,Kos Cilandak 97,Jakarta Selatan,Cilandak,1700000,Putri,12,0,0,0,0,0,1,0,1,5.3,Universitas Pancasila,2.3,3.8,6,155,"Kos eksklusif putri area Cilandak! Fasilitas lengkap: dapur bersama dan security 24 jam. Kamar 12m² dengan pencahayaan dan ventilasi optimal. Akses mudah ke pusat bisnis Jakarta Selatan. Penjaga aktif 24 jam, CCTV terpasang di area umum. Hanya 5.3 km ke kampus terdekat. Daftar sekarang!","Oke secara keseluruhan. Keamanan 24 jam membuat tenang. Ada plus minusnya, tapi tidak mengecewakan. Lumayan untuk jangka panjang.",assets/kos_photos/kos_0097.jpg,-6.2908,106.797643
KOS-0098,Kos Pasar Minggu 98,Jakarta Selatan,Pasar Minggu,2500000,Putri,9,1,1,0,0,1,1,0,0,1.2,Universitas Pancasila,4.0,4.5,5,8,"Hunian nyaman di jantung Jakarta Selatan. Kos putri dengan AC, kamar mandi dalam, parkir, dan dapur bersama. Ukuran kamar 9m², cukup untuk bekerja dan beristirahat. Bebas banjir, akses 24 jam. Jarak ke transportasi umum hanya 4.0 km. Cocok untuk profesional muda yang aktif.","Sudah 3 bulan di sini, sangat puas! Kamar bersih dan wangi. AC dingin, tidak berisik. Kamar mandi pribadi sangat nyaman. Pemilik kos sigap menangani keluhan. Sangat direkomendasikan!",assets/kos_photos/kos_0098.jpg,-6.278973,106.785257
KOS-0099,Kos Jagakarsa 99,Jakarta Selatan,Jagakarsa,2350000,Putri,15,0,0,1,0,1,1,1,1,3.9,Binus,2.7,4.1,9,187,"Kos eksklusif putri area Jagakarsa! Fasilitas lengkap: WiFi, parkir, dapur bersama, laundry, dan security 24 jam. Kamar 15m² dengan pencahayaan dan ventilasi optimal. Akses mudah ke pusat bisnis Jakarta Selatan. Penjaga aktif 24 jam, CCTV terpasang di area umum. Hanya 3.9 km ke kampus terdekat. Daftar sekarang!","Baru 3 minggu tapi sudah betah banget. WiFi kencang dan stabil. Keamanan 24 jam membuat tenang. Air bersih dan lancar, listrik stabil, tidak pernah mati. Harga sepadan.",assets/kos_photos/kos_0099.jpg,-6.291914,106.793821
KOS-0100,Kos Tebet 100,Jakarta Selatan,Tebet,2300000,Campur,15,0,1,1,1,1,0,0,0,2.4,Atmajaya,0.5,3.9,15,153,"Kos campur strategis di Tebet, Jakarta Selatan. Kamar 15m² dilengkapi kamar mandi dalam, WiFi, listrik termasuk, dan parkir. Lokasi hanya 2.4 km dari kampus dan 0.5 km dari moda transportasi umum. Suasana bersih, aman, dan nyaman. Cocok untuk mahasiswa maupun pekerja muda yang menginginkan hunian berkualitas dengan harga terjangkau.","Oke secara keseluruhan. WiFi kencang dan stabil. Kamar mandi pribadi sangat nyaman. Ada plus minusnya, tapi tidak mengecewakan. Lumayan untuk jangka panjang.",assets/kos_photos/kos_0100.jpg,-6.232617,106.825819
KOS-0101,Kos Kebayoran Baru 101,Jakarta Selatan,Kebayoran Baru,2000000,Campur,12,0,0,0,1,0,1,1,1,9.6,Universitas Pancasila,0.8,4.9,6,52,"Kos bersih dan terawat di Kebayoran Baru, Jakarta Selatan. Kamar campur berukuran 12m² tersedia dengan fasilitas listrik termasuk, dapur bersama, laundry, dan security 24 jam. Pengelolaan profesional, kontrak fleksibel per bulan. Jarak 9.6 km dari kampus, 0.8 km dari halte atau stasiun. Survei gratis, hubungi pemilik sekarang!","Baru 8 minggu tapi sudah betah banget. Keamanan 24 jam membuat tenang. Air bersih dan lancar, listrik stabil, tidak pernah mati. Harga sepadan.",assets/kos_photos/kos_0101.jpg,-6.253891,106.812401
KOS-0102,Kos Pancoran 102,Jakarta Selatan,Pancoran,2950000,Putri,9,1,0,1,0,1,1,1,1,5.4,Universitas Pancasila,0.9,4.5,17,91,"Kos eksklusif putri area Pancoran! Fasilitas lengkap: AC, WiFi, parkir, dapur bersama, laundry, dan security 24 jam. Kamar 9m² dengan pencahayaan dan ventilasi optimal. Akses mudah ke pusat bisnis Jakarta Selatan. Penjaga aktif 24 jam, CCTV terpasang di area umum. Hanya 5.4 km ke kampus terdekat. Daftar sekarang!","Sudah 2 tahun tinggal di sini dan tidak mau pindah. WiFi kencang dan stabil. AC dingin, tidak berisik. Lingkungan aman dan nyaman, penghuni dipilih secara selektif.",assets/kos_photos/kos_0102.jpg,-6.313081,106.795822
KOS-0103,Kos Pancoran 103,Jakarta Selatan,Pancoran,1950000,Putri,15,0,0,0,1,1,0,0,0,2.3,Binus,1.0,4.6,14,115,"Kos eksklusif putri area Pancoran! Fasilitas lengkap: listrik termasuk dan parkir. Kamar 15m² dengan pencahayaan dan ventilasi optimal. Akses mudah ke pusat bisnis Jakarta Selatan. Penjaga aktif 24 jam, CCTV terpasang di area umum. Hanya 2.3 km ke kampus terdekat. Daftar sekarang!","Baru 18 minggu tapi sudah betah banget. Fasilitas standar terpenuhi. Air bersih dan lancar, listrik stabil, tidak pernah mati. Harga sepadan.",assets/kos_photos/kos_0103.jpg,-6.30104,106.847499
KOS-0104,Kos Pancoran 104,Jakarta Selatan,Pancoran,3000000,Putri,12,0,1,1,0,0,0,0,1,0.9,UI Depok,4.8,5.0,26,185,"Kos eksklusif putri area Pancoran! Fasilitas lengkap: kamar mandi dalam, WiFi, dan security 24 jam. Kamar 12m² dengan pencahayaan dan ventilasi optimal. Akses mudah ke pusat bisnis Jakarta Selatan. Penjaga aktif 24 jam, CCTV terpasang di area umum. Hanya 0.9 km ke kampus terdekat. Daftar sekarang!","Baru 6 minggu tapi sudah betah banget. WiFi kencang dan stabil. Kamar mandi pribadi sangat nyaman. Air bersih dan lancar, listrik stabil, tidak pernah mati. Harga sepadan.",assets/kos_photos/kos_0104.jpg,-6.275774,106.830944
KOS-0105,Kos Tebet 105,Jakarta Selatan,Tebet,2850000,Campur,9,0,0,1,0,1,0,0,1,1.7,Atmajaya,1.1,3.9,27,16,"Hunian nyaman di jantung Jakarta Selatan. Kos campur dengan WiFi, parkir, dan security 24 jam. Ukuran kamar 9m², cukup untuk bekerja dan beristirahat. Bebas banjir, akses 24 jam. Jarak ke transportasi umum hanya 1.1 km. Cocok untuk profesional muda yang aktif.",Cukup nyaman untuk kebutuhan sehari-hari. WiFi kencang dan stabil. Keamanan 24 jam membuat tenang. Harga standar untuk area sini. Cocok untuk yang budget terbatas.,assets/kos_photos/kos_0105.jpg,-6.255678,106.81646
KOS-0106,Kos Pesanggrahan 106,Jakarta Selatan,Pesanggrahan,2950000,Putra,15,1,1,1,1,1,0,0,0,3.1,Atmajaya,2.8,4.5,24,54,"Tersedia kamar kos putra di kawasan Pesanggrahan, Jakarta Selatan. Luas kamar 15m², fasilitas: AC, kamar mandi dalam, WiFi, listrik termasuk, dan parkir. Dekat kampus (3.1 km) dan transportasi umum (2.8 km). Lingkungan tenang, pemilik kos ramah dan responsif. Harga sudah mencakup biaya perawatan fasilitas bersama. Ideal untuk pelajar yang baru merantau.","Sudah 3 tahun tinggal di sini dan tidak mau pindah. WiFi kencang dan stabil. AC dingin, tidak berisik. Lingkungan aman dan nyaman, penghuni dipilih secara selektif.",assets/kos_photos/kos_0106.jpg,-6.265188,106.806787
KOS-0107,Kos Pasar Minggu 107,Jakarta Selatan,Pasar Minggu,1800000,Putra,12,0,0,1,1,1,1,0,0,8.8,UI Depok,2.3,4.7,16,7,"Hunian nyaman di jantung Jakarta Selatan. Kos putra dengan WiFi, listrik termasuk, parkir, dan dapur bersama. Ukuran kamar 12m², cukup untuk bekerja dan beristirahat. Bebas banjir, akses 24 jam. Jarak ke transportasi umum hanya 2.3 km. Cocok untuk profesional muda yang aktif.","Lokasi sangat strategis, ke mana-mana mudah dijangkau. WiFi kencang dan stabil. Harga sangat worth it untuk fasilitasnya. Teman sesama penghuni juga asik.",assets/kos_photos/kos_0107.jpg,-6.236504,106.784137
KOS-0108,Kos Pancoran 108,Jakarta Selatan,Pancoran,2850000,Putri,12,0,0,1,1,1,1,1,1,5.6,Binus,2.7,4.7,18,125,"Hunian nyaman di jantung Jakarta Selatan. Kos putri dengan WiFi, listrik termasuk, parkir, dapur bersama, laundry, dan security 24 jam. Ukuran kamar 12m², cukup untuk bekerja dan beristirahat. Bebas banjir, akses 24 jam. Jarak ke transportasi umum hanya 2.7 km. Cocok untuk profesional muda yang aktif.","Lokasi sangat strategis, ke mana-mana mudah dijangkau. WiFi kencang dan stabil. Keamanan 24 jam membuat tenang. Harga sangat worth it untuk fasilitasnya. Teman sesama penghuni juga asik.",assets/kos_photos/kos_0108.jpg,-6.28009,106.790044
KOS-0109,Kos Tebet 109,Jakarta Selatan,Tebet,3150000,Putri,15,1,1,1,1,1,0,0,0,2.6,Binus,0.9,3.8,14,178,"Hunian nyaman di jantung Jakarta Selatan. Kos putri dengan AC, kamar mandi dalam, WiFi, listrik termasuk, dan parkir. Ukuran kamar 15m², cukup untuk bekerja dan beristirahat. Bebas banjir, akses 24 jam. Jarak ke transportasi umum hanya 0.9 km. Cocok untuk profesional muda yang aktif.","Lumayan sesuai harga yang dibayar. WiFi kencang dan stabil. AC dingin, tidak berisik. Respons pemilik kadang agak lambat, tapi fasilitas tetap terjaga.",assets/kos_photos/kos_0109.jpg,-6.24039,106.810886
KOS-0110,Kos Kebayoran Baru 110,Jakarta Selatan,Kebayoran Baru,2250000,Putri,9,0,0,1,1,1,1,0,0,5.1,Atmajaya,3.1,4.0,18,154,"Hunian nyaman di jantung Jakarta Selatan. Kos putri dengan WiFi, listrik termasuk, parkir, dan dapur bersama. Ukuran kamar 9m², cukup untuk bekerja dan beristirahat. Bebas banjir, akses 24 jam. Jarak ke transportasi umum hanya 3.1 km. Cocok untuk profesional muda yang aktif.","Lokasi sangat strategis, ke mana-mana mudah dijangkau. WiFi kencang dan stabil. Harga sangat worth it untuk fasilitasnya. Teman sesama penghuni juga asik.",assets/kos_photos/kos_0110.jpg,-6.240454,106.824453
KOS-0111,Kos Mampang Prapatan 111,Jakarta Selatan,Mampang Prapatan,3250000,Putri,9,1,1,1,1,1,0,0,0,2.6,UI Depok,3.1,4.9,17,149,"Kos eksklusif putri area Mampang Prapatan! Fasilitas lengkap: AC, kamar mandi dalam, WiFi, listrik termasuk, dan parkir. Kamar 9m² dengan pencahayaan dan ventilasi optimal. Akses mudah ke pusat bisnis Jakarta Selatan. Penjaga aktif 24 jam, CCTV terpasang di area umum. Hanya 2.6 km ke kampus terdekat. Daftar sekarang!","Kos paling nyaman selama kuliah di Jakarta. WiFi kencang dan stabil. AC dingin, tidak berisik. Lingkungan bersih dan aman, tidak pernah ada masalah keamanan. Sangat recommended untuk mahasiswa baru!",assets/kos_photos/kos_0111.jpg,-6.266629,106.760512
KOS-0112,Kos Cilandak 112,Jakarta Selatan,Cilandak,2500000,Putra,12,1,1,0,0,1,0,0,1,3.7,Atmajaya,0.3,3.9,21,113,"Hunian nyaman di jantung Jakarta Selatan. Kos putra dengan AC, kamar mandi dalam, parkir, dan security 24 jam. Ukuran kamar 12m², cukup untuk bekerja dan beristirahat. Bebas banjir, akses 24 jam. Jarak ke transportasi umum hanya 0.3 km. Cocok untuk profesional muda yang aktif.","Lumayan sesuai harga yang dibayar. AC dingin, tidak berisik. Kamar mandi pribadi sangat nyaman. Respons pemilik kadang agak lambat, tapi fasilitas tetap terjaga.",assets/kos_photos/kos_0112.jpg,-6.258803,106.843339
KOS-0113,Kos Pasar Minggu 113,Jakarta Selatan,Pasar Minggu,2950000,Putri,9,1,0,1,1,1,0,1,1,1.3,UI Depok,3.7,4.6,10,186,"Tersedia kamar kos putri di kawasan Pasar Minggu, Jakarta Selatan. Luas kamar 9m², fasilitas: AC, WiFi, listrik termasuk, parkir, laundry, dan security 24 jam. Dekat kampus (1.3 km) dan transportasi umum (3.7 km). Lingkungan tenang, pemilik kos ramah dan responsif. Harga sudah mencakup biaya perawatan fasilitas bersama. Ideal untuk pelajar yang baru merantau.","Kos paling nyaman selama kuliah di Jakarta. WiFi kencang dan stabil. AC dingin, tidak berisik. Lingkungan bersih dan aman, tidak pernah ada masalah keamanan. Sangat recommended untuk mahasiswa baru!",assets/kos_photos/kos_0113.jpg,-6.292791,106.770568
KOS-0114,Kos Pesanggrahan 114,Jakarta Selatan,Pesanggrahan,2550000,Campur,9,1,1,1,0,0,0,0,0,3.1,Universitas Pancasila,3.8,3.6,17,188,"Tersedia kamar kos campur di kawasan Pesanggrahan, Jakarta Selatan. Luas kamar 9m², fasilitas: AC, kamar mandi dalam, dan WiFi. Dekat kampus (3.1 km) dan transportasi umum (3.8 km). Lingkungan tenang, pemilik kos ramah dan responsif. Harga sudah mencakup biaya perawatan fasilitas bersama. Ideal untuk pelajar yang baru merantau.","Oke secara keseluruhan. WiFi kencang dan stabil. AC dingin, tidak berisik. Ada plus minusnya, tapi tidak mengecewakan. Lumayan untuk jangka panjang.",assets/kos_photos/kos_0114.jpg,-6.248395,106.817507
KOS-0115,Kos Kebayoran Baru 115,Jakarta Selatan,Kebayoran Baru,3150000,Putri,9,1,1,1,0,1,0,0,1,8.9,Binus,2.1,4.4,9,25,"Hunian nyaman di jantung Jakarta Selatan. Kos putri dengan AC, kamar mandi dalam, WiFi, parkir, dan security 24 jam. Ukuran kamar 9m², cukup untuk bekerja dan beristirahat. Bebas banjir, akses 24 jam. Jarak ke transportasi umum hanya 2.1 km. Cocok untuk profesional muda yang aktif.","Lokasi sangat strategis, ke mana-mana mudah dijangkau. WiFi kencang dan stabil. AC dingin, tidak berisik. Harga sangat worth it untuk fasilitasnya. Teman sesama penghuni juga asik.",assets/kos_photos/kos_0115.jpg,-6.319253,106.811959
KOS-0116,Kos Tebet 116,Jakarta Selatan,Tebet,2800000,Putra,15,0,1,0,0,1,1,1,0,4.5,Universitas Pancasila,0.6,5.0,6,190,"Kos bersih dan terawat di Tebet, Jakarta Selatan. Kamar putra berukuran 15m² tersedia dengan fasilitas kamar mandi dalam, parkir, dapur bersama, dan laundry. Pengelolaan profesional, kontrak fleksibel per bulan. Jarak 4.5 km dari kampus, 0.6 km dari halte atau stasiun. Survei gratis, hubungi pemilik sekarang!","Baru 2 minggu tapi sudah betah banget. Kamar mandi pribadi sangat nyaman. Air bersih dan lancar, listrik stabil, tidak pernah mati. Harga sepadan.",assets/kos_photos/kos_0116.jpg,-6.243951,106.814056
KOS-0117,Kos Pesanggrahan 117,Jakarta Selatan,Pesanggrahan,2850000,Putra,9,1,1,1,0,1,0,0,1,8.7,Universitas Pancasila,2.4,4.7,10,63,"Tersedia kamar kos putra di kawasan Pesanggrahan, Jakarta Selatan. Luas kamar 9m², fasilitas: AC, kamar mandi dalam, WiFi, parkir, dan security 24 jam. Dekat kampus (8.7 km) dan transportasi umum (2.4 km). Lingkungan tenang, pemilik kos ramah dan responsif. Harga sudah mencakup biaya perawatan fasilitas bersama. Ideal untuk pelajar yang baru merantau.","Lokasi sangat strategis, ke mana-mana mudah dijangkau. WiFi kencang dan stabil. AC dingin, tidak berisik. Harga sangat worth it untuk fasilitasnya. Teman sesama penghuni juga asik.",assets/kos_photos/kos_0117.jpg,-6.25577,106.823852
KOS-0118,Kos Setiabudi 118,Jakarta Selatan,Setiabudi,2750000,Putra,9,1,1,1,0,1,0,1,1,6.8,Atmajaya,1.0,4.3,21,70,"Kos putra strategis di Setiabudi, Jakarta Selatan. Kamar 9m² dilengkapi AC, kamar mandi dalam, WiFi, parkir, laundry, dan security 24 jam. Lokasi hanya 6.8 km dari kampus dan 1.0 km dari moda transportasi umum. Suasana bersih, aman, dan nyaman. Cocok untuk mahasiswa maupun pekerja muda yang menginginkan hunian berkualitas dengan harga terjangkau.","Sudah 24 bulan di sini, sangat puas! Kamar bersih dan wangi. WiFi kencang dan stabil. AC dingin, tidak berisik. Pemilik kos sigap menangani keluhan. Sangat direkomendasikan!",assets/kos_photos/kos_0118.jpg,-6.256581,106.831113
KOS-0119,Kos Pesanggrahan 119,Jakarta Selatan,Pesanggrahan,1700000,Putra,12,0,0,1,0,1,0,0,0,2.4,UI Depok,1.1,4.6,9,76,"Kos putra strategis di Pesanggrahan, Jakarta Selatan. Kamar 12m² dilengkapi WiFi dan parkir. Lokasi hanya 2.4 km dari kampus dan 1.1 km dari moda transportasi umum. Suasana bersih, aman, dan nyaman. Cocok untuk mahasiswa maupun pekerja muda yang menginginkan hunian berkualitas dengan harga terjangkau.","Sudah 3 bulan di sini, sangat puas! Kamar bersih dan wangi. WiFi kencang dan stabil. Pemilik kos sigap menangani keluhan. Sangat direkomendasikan!",assets/kos_photos/kos_0119.jpg,-6.248471,106.803954
KOS-0120,Kos Jagakarsa 120,Jakarta Selatan,Jagakarsa,2950000,Putri,18,1,0,1,1,1,0,0,1,2.1,Atmajaya,2.6,4.0,20,105,"Kos putri strategis di Jagakarsa, Jakarta Selatan. Kamar 18m² dilengkapi AC, WiFi, listrik termasuk, parkir, dan security 24 jam. Lokasi hanya 2.1 km dari kampus dan 2.6 km dari moda transportasi umum. Suasana bersih, aman, dan nyaman. Cocok untuk mahasiswa maupun pekerja muda yang menginginkan hunian berkualitas dengan harga terjangkau.","Sudah 3 tahun tinggal di sini dan tidak mau pindah. WiFi kencang dan stabil. AC dingin, tidak berisik. Lingkungan aman dan nyaman, penghuni dipilih secara selektif.",assets/kos_photos/kos_0120.jpg,-6.311327,106.778188
KOS-0121,Kos Kebayoran Baru 121,Jakarta Selatan,Kebayoran Baru,3350000,Putra,15,1,1,1,0,1,0,1,1,3.6,UI Depok,5.0,3.7,9,135,"Hunian nyaman di jantung Jakarta Selatan. Kos putra dengan AC, kamar mandi dalam, WiFi, parkir, laundry, dan security 24 jam. Ukuran kamar 15m², cukup untuk bekerja dan beristirahat. Bebas banjir, akses 24 jam. Jarak ke transportasi umum hanya 5.0 km. Cocok untuk profesional muda yang aktif.","Lumayan sesuai harga yang dibayar. WiFi kencang dan stabil. AC dingin, tidak berisik. Respons pemilik kadang agak lambat, tapi fasilitas tetap terjaga.",assets/kos_photos/kos_0121.jpg,-6.31984,106.793643
KOS-0122,Kos Pancoran 122,Jakarta Selatan,Pancoran,2550000,Putra,15,0,1,1,0,1,0,0,1,9.9,Atmajaya,4.5,3.9,26,80,"Kos bersih dan terawat di Pancoran, Jakarta Selatan. Kamar putra berukuran 15m² tersedia dengan fasilitas kamar mandi dalam, WiFi, parkir, dan security 24 jam. Pengelolaan profesional, kontrak fleksibel per bulan. Jarak 9.9 km dari kampus, 4.5 km dari halte atau stasiun. Survei gratis, hubungi pemilik sekarang!","Lumayan sesuai harga yang dibayar. WiFi kencang dan stabil. Kamar mandi pribadi sangat nyaman. Respons pemilik kadang agak lambat, tapi fasilitas tetap terjaga.",assets/kos_photos/kos_0122.jpg,-6.256555,106.83783
KOS-0123,Kos Setiabudi 123,Jakarta Selatan,Setiabudi,2550000,Putri,12,0,0,0,1,1,1,1,0,6.0,Universitas Pancasila,3.7,3.9,5,129,"Kos eksklusif putri area Setiabudi! Fasilitas lengkap: listrik termasuk, parkir, dapur bersama, dan laundry. Kamar 12m² dengan pencahayaan dan ventilasi optimal. Akses mudah ke pusat bisnis Jakarta Selatan. Penjaga aktif 24 jam, CCTV terpasang di area umum. Hanya 6.0 km ke kampus terdekat. Daftar sekarang!","Oke secara keseluruhan. Fasilitas standar terpenuhi. Ada plus minusnya, tapi tidak mengecewakan. Lumayan untuk jangka panjang.",assets/kos_photos/kos_0123.jpg,-6.263228,106.84444
KOS-0124,Kos Tebet 124,Jakarta Selatan,Tebet,2150000,Putri,15,1,1,0,0,1,0,1,0,5.4,Universitas Pancasila,1.7,4.0,18,146,"Kos bersih dan terawat di Tebet, Jakarta Selatan. Kamar putri berukuran 15m² tersedia dengan fasilitas AC, kamar mandi dalam, parkir, dan laundry. Pengelolaan profesional, kontrak fleksibel per bulan. Jarak 5.4 km dari kampus, 1.7 km dari halte atau stasiun. Survei gratis, hubungi pemilik sekarang!","Sudah 3 bulan di sini, sangat puas! Kamar bersih dan wangi. AC dingin, tidak berisik. Kamar mandi pribadi sangat nyaman. Pemilik kos sigap menangani keluhan. Sangat direkomendasikan!",assets/kos_photos/kos_0124.jpg,-6.27636,106.773587
KOS-0125,Kos Kebayoran Baru 125,Jakarta Selatan,Kebayoran Baru,2850000,Putra,12,1,1,1,1,0,1,0,1,4.9,Atmajaya,4.3,5.0,18,88,"Kos eksklusif putra area Kebayoran Baru! Fasilitas lengkap: AC, kamar mandi dalam, WiFi, listrik termasuk, dapur bersama, dan security 24 jam. Kamar 12m² dengan pencahayaan dan ventilasi optimal. Akses mudah ke pusat bisnis Jakarta Selatan. Penjaga aktif 24 jam, CCTV terpasang di area umum. Hanya 4.9 km ke kampus terdekat. Daftar sekarang!","Sudah 18 tahun tinggal di sini dan tidak mau pindah. WiFi kencang dan stabil. AC dingin, tidak berisik. Lingkungan aman dan nyaman, penghuni dipilih secara selektif.",assets/kos_photos/kos_0125.jpg,-6.27045,106.83069
KOS-0126,Kos Pancoran 126,Jakarta Selatan,Pancoran,2350000,Campur,9,0,1,1,0,1,0,1,1,9.6,Universitas Pancasila,3.7,3.9,19,146,"Hunian nyaman di jantung Jakarta Selatan. Kos campur dengan kamar mandi dalam, WiFi, parkir, laundry, dan security 24 jam. Ukuran kamar 9m², cukup untuk bekerja dan beristirahat. Bebas banjir, akses 24 jam. Jarak ke transportasi umum hanya 3.7 km. Cocok untuk profesional muda yang aktif.",Cukup nyaman untuk kebutuhan sehari-hari. WiFi kencang dan stabil. Kamar mandi pribadi sangat nyaman. Harga standar untuk area sini. Cocok untuk yang budget terbatas.,assets/kos_photos/kos_0126.jpg,-6.251679,106.784586
KOS-0127,Kos Mampang Prapatan 127,Jakarta Selatan,Mampang Prapatan,3100000,Putra,9,1,1,0,0,0,0,0,1,7.6,Binus,0.4,4.5,18,173,"Kos eksklusif putra area Mampang Prapatan! Fasilitas lengkap: AC, kamar mandi dalam, dan security 24 jam. Kamar 9m² dengan pencahayaan dan ventilasi optimal. Akses mudah ke pusat bisnis Jakarta Selatan. Penjaga aktif 24 jam, CCTV terpasang di area umum. Hanya 7.6 km ke kampus terdekat. Daftar sekarang!","Sudah 6 bulan di sini, sangat puas! Kamar bersih dan wangi. AC dingin, tidak berisik. Kamar mandi pribadi sangat nyaman. Pemilik kos sigap menangani keluhan. Sangat direkomendasikan!",assets/kos_photos/kos_0127.jpg,-6.264777,106.764827
KOS-0128,Kos Mampang Prapatan 128,Jakarta Selatan,Mampang Prapatan,1900000,Putri,9,0,0,1,1,0,0,1,1,8.4,Atmajaya,3.1,4.9,8,69,"Kos putri strategis di Mampang Prapatan, Jakarta Selatan. Kamar 9m² dilengkapi WiFi, listrik termasuk, laundry, dan security 24 jam. Lokasi hanya 8.4 km dari kampus dan 3.1 km dari moda transportasi umum. Suasana bersih, aman, dan nyaman. Cocok untuk mahasiswa maupun pekerja muda yang menginginkan hunian berkualitas dengan harga terjangkau.","Kos paling nyaman selama kuliah di Jakarta. WiFi kencang dan stabil. Keamanan 24 jam membuat tenang. Lingkungan bersih dan aman, tidak pernah ada masalah keamanan. Sangat recommended untuk mahasiswa baru!",assets/kos_photos/kos_0128.jpg,-6.274848,106.783856
KOS-0129,Kos Mampang Prapatan 129,Jakarta Selatan,Mampang Prapatan,2550000,Putri,15,1,1,1,0,1,1,1,1,6.1,Universitas Pancasila,3.6,3.7,26,177,"Kos bersih dan terawat di Mampang Prapatan, Jakarta Selatan. Kamar putri berukuran 15m² tersedia dengan fasilitas AC, kamar mandi dalam, WiFi, parkir, dapur bersama, laundry, dan security 24 jam. Pengelolaan profesional, kontrak fleksibel per bulan. Jarak 6.1 km dari kampus, 3.6 km dari halte atau stasiun. Survei gratis, hubungi pemilik sekarang!","Oke secara keseluruhan. WiFi kencang dan stabil. AC dingin, tidak berisik. Ada plus minusnya, tapi tidak mengecewakan. Lumayan untuk jangka panjang.",assets/kos_photos/kos_0129.jpg,-6.250803,106.805869
KOS-0130,Kos Pasar Minggu 130,Jakarta Selatan,Pasar Minggu,3100000,Putri,12,1,1,1,1,1,1,0,0,0.9,Atmajaya,0.9,4.0,21,172,"Kos putri strategis di Pasar Minggu, Jakarta Selatan. Kamar 12m² dilengkapi AC, kamar mandi dalam, WiFi, listrik termasuk, parkir, dan dapur bersama. Lokasi hanya 0.9 km dari kampus dan 0.9 km dari moda transportasi umum. Suasana bersih, aman, dan nyaman. Cocok untuk mahasiswa maupun pekerja muda yang menginginkan hunian berkualitas dengan harga terjangkau.","Kos paling nyaman selama kuliah di Jakarta. WiFi kencang dan stabil. AC dingin, tidak berisik. Lingkungan bersih dan aman, tidak pernah ada masalah keamanan. Sangat recommended untuk mahasiswa baru!",assets/kos_photos/kos_0130.jpg,-6.228483,106.80203
KOS-0131,Kos Pasar Minggu 131,Jakarta Selatan,Pasar Minggu,2800000,Putra,12,1,1,1,1,1,0,1,1,4.7,UI Depok,1.2,3.9,28,53,"Kos eksklusif putra area Pasar Minggu! Fasilitas lengkap: AC, kamar mandi dalam, WiFi, listrik termasuk, parkir, laundry, dan security 24 jam. Kamar 12m² dengan pencahayaan dan ventilasi optimal. Akses mudah ke pusat bisnis Jakarta Selatan. Penjaga aktif 24 jam, CCTV terpasang di area umum. Hanya 4.7 km ke kampus terdekat. Daftar sekarang!","Lumayan sesuai harga yang dibayar. WiFi kencang dan stabil. AC dingin, tidak berisik. Respons pemilik kadang agak lambat, tapi fasilitas tetap terjaga.",assets/kos_photos/kos_0131.jpg,-6.234819,106.802313
KOS-0132,Kos Pesanggrahan 132,Jakarta Selatan,Pesanggrahan,3250000,Campur,9,1,1,1,1,0,1,0,1,4.2,UI Depok,3.7,3.9,20,49,"Kos campur strategis di Pesanggrahan, Jakarta Selatan. Kamar 9m² dilengkapi AC, kamar mandi dalam, WiFi, listrik termasuk, dapur bersama, dan security 24 jam. Lokasi hanya 4.2 km dari kampus dan 3.7 km dari moda transportasi umum. Suasana bersih, aman, dan nyaman. Cocok untuk mahasiswa maupun pekerja muda yang menginginkan hunian berkualitas dengan harga terjangkau.","Lumayan sesuai harga yang dibayar. WiFi kencang dan stabil. AC dingin, tidak berisik. Respons pemilik kadang agak lambat, tapi fasilitas tetap terjaga.",assets/kos_photos/kos_0132.jpg,-6.264778,106.819319
KOS-0133,Kos Setiabudi 133,Jakarta Selatan,Setiabudi,2650000,Putri,9,1,1,0,1,0,0,0,1,4.1,UI Depok,2.4,4.1,24,80,"Kos bersih dan terawat di Setiabudi, Jakarta Selatan. Kamar putri berukuran 9m² tersedia dengan fasilitas AC, kamar mandi dalam, listrik termasuk, dan security 24 jam. Pengelolaan profesional, kontrak fleksibel per bulan. Jarak 4.1 km dari kampus, 2.4 km dari halte atau stasiun. Survei gratis, hubungi pemilik sekarang!","Lokasi sangat strategis, ke mana-mana mudah dijangkau. AC dingin, tidak berisik. Kamar mandi pribadi sangat nyaman. Harga sangat worth it untuk fasilitasnya. Teman sesama penghuni juga asik.",assets/kos_photos/kos_0133.jpg,-6.209575,106.812335
KOS-0134,Kos Setiabudi 134,Jakarta Selatan,Setiabudi,3300000,Putra,9,1,1,1,1,1,1,0,1,2.0,Universitas Pancasila,1.0,4.3,7,98,"Tersedia kamar kos putra di kawasan Setiabudi, Jakarta Selatan. Luas kamar 9m², fasilitas: AC, kamar mandi dalam, WiFi, listrik termasuk, parkir, dapur bersama, dan security 24 jam. Dekat kampus (2.0 km) dan transportasi umum (1.0 km). Lingkungan tenang, pemilik kos ramah dan responsif. Harga sudah mencakup biaya perawatan fasilitas bersama. Ideal untuk pelajar yang baru merantau.","Kos paling nyaman selama kuliah di Jakarta. WiFi kencang dan stabil. AC dingin, tidak berisik. Lingkungan bersih dan aman, tidak pernah ada masalah keamanan. Sangat recommended untuk mahasiswa baru!",assets/kos_photos/kos_0134.jpg,-6.282642,106.818927
KOS-0135,Kos Mampang Prapatan 135,Jakarta Selatan,Mampang Prapatan,2750000,Putra,12,1,1,1,0,0,0,1,1,8.3,Atmajaya,0.5,4.1,17,77,"Kos bersih dan terawat di Mampang Prapatan, Jakarta Selatan. Kamar putra berukuran 12m² tersedia dengan fasilitas AC, kamar mandi dalam, WiFi, laundry, dan security 24 jam. Pengelolaan profesional, kontrak fleksibel per bulan. Jarak 8.3 km dari kampus, 0.5 km dari halte atau stasiun. Survei gratis, hubungi pemilik sekarang!","Lokasi sangat strategis, ke mana-mana mudah dijangkau. WiFi kencang dan stabil. AC dingin, tidak berisik. Harga sangat worth it untuk fasilitasnya. Teman sesama penghuni juga asik.",assets/kos_photos/kos_0135.jpg,-6.253652,106.789766
KOS-0136,Kos Kebayoran Lama 136,Jakarta Selatan,Kebayoran Lama,2800000,Campur,9,1,1,1,0,1,0,1,0,4.0,Atmajaya,0.3,4.3,9,169,"Kos eksklusif campur area Kebayoran Lama! Fasilitas lengkap: AC, kamar mandi dalam, WiFi, parkir, dan laundry. Kamar 9m² dengan pencahayaan dan ventilasi optimal. Akses mudah ke pusat bisnis Jakarta Selatan. Penjaga aktif 24 jam, CCTV terpasang di area umum. Hanya 4.0 km ke kampus terdekat. Daftar sekarang!","Lokasi sangat strategis, ke mana-mana mudah dijangkau. WiFi kencang dan stabil. AC dingin, tidak berisik. Harga sangat worth it untuk fasilitasnya. Teman sesama penghuni juga asik.",assets/kos_photos/kos_0136.jpg,-6.289435,106.799133
KOS-0137,Kos Mampang Prapatan 137,Jakarta Selatan,Mampang Prapatan,3250000,Putri,9,1,1,1,1,1,0,0,1,8.5,UI Depok,2.7,4.3,8,113,"Kos putri strategis di Mampang Prapatan, Jakarta Selatan. Kamar 9m² dilengkapi AC, kamar mandi dalam, WiFi, listrik termasuk, parkir, dan security 24 jam. Lokasi hanya 8.5 km dari kampus dan 2.7 km dari moda transportasi umum. Suasana bersih, aman, dan nyaman. Cocok untuk mahasiswa maupun pekerja muda yang menginginkan hunian berkualitas dengan harga terjangkau.","Kos paling nyaman selama kuliah di Jakarta. WiFi kencang dan stabil. AC dingin, tidak berisik. Lingkungan bersih dan aman, tidak pernah ada masalah keamanan. Sangat recommended untuk mahasiswa baru!",assets/kos_photos/kos_0137.jpg,-6.213069,106.83825
KOS-0138,Kos Tebet 138,Jakarta Selatan,Tebet,2200000,Putra,9,1,0,1,1,1,0,0,0,7.7,Universitas Pancasila,2.4,3.7,14,105,"Kos eksklusif putra area Tebet! Fasilitas lengkap: AC, WiFi, listrik termasuk, dan parkir. Kamar 9m² dengan pencahayaan dan ventilasi optimal. Akses mudah ke pusat bisnis Jakarta Selatan. Penjaga aktif 24 jam, CCTV terpasang di area umum. Hanya 7.7 km ke kampus terdekat. Daftar sekarang!","Oke secara keseluruhan. WiFi kencang dan stabil. AC dingin, tidak berisik. Ada plus minusnya, tapi tidak mengecewakan. Lumayan untuk jangka panjang.",assets/kos_photos/kos_0138.jpg,-6.271677,106.803491
KOS-0139,Kos Pasar Minggu 139,Jakarta Selatan,Pasar Minggu,2950000,Putra,12,1,1,1,1,0,1,0,0,2.0,Atmajaya,2.9,4.8,23,46,"Tersedia kamar kos putra di kawasan Pasar Minggu, Jakarta Selatan. Luas kamar 12m², fasilitas: AC, kamar mandi dalam, WiFi, listrik termasuk, dan dapur bersama. Dekat kampus (2.0 km) dan transportasi umum (2.9 km). Lingkungan tenang, pemilik kos ramah dan responsif. Harga sudah mencakup biaya perawatan fasilitas bersama. Ideal untuk pelajar yang baru merantau.","Kos paling nyaman selama kuliah di Jakarta. WiFi kencang dan stabil. AC dingin, tidak berisik. Lingkungan bersih dan aman, tidak pernah ada masalah keamanan. Sangat recommended untuk mahasiswa baru!",assets/kos_photos/kos_0139.jpg,-6.246021,106.802119
KOS-0140,Kos Tebet 140,Jakarta Selatan,Tebet,2000000,Putri,9,0,0,0,0,0,1,0,0,4.7,Universitas Pancasila,3.2,5.0,22,156,"Kos eksklusif putri area Tebet! Fasilitas lengkap: dapur bersama. Kamar 9m² dengan pencahayaan dan ventilasi optimal. Akses mudah ke pusat bisnis Jakarta Selatan. Penjaga aktif 24 jam, CCTV terpasang di area umum. Hanya 4.7 km ke kampus terdekat. Daftar sekarang!","Sudah 8 tahun tinggal di sini dan tidak mau pindah. Fasilitas standar terpenuhi. Lingkungan aman dan nyaman, penghuni dipilih secara selektif.",assets/kos_photos/kos_0140.jpg,-6.261342,106.875542
KOS-0141,Kos Setiabudi 141,Jakarta Selatan,Setiabudi,3400000,Putri,12,1,1,0,1,1,1,0,1,4.9,Universitas Pancasila,0.4,3.6,28,173,"Kos putri strategis di Setiabudi, Jakarta Selatan. Kamar 12m² dilengkapi AC, kamar mandi dalam, listrik termasuk, parkir, dapur bersama, dan security 24 jam. Lokasi hanya 4.9 km dari kampus dan 0.4 km dari moda transportasi umum. Suasana bersih, aman, dan nyaman. Cocok untuk mahasiswa maupun pekerja muda yang menginginkan hunian berkualitas dengan harga terjangkau.","Lumayan sesuai harga yang dibayar. AC dingin, tidak berisik. Kamar mandi pribadi sangat nyaman. Respons pemilik kadang agak lambat, tapi fasilitas tetap terjaga.",assets/kos_photos/kos_0141.jpg,-6.22567,106.812888
KOS-0142,Kos Setiabudi 142,Jakarta Selatan,Setiabudi,2350000,Putra,9,1,0,1,1,1,1,0,0,7.7,UI Depok,2.1,4.4,23,86,"Kos eksklusif putra area Setiabudi! Fasilitas lengkap: AC, WiFi, listrik termasuk, parkir, dan dapur bersama. Kamar 9m² dengan pencahayaan dan ventilasi optimal. Akses mudah ke pusat bisnis Jakarta Selatan. Penjaga aktif 24 jam, CCTV terpasang di area umum. Hanya 7.7 km ke kampus terdekat. Daftar sekarang!","Lokasi sangat strategis, ke mana-mana mudah dijangkau. WiFi kencang dan stabil. AC dingin, tidak berisik. Harga sangat worth it untuk fasilitasnya. Teman sesama penghuni juga asik.",assets/kos_photos/kos_0142.jpg,-6.26576,106.791113
KOS-0143,Kos Pasar Minggu 143,Jakarta Selatan,Pasar Minggu,2450000,Putra,9,1,1,1,0,1,0,0,1,3.5,Universitas Pancasila,1.4,3.8,27,118,"Kos bersih dan terawat di Pasar Minggu, Jakarta Selatan. Kamar putra berukuran 9m² tersedia dengan fasilitas AC, kamar mandi dalam, WiFi, parkir, dan security 24 jam. Pengelolaan profesional, kontrak fleksibel per bulan. Jarak 3.5 km dari kampus, 1.4 km dari halte atau stasiun. Survei gratis, hubungi pemilik sekarang!","Lumayan sesuai harga yang dibayar. WiFi kencang dan stabil. AC dingin, tidak berisik. Respons pemilik kadang agak lambat, tapi fasilitas tetap terjaga.",assets/kos_photos/kos_0143.jpg,-6.282788,106.82724
KOS-0144,Kos Cilandak 144,Jakarta Selatan,Cilandak,3200000,Putra,24,1,1,1,0,0,0,1,0,0.6,Atmajaya,5.0,3.9,11,69,"Kos putra strategis di Cilandak, Jakarta Selatan. Kamar 24m² dilengkapi AC, kamar mandi dalam, WiFi, dan laundry. Lokasi hanya 0.6 km dari kampus dan 5.0 km dari moda transportasi umum. Suasana bersih, aman, dan nyaman. Cocok untuk mahasiswa maupun pekerja muda yang menginginkan hunian berkualitas dengan harga terjangkau.","Oke secara keseluruhan. WiFi kencang dan stabil. AC dingin, tidak berisik. Ada plus minusnya, tapi tidak mengecewakan. Lumayan untuk jangka panjang.",assets/kos_photos/kos_0144.jpg,-6.268656,106.821949
KOS-0145,Kos Kebayoran Baru 145,Jakarta Selatan,Kebayoran Baru,2950000,Putri,9,1,1,0,1,1,1,1,1,5.1,Universitas Pancasila,0.6,3.6,7,7,"Kos bersih dan terawat di Kebayoran Baru, Jakarta Selatan. Kamar putri berukuran 9m² tersedia dengan fasilitas AC, kamar mandi dalam, listrik termasuk, parkir, dapur bersama, laundry, dan security 24 jam. Pengelolaan profesional, kontrak fleksibel per bulan. Jarak 5.1 km dari kampus, 0.6 km dari halte atau stasiun. Survei gratis, hubungi pemilik sekarang!","Cukup nyaman untuk kebutuhan sehari-hari. AC dingin, tidak berisik. Kamar mandi pribadi sangat nyaman. Harga standar untuk area sini. Cocok untuk yang budget terbatas.",assets/kos_photos/kos_0145.jpg,-6.238111,106.764815
KOS-0146,Kos Tebet 146,Jakarta Selatan,Tebet,2550000,Putra,15,0,0,1,1,0,1,0,1,6.8,Binus,1.2,3.9,28,59,"Kos bersih dan terawat di Tebet, Jakarta Selatan. Kamar putra berukuran 15m² tersedia dengan fasilitas WiFi, listrik termasuk, dapur bersama, dan security 24 jam. Pengelolaan profesional, kontrak fleksibel per bulan. Jarak 6.8 km dari kampus, 1.2 km dari halte atau stasiun. Survei gratis, hubungi pemilik sekarang!","Lumayan sesuai harga yang dibayar. WiFi kencang dan stabil. Keamanan 24 jam membuat tenang. Respons pemilik kadang agak lambat, tapi fasilitas tetap terjaga.",assets/kos_photos/kos_0146.jpg,-6.298877,106.844697
KOS-0147,Kos Cilandak 147,Jakarta Selatan,Cilandak,3100000,Putra,18,1,1,1,1,1,1,0,1,5.3,Binus,2.4,3.6,22,182,"Kos eksklusif putra area Cilandak! Fasilitas lengkap: AC, kamar mandi dalam, WiFi, listrik termasuk, parkir, dapur bersama, dan security 24 jam. Kamar 18m² dengan pencahayaan dan ventilasi optimal. Akses mudah ke pusat bisnis Jakarta Selatan. Penjaga aktif 24 jam, CCTV terpasang di area umum. Hanya 5.3 km ke kampus terdekat. Daftar sekarang!","Oke secara keseluruhan. WiFi kencang dan stabil. AC dingin, tidak berisik. Ada plus minusnya, tapi tidak mengecewakan. Lumayan untuk jangka panjang.",assets/kos_photos/kos_0147.jpg,-6.279487,106.773037
KOS-0148,Kos Kebayoran Baru 148,Jakarta Selatan,Kebayoran Baru,2200000,Campur,18,1,0,1,0,1,1,0,0,7.4,Universitas Pancasila,1.5,3.8,22,42,"Kos bersih dan terawat di Kebayoran Baru, Jakarta Selatan. Kamar campur berukuran 18m² tersedia dengan fasilitas AC, WiFi, parkir, dan dapur bersama. Pengelolaan profesional, kontrak fleksibel per bulan. Jarak 7.4 km dari kampus, 1.5 km dari halte atau stasiun. Survei gratis, hubungi pemilik sekarang!","Oke secara keseluruhan. WiFi kencang dan stabil. AC dingin, tidak berisik. Ada plus minusnya, tapi tidak mengecewakan. Lumayan untuk jangka panjang.",assets/kos_photos/kos_0148.jpg,-6.20099,106.821472
KOS-0149,Kos Pancoran 149,Jakarta Selatan,Pancoran,2950000,Putra,18,0,1,0,0,1,0,0,0,3.5,Universitas Pancasila,4.0,4.9,20,183,"Hunian nyaman di jantung Jakarta Selatan. Kos putra dengan kamar mandi dalam dan parkir. Ukuran kamar 18m², cukup untuk bekerja dan beristirahat. Bebas banjir, akses 24 jam. Jarak ke transportasi umum hanya 4.0 km. Cocok untuk profesional muda yang aktif.","Lokasi sangat strategis, ke mana-mana mudah dijangkau. Kamar mandi pribadi sangat nyaman. Harga sangat worth it untuk fasilitasnya. Teman sesama penghuni juga asik.",assets/kos_photos/kos_0149.jpg,-6.249873,106.771576
KOS-0150,Kos Kebayoran Lama 150,Jakarta Selatan,Kebayoran Lama,2750000,Campur,9,0,0,1,1,1,1,0,0,3.1,Atmajaya,0.8,3.9,24,144,"Hunian nyaman di jantung Jakarta Selatan. Kos campur dengan WiFi, listrik termasuk, parkir, dan dapur bersama. Ukuran kamar 9m², cukup untuk bekerja dan beristirahat. Bebas banjir, akses 24 jam. Jarak ke transportasi umum hanya 0.8 km. Cocok untuk profesional muda yang aktif.","Lumayan sesuai harga yang dibayar. WiFi kencang dan stabil. Respons pemilik kadang agak lambat, tapi fasilitas tetap terjaga.",assets/kos_photos/kos_0150.jpg,-6.263653,106.83037
KOS-0151,Kos Kebayoran Lama 151,Jakarta Selatan,Kebayoran Lama,2650000,Putri,9,0,0,1,1,1,0,0,0,7.8,Binus,2.2,3.8,13,58,"Kos eksklusif putri area Kebayoran Lama! Fasilitas lengkap: WiFi, listrik termasuk, dan parkir. Kamar 9m² dengan pencahayaan dan ventilasi optimal. Akses mudah ke pusat bisnis Jakarta Selatan. Penjaga aktif 24 jam, CCTV terpasang di area umum. Hanya 7.8 km ke kampus terdekat. Daftar sekarang!","Lumayan sesuai harga yang dibayar. WiFi kencang dan stabil. Respons pemilik kadang agak lambat, tapi fasilitas tetap terjaga.",assets/kos_photos/kos_0151.jpg,-6.244792,106.793391
KOS-0152,Kos Mampang Prapatan 152,Jakarta Selatan,Mampang Prapatan,2650000,Campur,9,1,1,1,0,1,1,0,1,7.0,UI Depok,2.4,3.6,17,53,"Kos bersih dan terawat di Mampang Prapatan, Jakarta Selatan. Kamar campur berukuran 9m² tersedia dengan fasilitas AC, kamar mandi dalam, WiFi, parkir, dapur bersama, dan security 24 jam. Pengelolaan profesional, kontrak fleksibel per bulan. Jarak 7.0 km dari kampus, 2.4 km dari halte atau stasiun. Survei gratis, hubungi pemilik sekarang!","Lumayan sesuai harga yang dibayar. WiFi kencang dan stabil. AC dingin, tidak berisik. Respons pemilik kadang agak lambat, tapi fasilitas tetap terjaga.",assets/kos_photos/kos_0152.jpg,-6.285754,106.788408
KOS-0153,Kos Cilandak 153,Jakarta Selatan,Cilandak,3000000,Campur,9,1,1,0,1,0,1,1,1,7.5,Universitas Pancasila,1.8,4.6,29,126,"Kos bersih dan terawat di Cilandak, Jakarta Selatan. Kamar campur berukuran 9m² tersedia dengan fasilitas AC, kamar mandi dalam, listrik termasuk, dapur bersama, laundry, dan security 24 jam. Pengelolaan profesional, kontrak fleksibel per bulan. Jarak 7.5 km dari kampus, 1.8 km dari halte atau stasiun. Survei gratis, hubungi pemilik sekarang!","Lokasi sangat strategis, ke mana-mana mudah dijangkau. AC dingin, tidak berisik. Kamar mandi pribadi sangat nyaman. Harga sangat worth it untuk fasilitasnya. Teman sesama penghuni juga asik.",assets/kos_photos/kos_0153.jpg,-6.266284,106.845696
KOS-0154,Kos Setiabudi 154,Jakarta Selatan,Setiabudi,2450000,Putri,18,1,0,1,1,1,1,0,0,1.6,Universitas Pancasila,1.5,4.7,11,61,"Kos putri strategis di Setiabudi, Jakarta Selatan. Kamar 18m² dilengkapi AC, WiFi, listrik termasuk, parkir, dan dapur bersama. Lokasi hanya 1.6 km dari kampus dan 1.5 km dari moda transportasi umum. Suasana bersih, aman, dan nyaman. Cocok untuk mahasiswa maupun pekerja muda yang menginginkan hunian berkualitas dengan harga terjangkau.","Kos paling nyaman selama kuliah di Jakarta. WiFi kencang dan stabil. AC dingin, tidak berisik. Lingkungan bersih dan aman, tidak pernah ada masalah keamanan. Sangat recommended untuk mahasiswa baru!",assets/kos_photos/kos_0154.jpg,-6.258213,106.817056
KOS-0155,Kos Kebayoran Lama 155,Jakarta Selatan,Kebayoran Lama,2850000,Putri,12,1,1,1,0,1,1,1,1,1.1,Universitas Pancasila,1.3,4.6,27,8,"Tersedia kamar kos putri di kawasan Kebayoran Lama, Jakarta Selatan. Luas kamar 12m², fasilitas: AC, kamar mandi dalam, WiFi, parkir, dapur bersama, laundry, dan security 24 jam. Dekat kampus (1.1 km) dan transportasi umum (1.3 km). Lingkungan tenang, pemilik kos ramah dan responsif. Harga sudah mencakup biaya perawatan fasilitas bersama. Ideal untuk pelajar yang baru merantau.","Sudah 24 tahun tinggal di sini dan tidak mau pindah. WiFi kencang dan stabil. AC dingin, tidak berisik. Lingkungan aman dan nyaman, penghuni dipilih secara selektif.",assets/kos_photos/kos_0155.jpg,-6.270544,106.787072
KOS-0156,Kos Setiabudi 156,Jakarta Selatan,Setiabudi,2250000,Putri,15,1,0,1,1,1,0,1,0,9.0,Universitas Pancasila,4.3,5.0,12,72,"Kos putri strategis di Setiabudi, Jakarta Selatan. Kamar 15m² dilengkapi AC, WiFi, listrik termasuk, parkir, dan laundry. Lokasi hanya 9.0 km dari kampus dan 4.3 km dari moda transportasi umum. Suasana bersih, aman, dan nyaman. Cocok untuk mahasiswa maupun pekerja muda yang menginginkan hunian berkualitas dengan harga terjangkau.","Sudah 8 bulan di sini, sangat puas! Kamar bersih dan wangi. WiFi kencang dan stabil. AC dingin, tidak berisik. Pemilik kos sigap menangani keluhan. Sangat direkomendasikan!",assets/kos_photos/kos_0156.jpg,-6.300644,106.826537
KOS-0157,Kos Pancoran 157,Jakarta Selatan,Pancoran,3300000,Putra,15,1,1,1,0,1,1,0,0,4.8,Binus,0.8,3.9,25,138,"Kos putra strategis di Pancoran, Jakarta Selatan. Kamar 15m² dilengkapi AC, kamar mandi dalam, WiFi, parkir, dan dapur bersama. Lokasi hanya 4.8 km dari kampus dan 0.8 km dari moda transportasi umum. Suasana bersih, aman, dan nyaman. Cocok untuk mahasiswa maupun pekerja muda yang menginginkan hunian berkualitas dengan harga terjangkau.","Cukup nyaman untuk kebutuhan sehari-hari. WiFi kencang dan stabil. AC dingin, tidak berisik. Harga standar untuk area sini. Cocok untuk yang budget terbatas.",assets/kos_photos/kos_0157.jpg,-6.232805,106.750743
KOS-0158,Kos Cilandak 158,Jakarta Selatan,Cilandak,3000000,Campur,15,1,1,1,0,1,0,1,1,1.8,Universitas Pancasila,5.0,4.5,13,72,"Tersedia kamar kos campur di kawasan Cilandak, Jakarta Selatan. Luas kamar 15m², fasilitas: AC, kamar mandi dalam, WiFi, parkir, laundry, dan security 24 jam. Dekat kampus (1.8 km) dan transportasi umum (5.0 km). Lingkungan tenang, pemilik kos ramah dan responsif. Harga sudah mencakup biaya perawatan fasilitas bersama. Ideal untuk pelajar yang baru merantau.","Kos paling nyaman selama kuliah di Jakarta. WiFi kencang dan stabil. AC dingin, tidak berisik. Lingkungan bersih dan aman, tidak pernah ada masalah keamanan. Sangat recommended untuk mahasiswa baru!",assets/kos_photos/kos_0158.jpg,-6.282156,106.816792
KOS-0159,Kos Pasar Minggu 159,Jakarta Selatan,Pasar Minggu,3100000,Putra,9,1,1,1,1,0,0,1,0,0.6,UI Depok,4.2,4.5,15,84,"Hunian nyaman di jantung Jakarta Selatan. Kos putra dengan AC, kamar mandi dalam, WiFi, listrik termasuk, dan laundry. Ukuran kamar 9m², cukup untuk bekerja dan beristirahat. Bebas banjir, akses 24 jam. Jarak ke transportasi umum hanya 4.2 km. Cocok untuk profesional muda yang aktif.","Sudah 18 bulan di sini, sangat puas! Kamar bersih dan wangi. WiFi kencang dan stabil. AC dingin, tidak berisik. Pemilik kos sigap menangani keluhan. Sangat direkomendasikan!",assets/kos_photos/kos_0159.jpg,-6.267834,106.80662
KOS-0160,Kos Tebet 160,Jakarta Selatan,Tebet,2900000,Campur,15,1,0,1,1,1,0,0,1,8.6,Atmajaya,3.1,4.1,14,175,"Tersedia kamar kos campur di kawasan Tebet, Jakarta Selatan. Luas kamar 15m², fasilitas: AC, WiFi, listrik termasuk, parkir, dan security 24 jam. Dekat kampus (8.6 km) dan transportasi umum (3.1 km). Lingkungan tenang, pemilik kos ramah dan responsif. Harga sudah mencakup biaya perawatan fasilitas bersama. Ideal untuk pelajar yang baru merantau.","Sudah 18 tahun tinggal di sini dan tidak mau pindah. WiFi kencang dan stabil. AC dingin, tidak berisik. Lingkungan aman dan nyaman, penghuni dipilih secara selektif.",assets/kos_photos/kos_0160.jpg,-6.243829,106.827167
KOS-0161,Kos Kebayoran Lama 161,Jakarta Selatan,Kebayoran Lama,2950000,Putri,9,0,0,1,1,0,0,0,1,3.2,UI Depok,2.1,3.6,11,71,"Hunian nyaman di jantung Jakarta Selatan. Kos putri dengan WiFi, listrik termasuk, dan security 24 jam. Ukuran kamar 9m², cukup untuk bekerja dan beristirahat. Bebas banjir, akses 24 jam. Jarak ke transportasi umum hanya 2.1 km. Cocok untuk profesional muda yang aktif.","Lumayan sesuai harga yang dibayar. WiFi kencang dan stabil. Keamanan 24 jam membuat tenang. Respons pemilik kadang agak lambat, tapi fasilitas tetap terjaga.",assets/kos_photos/kos_0161.jpg,-6.247587,106.81801
KOS-0162,Kos Kebayoran Baru 162,Jakarta Selatan,Kebayoran Baru,2400000,Putri,12,0,0,0,0,0,1,1,0,8.5,UI Depok,4.5,3.5,15,109,"Kos eksklusif putri area Kebayoran Baru! Fasilitas lengkap: dapur bersama dan laundry. Kamar 12m² dengan pencahayaan dan ventilasi optimal. Akses mudah ke pusat bisnis Jakarta Selatan. Penjaga aktif 24 jam, CCTV terpasang di area umum. Hanya 8.5 km ke kampus terdekat. Daftar sekarang!",Cukup nyaman untuk kebutuhan sehari-hari. Fasilitas standar terpenuhi. Harga standar untuk area sini. Cocok untuk yang budget terbatas.,assets/kos_photos/kos_0162.jpg,-6.269177,106.791762
KOS-0163,Kos Kebayoran Lama 163,Jakarta Selatan,Kebayoran Lama,2900000,Putri,15,0,0,1,0,1,0,0,1,3.2,Binus,1.9,4.8,25,136,"Kos putri strategis di Kebayoran Lama, Jakarta Selatan. Kamar 15m² dilengkapi WiFi, parkir, dan security 24 jam. Lokasi hanya 3.2 km dari kampus dan 1.9 km dari moda transportasi umum. Suasana bersih, aman, dan nyaman. Cocok untuk mahasiswa maupun pekerja muda yang menginginkan hunian berkualitas dengan harga terjangkau.","Lokasi sangat strategis, ke mana-mana mudah dijangkau. WiFi kencang dan stabil. Keamanan 24 jam membuat tenang. Harga sangat worth it untuk fasilitasnya. Teman sesama penghuni juga asik.",assets/kos_photos/kos_0163.jpg,-6.292612,106.78838
KOS-0164,Kos Jagakarsa 164,Jakarta Selatan,Jagakarsa,2550000,Putra,9,1,1,1,1,0,0,1,0,9.4,Binus,2.6,4.8,8,28,"Kos bersih dan terawat di Jagakarsa, Jakarta Selatan. Kamar putra berukuran 9m² tersedia dengan fasilitas AC, kamar mandi dalam, WiFi, listrik termasuk, dan laundry. Pengelolaan profesional, kontrak fleksibel per bulan. Jarak 9.4 km dari kampus, 2.6 km dari halte atau stasiun. Survei gratis, hubungi pemilik sekarang!","Sudah 6 bulan di sini, sangat puas! Kamar bersih dan wangi. WiFi kencang dan stabil. AC dingin, tidak berisik. Pemilik kos sigap menangani keluhan. Sangat direkomendasikan!",assets/kos_photos/kos_0164.jpg,-6.260221,106.791462
KOS-0165,Kos Mampang Prapatan 165,Jakarta Selatan,Mampang Prapatan,2150000,Putri,9,1,0,1,1,0,0,0,0,4.5,UI Depok,2.7,3.8,10,65,"Hunian nyaman di jantung Jakarta Selatan. Kos putri dengan AC, WiFi, dan listrik termasuk. Ukuran kamar 9m², cukup untuk bekerja dan beristirahat. Bebas banjir, akses 24 jam. Jarak ke transportasi umum hanya 2.7 km. Cocok untuk profesional muda yang aktif.","Lumayan sesuai harga yang dibayar. WiFi kencang dan stabil. AC dingin, tidak berisik. Respons pemilik kadang agak lambat, tapi fasilitas tetap terjaga.",assets/kos_photos/kos_0165.jpg,-6.243015,106.806609
KOS-0166,Kos Kebayoran Baru 166,Jakarta Selatan,Kebayoran Baru,2750000,Putri,12,0,0,1,1,0,1,1,1,3.6,Binus,3.6,4.1,19,43,"Kos eksklusif putri area Kebayoran Baru! Fasilitas lengkap: WiFi, listrik termasuk, dapur bersama, laundry, dan security 24 jam. Kamar 12m² dengan pencahayaan dan ventilasi optimal. Akses mudah ke pusat bisnis Jakarta Selatan. Penjaga aktif 24 jam, CCTV terpasang di area umum. Hanya 3.6 km ke kampus terdekat. Daftar sekarang!","Kos paling nyaman selama kuliah di Jakarta. WiFi kencang dan stabil. Keamanan 24 jam membuat tenang. Lingkungan bersih dan aman, tidak pernah ada masalah keamanan. Sangat recommended untuk mahasiswa baru!",assets/kos_photos/kos_0166.jpg,-6.256801,106.774397
KOS-0167,Kos Mampang Prapatan 167,Jakarta Selatan,Mampang Prapatan,2450000,Putri,9,1,1,0,0,1,1,0,0,6.5,UI Depok,2.5,4.4,25,106,"Kos eksklusif putri area Mampang Prapatan! Fasilitas lengkap: AC, kamar mandi dalam, parkir, dan dapur bersama. Kamar 9m² dengan pencahayaan dan ventilasi optimal. Akses mudah ke pusat bisnis Jakarta Selatan. Penjaga aktif 24 jam, CCTV terpasang di area umum. Hanya 6.5 km ke kampus terdekat. Daftar sekarang!","Baru 12 minggu tapi sudah betah banget. AC dingin, tidak berisik. Kamar mandi pribadi sangat nyaman. Air bersih dan lancar, listrik stabil, tidak pernah mati. Harga sepadan.",assets/kos_photos/kos_0167.jpg,-6.254949,106.788108
KOS-0168,Kos Pancoran 168,Jakarta Selatan,Pancoran,2700000,Campur,15,1,1,1,1,1,1,1,1,7.4,Binus,4.3,3.8,17,10,"Kos bersih dan terawat di Pancoran, Jakarta Selatan. Kamar campur berukuran 15m² tersedia dengan fasilitas AC, kamar mandi dalam, WiFi, listrik termasuk, parkir, dapur bersama, laundry, dan security 24 jam. Pengelolaan profesional, kontrak fleksibel per bulan. Jarak 7.4 km dari kampus, 4.3 km dari halte atau stasiun. Survei gratis, hubungi pemilik sekarang!","Lumayan sesuai harga yang dibayar. WiFi kencang dan stabil. AC dingin, tidak berisik. Respons pemilik kadang agak lambat, tapi fasilitas tetap terjaga.",assets/kos_photos/kos_0168.jpg,-6.228095,106.841799
KOS-0169,Kos Kebayoran Baru 169,Jakarta Selatan,Kebayoran Baru,2250000,Putra,15,1,1,1,1,1,1,0,0,7.5,Binus,2.0,3.5,5,166,"Tersedia kamar kos putra di kawasan Kebayoran Baru, Jakarta Selatan. Luas kamar 15m², fasilitas: AC, kamar mandi dalam, WiFi, listrik termasuk, parkir, dan dapur bersama. Dekat kampus (7.5 km) dan transportasi umum (2.0 km). Lingkungan tenang, pemilik kos ramah dan responsif. Harga sudah mencakup biaya perawatan fasilitas bersama. Ideal untuk pelajar yang baru merantau.","Lumayan sesuai harga yang dibayar. WiFi kencang dan stabil. AC dingin, tidak berisik. Respons pemilik kadang agak lambat, tapi fasilitas tetap terjaga.",assets/kos_photos/kos_0169.jpg,-6.252414,106.750352
KOS-0170,Kos Jagakarsa 170,Jakarta Selatan,Jagakarsa,2400000,Campur,9,0,1,1,1,1,0,0,1,8.1,Atmajaya,2.9,4.8,24,176,"Hunian nyaman di jantung Jakarta Selatan. Kos campur dengan kamar mandi dalam, WiFi, listrik termasuk, parkir, dan security 24 jam. Ukuran kamar 9m², cukup untuk bekerja dan beristirahat. Bebas banjir, akses 24 jam. Jarak ke transportasi umum hanya 2.9 km. Cocok untuk profesional muda yang aktif.","Kos paling nyaman selama kuliah di Jakarta. WiFi kencang dan stabil. Kamar mandi pribadi sangat nyaman. Lingkungan bersih dan aman, tidak pernah ada masalah keamanan. Sangat recommended untuk mahasiswa baru!",assets/kos_photos/kos_0170.jpg,-6.288303,106.82846
KOS-0171,Kos Jagakarsa 171,Jakarta Selatan,Jagakarsa,2450000,Putri,9,1,1,1,0,1,1,1,1,2.0,UI Depok,1.1,3.8,16,138,"Kos bersih dan terawat di Jagakarsa, Jakarta Selatan. Kamar putri berukuran 9m² tersedia dengan fasilitas AC, kamar mandi dalam, WiFi, parkir, dapur bersama, laundry, dan security 24 jam. Pengelolaan profesional, kontrak fleksibel per bulan. Jarak 2.0 km dari kampus, 1.1 km dari halte atau stasiun. Survei gratis, hubungi pemilik sekarang!","Oke secara keseluruhan. WiFi kencang dan stabil. AC dingin, tidak berisik. Ada plus minusnya, tapi tidak mengecewakan. Lumayan untuk jangka panjang.",assets/kos_photos/kos_0171.jpg,-6.290915,106.789663
KOS-0172,Kos Pancoran 172,Jakarta Selatan,Pancoran,3150000,Putra,9,1,1,1,0,1,0,0,1,4.1,Atmajaya,4.9,3.7,27,132,"Kos bersih dan terawat di Pancoran, Jakarta Selatan. Kamar putra berukuran 9m² tersedia dengan fasilitas AC, kamar mandi dalam, WiFi, parkir, dan security 24 jam. Pengelolaan profesional, kontrak fleksibel per bulan. Jarak 4.1 km dari kampus, 4.9 km dari halte atau stasiun. Survei gratis, hubungi pemilik sekarang!","Lumayan sesuai harga yang dibayar. WiFi kencang dan stabil. AC dingin, tidak berisik. Respons pemilik kadang agak lambat, tapi fasilitas tetap terjaga.",assets/kos_photos/kos_0172.jpg,-6.292059,106.816826
KOS-0173,Kos Cilandak 173,Jakarta Selatan,Cilandak,2500000,Putra,12,1,1,1,1,1,0,0,1,9.8,Universitas Pancasila,2.9,3.8,21,75,"Kos eksklusif putra area Cilandak! Fasilitas lengkap: AC, kamar mandi dalam, WiFi, listrik termasuk, parkir, dan security 24 jam. Kamar 12m² dengan pencahayaan dan ventilasi optimal. Akses mudah ke pusat bisnis Jakarta Selatan. Penjaga aktif 24 jam, CCTV terpasang di area umum. Hanya 9.8 km ke kampus terdekat. Daftar sekarang!","Lumayan sesuai harga yang dibayar. WiFi kencang dan stabil. AC dingin, tidak berisik. Respons pemilik kadang agak lambat, tapi fasilitas tetap terjaga.",assets/kos_photos/kos_0173.jpg,-6.302794,106.778573
KOS-0174,Kos Pasar Minggu 174,Jakarta Selatan,Pasar Minggu,2950000,Putra,24,0,1,1,0,1,1,0,0,3.3,Binus,0.6,4.5,25,154,"Kos eksklusif putra area Pasar Minggu! Fasilitas lengkap: kamar mandi dalam, WiFi, parkir, dan dapur bersama. Kamar 24m² dengan pencahayaan dan ventilasi optimal. Akses mudah ke pusat bisnis Jakarta Selatan. Penjaga aktif 24 jam, CCTV terpasang di area umum. Hanya 3.3 km ke kampus terdekat. Daftar sekarang!","Lokasi sangat strategis, ke mana-mana mudah dijangkau. WiFi kencang dan stabil. Kamar mandi pribadi sangat nyaman. Harga sangat worth it untuk fasilitasnya. Teman sesama penghuni juga asik.",assets/kos_photos/kos_0174.jpg,-6.241185,106.816641
KOS-0175,Kos Pasar Minggu 175,Jakarta Selatan,Pasar Minggu,2600000,Putra,9,1,1,1,1,1,0,0,0,4.8,Binus,3.1,3.5,28,104,"Hunian nyaman di jantung Jakarta Selatan. Kos putra dengan AC, kamar mandi dalam, WiFi, listrik termasuk, dan parkir. Ukuran kamar 9m², cukup untuk bekerja dan beristirahat. Bebas banjir, akses 24 jam. Jarak ke transportasi umum hanya 3.1 km. Cocok untuk profesional muda yang aktif.","Cukup nyaman untuk kebutuhan sehari-hari. WiFi kencang dan stabil. AC dingin, tidak berisik. Harga standar untuk area sini. Cocok untuk yang budget terbatas.",assets/kos_photos/kos_0175.jpg,-6.248615,106.796162
KOS-0176,Kos Tebet 176,Jakarta Selatan,Tebet,2500000,Putri,15,1,0,1,0,1,0,1,0,7.5,Atmajaya,1.2,4.6,22,89,"Kos eksklusif putri area Tebet! Fasilitas lengkap: AC, WiFi, parkir, dan laundry. Kamar 15m² dengan pencahayaan dan ventilasi optimal. Akses mudah ke pusat bisnis Jakarta Selatan. Penjaga aktif 24 jam, CCTV terpasang di area umum. Hanya 7.5 km ke kampus terdekat. Daftar sekarang!","Kos paling nyaman selama kuliah di Jakarta. WiFi kencang dan stabil. AC dingin, tidak berisik. Lingkungan bersih dan aman, tidak pernah ada masalah keamanan. Sangat recommended untuk mahasiswa baru!",assets/kos_photos/kos_0176.jpg,-6.277415,106.824128
KOS-0177,Kos Pesanggrahan 177,Jakarta Selatan,Pesanggrahan,3150000,Putra,15,1,0,1,1,0,0,0,1,1.4,UI Depok,1.2,3.5,5,114,"Kos bersih dan terawat di Pesanggrahan, Jakarta Selatan. Kamar putra berukuran 15m² tersedia dengan fasilitas AC, WiFi, listrik termasuk, dan security 24 jam. Pengelolaan profesional, kontrak fleksibel per bulan. Jarak 1.4 km dari kampus, 1.2 km dari halte atau stasiun. Survei gratis, hubungi pemilik sekarang!","Cukup nyaman untuk kebutuhan sehari-hari. WiFi kencang dan stabil. AC dingin, tidak berisik. Harga standar untuk area sini. Cocok untuk yang budget terbatas.",assets/kos_photos/kos_0177.jpg,-6.250298,106.76846
KOS-0178,Kos Kebayoran Lama 178,Jakarta Selatan,Kebayoran Lama,2400000,Putra,18,0,1,1,0,0,0,0,0,4.1,UI Depok,2.6,4.1,10,124,"Kos putra strategis di Kebayoran Lama, Jakarta Selatan. Kamar 18m² dilengkapi kamar mandi dalam dan WiFi. Lokasi hanya 4.1 km dari kampus dan 2.6 km dari moda transportasi umum. Suasana bersih, aman, dan nyaman. Cocok untuk mahasiswa maupun pekerja muda yang menginginkan hunian berkualitas dengan harga terjangkau.","Baru 18 minggu tapi sudah betah banget. WiFi kencang dan stabil. Kamar mandi pribadi sangat nyaman. Air bersih dan lancar, listrik stabil, tidak pernah mati. Harga sepadan.",assets/kos_photos/kos_0178.jpg,-6.255618,106.775007
KOS-0179,Kos Mampang Prapatan 179,Jakarta Selatan,Mampang Prapatan,2350000,Putri,15,0,0,1,1,1,0,0,1,4.8,Binus,3.2,4.1,8,111,"Tersedia kamar kos putri di kawasan Mampang Prapatan, Jakarta Selatan. Luas kamar 15m², fasilitas: WiFi, listrik termasuk, parkir, dan security 24 jam. Dekat kampus (4.8 km) dan transportasi umum (3.2 km). Lingkungan tenang, pemilik kos ramah dan responsif. Harga sudah mencakup biaya perawatan fasilitas bersama. Ideal untuk pelajar yang baru merantau.","Sudah 6 tahun tinggal di sini dan tidak mau pindah. WiFi kencang dan stabil. Keamanan 24 jam membuat tenang. Lingkungan aman dan nyaman, penghuni dipilih secara selektif.",assets/kos_photos/kos_0179.jpg,-6.281665,106.778534
KOS-0180,Kos Kebayoran Lama 180,Jakarta Selatan,Kebayoran Lama,3150000,Putri,9,1,1,1,1,1,0,0,1,2.5,Binus,1.5,4.1,10,89,"Kos putri strategis di Kebayoran Lama, Jakarta Selatan. Kamar 9m² dilengkapi AC, kamar mandi dalam, WiFi, listrik termasuk, parkir, dan security 24 jam. Lokasi hanya 2.5 km dari kampus dan 1.5 km dari moda transportasi umum. Suasana bersih, aman, dan nyaman. Cocok untuk mahasiswa maupun pekerja muda yang menginginkan hunian berkualitas dengan harga terjangkau.","Lokasi sangat strategis, ke mana-mana mudah dijangkau. WiFi kencang dan stabil. AC dingin, tidak berisik. Harga sangat worth it untuk fasilitasnya. Teman sesama penghuni juga asik.",assets/kos_photos/kos_0180.jpg,-6.276849,106.846879
KOS-0181,Kos Kebayoran Lama 181,Jakarta Selatan,Kebayoran Lama,2850000,Campur,12,1,1,1,1,1,0,1,0,5.8,Atmajaya,1.4,4.8,17,50,"Tersedia kamar kos campur di kawasan Kebayoran Lama, Jakarta Selatan. Luas kamar 12m², fasilitas: AC, kamar mandi dalam, WiFi, listrik termasuk, parkir, dan laundry. Dekat kampus (5.8 km) dan transportasi umum (1.4 km). Lingkungan tenang, pemilik kos ramah dan responsif. Harga sudah mencakup biaya perawatan fasilitas bersama. Ideal untuk pelajar yang baru merantau.","Baru 8 minggu tapi sudah betah banget. WiFi kencang dan stabil. AC dingin, tidak berisik. Air bersih dan lancar, listrik stabil, tidak pernah mati. Harga sepadan.",assets/kos_photos/kos_0181.jpg,-6.260697,106.817323
KOS-0182,Kos Jagakarsa 182,Jakarta Selatan,Jagakarsa,2850000,Putri,12,1,0,1,1,1,1,0,0,2.3,Binus,4.3,4.8,7,61,"Kos putri strategis di Jagakarsa, Jakarta Selatan. Kamar 12m² dilengkapi AC, WiFi, listrik termasuk, parkir, dan dapur bersama. Lokasi hanya 2.3 km dari kampus dan 4.3 km dari moda transportasi umum. Suasana bersih, aman, dan nyaman. Cocok untuk mahasiswa maupun pekerja muda yang menginginkan hunian berkualitas dengan harga terjangkau.","Baru 12 minggu tapi sudah betah banget. WiFi kencang dan stabil. AC dingin, tidak berisik. Air bersih dan lancar, listrik stabil, tidak pernah mati. Harga sepadan.",assets/kos_photos/kos_0182.jpg,-6.274836,106.800309
KOS-0183,Kos Cilandak 183,Jakarta Selatan,Cilandak,2600000,Campur,12,0,1,1,1,1,0,0,1,8.0,Atmajaya,1.6,4.1,14,126,"Kos eksklusif campur area Cilandak! Fasilitas lengkap: kamar mandi dalam, WiFi, listrik termasuk, parkir, dan security 24 jam. Kamar 12m² dengan pencahayaan dan ventilasi optimal. Akses mudah ke pusat bisnis Jakarta Selatan. Penjaga aktif 24 jam, CCTV terpasang di area umum. Hanya 8.0 km ke kampus terdekat. Daftar sekarang!","Lokasi sangat strategis, ke mana-mana mudah dijangkau. WiFi kencang dan stabil. Kamar mandi pribadi sangat nyaman. Harga sangat worth it untuk fasilitasnya. Teman sesama penghuni juga asik.",assets/kos_photos/kos_0183.jpg,-6.287515,106.75028
KOS-0184,Kos Setiabudi 184,Jakarta Selatan,Setiabudi,2350000,Putra,15,1,1,0,0,1,0,0,0,5.9,Binus,4.9,4.8,7,172,"Kos bersih dan terawat di Setiabudi, Jakarta Selatan. Kamar putra berukuran 15m² tersedia dengan fasilitas AC, kamar mandi dalam, dan parkir. Pengelolaan profesional, kontrak fleksibel per bulan. Jarak 5.9 km dari kampus, 4.9 km dari halte atau stasiun. Survei gratis, hubungi pemilik sekarang!","Kos paling nyaman selama kuliah di Jakarta. AC dingin, tidak berisik. Kamar mandi pribadi sangat nyaman. Lingkungan bersih dan aman, tidak pernah ada masalah keamanan. Sangat recommended untuk mahasiswa baru!",assets/kos_photos/kos_0184.jpg,-6.271632,106.762179
KOS-0185,Kos Setiabudi 185,Jakarta Selatan,Setiabudi,2600000,Putra,12,0,1,1,1,1,0,0,1,1.9,Binus,3.5,4.8,11,53,"Kos bersih dan terawat di Setiabudi, Jakarta Selatan. Kamar putra berukuran 12m² tersedia dengan fasilitas kamar mandi dalam, WiFi, listrik termasuk, parkir, dan security 24 jam. Pengelolaan profesional, kontrak fleksibel per bulan. Jarak 1.9 km dari kampus, 3.5 km dari halte atau stasiun. Survei gratis, hubungi pemilik sekarang!","Sudah 12 bulan di sini, sangat puas! Kamar bersih dan wangi. WiFi kencang dan stabil. Kamar mandi pribadi sangat nyaman. Pemilik kos sigap menangani keluhan. Sangat direkomendasikan!",assets/kos_photos/kos_0185.jpg,-6.268656,106.805852
KOS-0186,Kos Jagakarsa 186,Jakarta Selatan,Jagakarsa,2750000,Putra,9,1,0,1,0,1,0,0,1,7.4,Universitas Pancasila,2.8,4.8,23,183,"Kos putra strategis di Jagakarsa, Jakarta Selatan. Kamar 9m² dilengkapi AC, WiFi, parkir, dan security 24 jam. Lokasi hanya 7.4 km dari kampus dan 2.8 km dari moda transportasi umum. Suasana bersih, aman, dan nyaman. Cocok untuk mahasiswa maupun pekerja muda yang menginginkan hunian berkualitas dengan harga terjangkau.","Kos paling nyaman selama kuliah di Jakarta. WiFi kencang dan stabil. AC dingin, tidak berisik. Lingkungan bersih dan aman, tidak pernah ada masalah keamanan. Sangat recommended untuk mahasiswa baru!",assets/kos_photos/kos_0186.jpg,-6.248387,106.77324
KOS-0187,Kos Cilandak 187,Jakarta Selatan,Cilandak,3450000,Campur,20,1,1,0,1,1,0,0,0,2.4,Atmajaya,0.5,4.3,8,120,"Hunian nyaman di jantung Jakarta Selatan. Kos campur dengan AC, kamar mandi dalam, listrik termasuk, dan parkir. Ukuran kamar 20m², cukup untuk bekerja dan beristirahat. Bebas banjir, akses 24 jam. Jarak ke transportasi umum hanya 0.5 km. Cocok untuk profesional muda yang aktif.","Kos paling nyaman selama kuliah di Jakarta. AC dingin, tidak berisik. Kamar mandi pribadi sangat nyaman. Lingkungan bersih dan aman, tidak pernah ada masalah keamanan. Sangat recommended untuk mahasiswa baru!",assets/kos_photos/kos_0187.jpg,-6.210183,106.814899
KOS-0188,Kos Pesanggrahan 188,Jakarta Selatan,Pesanggrahan,2550000,Putra,15,1,1,1,1,0,1,0,1,6.3,Universitas Pancasila,3.6,3.6,15,95,"Kos putra strategis di Pesanggrahan, Jakarta Selatan. Kamar 15m² dilengkapi AC, kamar mandi dalam, WiFi, listrik termasuk, dapur bersama, dan security 24 jam. Lokasi hanya 6.3 km dari kampus dan 3.6 km dari moda transportasi umum. Suasana bersih, aman, dan nyaman. Cocok untuk mahasiswa maupun pekerja muda yang menginginkan hunian berkualitas dengan harga terjangkau.","Cukup nyaman untuk kebutuhan sehari-hari. WiFi kencang dan stabil. AC dingin, tidak berisik. Harga standar untuk area sini. Cocok untuk yang budget terbatas.",assets/kos_photos/kos_0188.jpg,-6.246119,106.767333
KOS-0189,Kos Jatinegara 189,Jakarta Timur,Jatinegara,2150000,Putri,15,1,1,0,1,1,0,0,1,7.6,UNJ,4.1,4.5,16,63,"Tersedia kamar kos putri di kawasan Jatinegara, Jakarta Timur. Luas kamar 15m², fasilitas: AC, kamar mandi dalam, listrik termasuk, parkir, dan security 24 jam. Dekat kampus (7.6 km) dan transportasi umum (4.1 km). Lingkungan tenang, pemilik kos ramah dan responsif. Harga sudah mencakup biaya perawatan fasilitas bersama. Ideal untuk pelajar yang baru merantau.","Sudah 2 bulan di sini, sangat puas! Kamar bersih dan wangi. AC dingin, tidak berisik. Kamar mandi pribadi sangat nyaman. Pemilik kos sigap menangani keluhan. Sangat direkomendasikan!",assets/kos_photos/kos_0189.jpg,-6.234762,106.946596
KOS-0190,Kos Pasar Rebo 190,Jakarta Timur,Pasar Rebo,1600000,Campur,12,1,0,1,0,0,1,0,1,7.7,Politeknik Negeri Jakarta,1.7,4.1,12,61,"Tersedia kamar kos campur di kawasan Pasar Rebo, Jakarta Timur. Luas kamar 12m², fasilitas: AC, WiFi, dapur bersama, dan security 24 jam. Dekat kampus (7.7 km) dan transportasi umum (1.7 km). Lingkungan tenang, pemilik kos ramah dan responsif. Harga sudah mencakup biaya perawatan fasilitas bersama. Ideal untuk pelajar yang baru merantau.","Kos paling nyaman selama kuliah di Jakarta. WiFi kencang dan stabil. AC dingin, tidak berisik. Lingkungan bersih dan aman, tidak pernah ada masalah keamanan. Sangat recommended untuk mahasiswa baru!",assets/kos_photos/kos_0190.jpg,-6.252594,106.915081
KOS-0191,Kos Cipayung 191,Jakarta Timur,Cipayung,2200000,Putri,12,1,1,1,1,1,0,0,0,9.6,Universitas Trisakti,2.3,4.5,7,65,"Kos bersih dan terawat di Cipayung, Jakarta Timur. Kamar putri berukuran 12m² tersedia dengan fasilitas AC, kamar mandi dalam, WiFi, listrik termasuk, dan parkir. Pengelolaan profesional, kontrak fleksibel per bulan. Jarak 9.6 km dari kampus, 2.3 km dari halte atau stasiun. Survei gratis, hubungi pemilik sekarang!","Lokasi sangat strategis, ke mana-mana mudah dijangkau. WiFi kencang dan stabil. AC dingin, tidak berisik. Harga sangat worth it untuk fasilitasnya. Teman sesama penghuni juga asik.",assets/kos_photos/kos_0191.jpg,-6.246726,106.904835
KOS-0192,Kos Matraman 192,Jakarta Timur,Matraman,2300000,Campur,12,1,1,1,0,1,1,0,1,9.8,UNJ,4.0,3.7,12,169,"Kos eksklusif campur area Matraman! Fasilitas lengkap: AC, kamar mandi dalam, WiFi, parkir, dapur bersama, dan security 24 jam. Kamar 12m² dengan pencahayaan dan ventilasi optimal. Akses mudah ke pusat bisnis Jakarta Timur. Penjaga aktif 24 jam, CCTV terpasang di area umum. Hanya 9.8 km ke kampus terdekat. Daftar sekarang!","Oke secara keseluruhan. WiFi kencang dan stabil. AC dingin, tidak berisik. Ada plus minusnya, tapi tidak mengecewakan. Lumayan untuk jangka panjang.",assets/kos_photos/kos_0192.jpg,-6.267299,106.899961
KOS-0193,Kos Makasar 193,Jakarta Timur,Makasar,2250000,Campur,12,0,1,1,1,0,1,0,1,9.1,UNJ,5.0,3.9,26,42,"Tersedia kamar kos campur di kawasan Makasar, Jakarta Timur. Luas kamar 12m², fasilitas: kamar mandi dalam, WiFi, listrik termasuk, dapur bersama, dan security 24 jam. Dekat kampus (9.1 km) dan transportasi umum (5.0 km). Lingkungan tenang, pemilik kos ramah dan responsif. Harga sudah mencakup biaya perawatan fasilitas bersama. Ideal untuk pelajar yang baru merantau.",Cukup nyaman untuk kebutuhan sehari-hari. WiFi kencang dan stabil. Kamar mandi pribadi sangat nyaman. Harga standar untuk area sini. Cocok untuk yang budget terbatas.,assets/kos_photos/kos_0193.jpg,-6.233559,106.89836
KOS-0194,Kos Duren Sawit 194,Jakarta Timur,Duren Sawit,2000000,Putra,24,1,1,1,1,0,0,0,0,9.0,Politeknik Negeri Jakarta,4.3,3.6,25,90,"Tersedia kamar kos putra di kawasan Duren Sawit, Jakarta Timur. Luas kamar 24m², fasilitas: AC, kamar mandi dalam, WiFi, dan listrik termasuk. Dekat kampus (9.0 km) dan transportasi umum (4.3 km). Lingkungan tenang, pemilik kos ramah dan responsif. Harga sudah mencakup biaya perawatan fasilitas bersama. Ideal untuk pelajar yang baru merantau.","Lumayan sesuai harga yang dibayar. WiFi kencang dan stabil. AC dingin, tidak berisik. Respons pemilik kadang agak lambat, tapi fasilitas tetap terjaga.",assets/kos_photos/kos_0194.jpg,-6.212948,106.887332
KOS-0195,Kos Makasar 195,Jakarta Timur,Makasar,2350000,Putri,12,0,1,1,0,0,0,0,1,4.2,UNJ,0.5,4.5,15,24,"Kos putri strategis di Makasar, Jakarta Timur. Kamar 12m² dilengkapi kamar mandi dalam, WiFi, dan security 24 jam. Lokasi hanya 4.2 km dari kampus dan 0.5 km dari moda transportasi umum. Suasana bersih, aman, dan nyaman. Cocok untuk mahasiswa maupun pekerja muda yang menginginkan hunian berkualitas dengan harga terjangkau.","Lokasi sangat strategis, ke mana-mana mudah dijangkau. WiFi kencang dan stabil. Kamar mandi pribadi sangat nyaman. Harga sangat worth it untuk fasilitasnya. Teman sesama penghuni juga asik.",assets/kos_photos/kos_0195.jpg,-6.205379,106.907209
KOS-0196,Kos Cakung 196,Jakarta Timur,Cakung,2350000,Campur,12,1,0,1,1,1,0,0,1,9.4,Universitas Trisakti,2.6,4.0,26,124,"Tersedia kamar kos campur di kawasan Cakung, Jakarta Timur. Luas kamar 12m², fasilitas: AC, WiFi, listrik termasuk, parkir, dan security 24 jam. Dekat kampus (9.4 km) dan transportasi umum (2.6 km). Lingkungan tenang, pemilik kos ramah dan responsif. Harga sudah mencakup biaya perawatan fasilitas bersama. Ideal untuk pelajar yang baru merantau.","Lokasi sangat strategis, ke mana-mana mudah dijangkau. WiFi kencang dan stabil. AC dingin, tidak berisik. Harga sangat worth it untuk fasilitasnya. Teman sesama penghuni juga asik.",assets/kos_photos/kos_0196.jpg,-6.204105,106.909134
KOS-0197,Kos Pasar Rebo 197,Jakarta Timur,Pasar Rebo,2500000,Campur,12,1,1,0,1,1,0,0,1,2.4,Universitas Trisakti,0.4,4.9,22,116,"Tersedia kamar kos campur di kawasan Pasar Rebo, Jakarta Timur. Luas kamar 12m², fasilitas: AC, kamar mandi dalam, listrik termasuk, parkir, dan security 24 jam. Dekat kampus (2.4 km) dan transportasi umum (0.4 km). Lingkungan tenang, pemilik kos ramah dan responsif. Harga sudah mencakup biaya perawatan fasilitas bersama. Ideal untuk pelajar yang baru merantau.","Baru 12 minggu tapi sudah betah banget. AC dingin, tidak berisik. Kamar mandi pribadi sangat nyaman. Air bersih dan lancar, listrik stabil, tidak pernah mati. Harga sepadan.",assets/kos_photos/kos_0197.jpg,-6.215372,106.910905
KOS-0198,Kos Matraman 198,Jakarta Timur,Matraman,2450000,Putra,12,1,1,1,1,1,0,0,1,3.1,UNJ,4.6,4.0,26,44,"Hunian nyaman di jantung Jakarta Timur. Kos putra dengan AC, kamar mandi dalam, WiFi, listrik termasuk, parkir, dan security 24 jam. Ukuran kamar 12m², cukup untuk bekerja dan beristirahat. Bebas banjir, akses 24 jam. Jarak ke transportasi umum hanya 4.6 km. Cocok untuk profesional muda yang aktif.","Sudah 24 tahun tinggal di sini dan tidak mau pindah. WiFi kencang dan stabil. AC dingin, tidak berisik. Lingkungan aman dan nyaman, penghuni dipilih secara selektif.",assets/kos_photos/kos_0198.jpg,-6.204581,106.916027
KOS-0199,Kos Cakung 199,Jakarta Timur,Cakung,2500000,Putra,15,0,1,1,1,1,0,1,1,3.2,Politeknik Negeri Jakarta,4.1,4.8,19,123,"Kos eksklusif putra area Cakung! Fasilitas lengkap: kamar mandi dalam, WiFi, listrik termasuk, parkir, laundry, dan security 24 jam. Kamar 15m² dengan pencahayaan dan ventilasi optimal. Akses mudah ke pusat bisnis Jakarta Timur. Penjaga aktif 24 jam, CCTV terpasang di area umum. Hanya 3.2 km ke kampus terdekat. Daftar sekarang!","Sudah 3 bulan di sini, sangat puas! Kamar bersih dan wangi. WiFi kencang dan stabil. Kamar mandi pribadi sangat nyaman. Pemilik kos sigap menangani keluhan. Sangat direkomendasikan!",assets/kos_photos/kos_0199.jpg,-6.238033,106.889515
KOS-0200,Kos Pulo Gadung 200,Jakarta Timur,Pulo Gadung,1950000,Campur,9,1,1,0,0,0,1,1,1,4.2,Universitas Trisakti,0.5,4.2,10,164,"Kos eksklusif campur area Pulo Gadung! Fasilitas lengkap: AC, kamar mandi dalam, dapur bersama, laundry, dan security 24 jam. Kamar 9m² dengan pencahayaan dan ventilasi optimal. Akses mudah ke pusat bisnis Jakarta Timur. Penjaga aktif 24 jam, CCTV terpasang di area umum. Hanya 4.2 km ke kampus terdekat. Daftar sekarang!","Lokasi sangat strategis, ke mana-mana mudah dijangkau. AC dingin, tidak berisik. Kamar mandi pribadi sangat nyaman. Harga sangat worth it untuk fasilitasnya. Teman sesama penghuni juga asik.",assets/kos_photos/kos_0200.jpg,-6.187541,106.888929
KOS-0201,Kos Duren Sawit 201,Jakarta Timur,Duren Sawit,2050000,Putri,9,1,1,1,0,0,0,0,0,0.7,UNJ,4.2,4.0,8,30,"Kos putri strategis di Duren Sawit, Jakarta Timur. Kamar 9m² dilengkapi AC, kamar mandi dalam, dan WiFi. Lokasi hanya 0.7 km dari kampus dan 4.2 km dari moda transportasi umum. Suasana bersih, aman, dan nyaman. Cocok untuk mahasiswa maupun pekerja muda yang menginginkan hunian berkualitas dengan harga terjangkau.","Sudah 24 bulan di sini, sangat puas! Kamar bersih dan wangi. WiFi kencang dan stabil. AC dingin, tidak berisik. Pemilik kos sigap menangani keluhan. Sangat direkomendasikan!",assets/kos_photos/kos_0201.jpg,-6.217148,106.894256
KOS-0202,Kos Makasar 202,Jakarta Timur,Makasar,1950000,Putri,9,1,1,0,1,0,0,1,1,5.0,UNJ,3.9,3.5,27,69,"Kos bersih dan terawat di Makasar, Jakarta Timur. Kamar putri berukuran 9m² tersedia dengan fasilitas AC, kamar mandi dalam, listrik termasuk, laundry, dan security 24 jam. Pengelolaan profesional, kontrak fleksibel per bulan. Jarak 5.0 km dari kampus, 3.9 km dari halte atau stasiun. Survei gratis, hubungi pemilik sekarang!","Cukup nyaman untuk kebutuhan sehari-hari. AC dingin, tidak berisik. Kamar mandi pribadi sangat nyaman. Harga standar untuk area sini. Cocok untuk yang budget terbatas.",assets/kos_photos/kos_0202.jpg,-6.245668,106.88084
KOS-0203,Kos Pasar Rebo 203,Jakarta Timur,Pasar Rebo,1800000,Campur,15,1,0,1,0,1,0,0,1,2.4,Universitas Trisakti,0.4,4.6,12,86,"Tersedia kamar kos campur di kawasan Pasar Rebo, Jakarta Timur. Luas kamar 15m², fasilitas: AC, WiFi, parkir, dan security 24 jam. Dekat kampus (2.4 km) dan transportasi umum (0.4 km). Lingkungan tenang, pemilik kos ramah dan responsif. Harga sudah mencakup biaya perawatan fasilitas bersama. Ideal untuk pelajar yang baru merantau.","Kos paling nyaman selama kuliah di Jakarta. WiFi kencang dan stabil. AC dingin, tidak berisik. Lingkungan bersih dan aman, tidak pernah ada masalah keamanan. Sangat recommended untuk mahasiswa baru!",assets/kos_photos/kos_0203.jpg,-6.249091,106.877521
KOS-0204,Kos Pulo Gadung 204,Jakarta Timur,Pulo Gadung,2050000,Putri,9,1,1,1,0,1,0,0,1,2.4,Politeknik Negeri Jakarta,4.8,4.4,18,58,"Tersedia kamar kos putri di kawasan Pulo Gadung, Jakarta Timur. Luas kamar 9m², fasilitas: AC, kamar mandi dalam, WiFi, parkir, dan security 24 jam. Dekat kampus (2.4 km) dan transportasi umum (4.8 km). Lingkungan tenang, pemilik kos ramah dan responsif. Harga sudah mencakup biaya perawatan fasilitas bersama. Ideal untuk pelajar yang baru merantau.","Baru 6 minggu tapi sudah betah banget. WiFi kencang dan stabil. AC dingin, tidak berisik. Air bersih dan lancar, listrik stabil, tidak pernah mati. Harga sepadan.",assets/kos_photos/kos_0204.jpg,-6.231127,106.87463
KOS-0205,Kos Duren Sawit 205,Jakarta Timur,Duren Sawit,2100000,Putri,12,1,1,1,0,0,1,0,1,9.1,Universitas Trisakti,3.1,4.1,10,36,"Kos eksklusif putri area Duren Sawit! Fasilitas lengkap: AC, kamar mandi dalam, WiFi, dapur bersama, dan security 24 jam. Kamar 12m² dengan pencahayaan dan ventilasi optimal. Akses mudah ke pusat bisnis Jakarta Timur. Penjaga aktif 24 jam, CCTV terpasang di area umum. Hanya 9.1 km ke kampus terdekat. Daftar sekarang!","Lokasi sangat strategis, ke mana-mana mudah dijangkau. WiFi kencang dan stabil. AC dingin, tidak berisik. Harga sangat worth it untuk fasilitasnya. Teman sesama penghuni juga asik.",assets/kos_photos/kos_0205.jpg,-6.198771,106.876001
KOS-0206,Kos Cakung 206,Jakarta Timur,Cakung,2350000,Putra,12,1,1,1,1,1,0,1,0,5.5,UNJ,3.0,4.4,21,85,"Tersedia kamar kos putra di kawasan Cakung, Jakarta Timur. Luas kamar 12m², fasilitas: AC, kamar mandi dalam, WiFi, listrik termasuk, parkir, dan laundry. Dekat kampus (5.5 km) dan transportasi umum (3.0 km). Lingkungan tenang, pemilik kos ramah dan responsif. Harga sudah mencakup biaya perawatan fasilitas bersama. Ideal untuk pelajar yang baru merantau.","Sudah 2 bulan di sini, sangat puas! Kamar bersih dan wangi. WiFi kencang dan stabil. AC dingin, tidak berisik. Pemilik kos sigap menangani keluhan. Sangat direkomendasikan!",assets/kos_photos/kos_0206.jpg,-6.230538,106.916587
KOS-0207,Kos Makasar 207,Jakarta Timur,Makasar,2150000,Campur,15,0,1,0,0,0,1,1,1,6.1,Universitas Trisakti,0.2,4.4,26,149,"Kos campur strategis di Makasar, Jakarta Timur. Kamar 15m² dilengkapi kamar mandi dalam, dapur bersama, laundry, dan security 24 jam. Lokasi hanya 6.1 km dari kampus dan 0.2 km dari moda transportasi umum. Suasana bersih, aman, dan nyaman. Cocok untuk mahasiswa maupun pekerja muda yang menginginkan hunian berkualitas dengan harga terjangkau.","Sudah 2 bulan di sini, sangat puas! Kamar bersih dan wangi. Kamar mandi pribadi sangat nyaman. Keamanan 24 jam membuat tenang. Pemilik kos sigap menangani keluhan. Sangat direkomendasikan!",assets/kos_photos/kos_0207.jpg,-6.207458,106.874523
KOS-0208,Kos Pasar Rebo 208,Jakarta Timur,Pasar Rebo,1600000,Putra,15,1,0,1,0,1,1,0,1,4.9,UNJ,3.9,3.9,29,186,"Kos eksklusif putra area Pasar Rebo! Fasilitas lengkap: AC, WiFi, parkir, dapur bersama, dan security 24 jam. Kamar 15m² dengan pencahayaan dan ventilasi optimal. Akses mudah ke pusat bisnis Jakarta Timur. Penjaga aktif 24 jam, CCTV terpasang di area umum. Hanya 4.9 km ke kampus terdekat. Daftar sekarang!","Oke secara keseluruhan. WiFi kencang dan stabil. AC dingin, tidak berisik. Ada plus minusnya, tapi tidak mengecewakan. Lumayan untuk jangka panjang.",assets/kos_photos/kos_0208.jpg,-6.255397,106.861313
KOS-0209,Kos Matraman 209,Jakarta Timur,Matraman,1600000,Campur,15,1,1,1,0,1,1,1,0,6.3,Universitas Trisakti,1.2,4.5,5,89,"Kos eksklusif campur area Matraman! Fasilitas lengkap: AC, kamar mandi dalam, WiFi, parkir, dapur bersama, dan laundry. Kamar 15m² dengan pencahayaan dan ventilasi optimal. Akses mudah ke pusat bisnis Jakarta Timur. Penjaga aktif 24 jam, CCTV terpasang di area umum. Hanya 6.3 km ke kampus terdekat. Daftar sekarang!","Lokasi sangat strategis, ke mana-mana mudah dijangkau. WiFi kencang dan stabil. AC dingin, tidak berisik. Harga sangat worth it untuk fasilitasnya. Teman sesama penghuni juga asik.",assets/kos_photos/kos_0209.jpg,-6.233774,106.874843
KOS-0210,Kos Cipayung 210,Jakarta Timur,Cipayung,1850000,Putra,9,1,0,0,0,1,0,1,0,9.6,Universitas Trisakti,3.4,4.4,23,32,"Tersedia kamar kos putra di kawasan Cipayung, Jakarta Timur. Luas kamar 9m², fasilitas: AC, parkir, dan laundry. Dekat kampus (9.6 km) dan transportasi umum (3.4 km). Lingkungan tenang, pemilik kos ramah dan responsif. Harga sudah mencakup biaya perawatan fasilitas bersama. Ideal untuk pelajar yang baru merantau.","Sudah 12 tahun tinggal di sini dan tidak mau pindah. AC dingin, tidak berisik. Lingkungan aman dan nyaman, penghuni dipilih secara selektif.",assets/kos_photos/kos_0210.jpg,-6.282018,106.862984
KOS-0211,Kos Jatinegara 211,Jakarta Timur,Jatinegara,2050000,Putri,12,1,1,1,0,1,0,0,1,4.6,Universitas Trisakti,4.0,4.0,5,52,"Tersedia kamar kos putri di kawasan Jatinegara, Jakarta Timur. Luas kamar 12m², fasilitas: AC, kamar mandi dalam, WiFi, parkir, dan security 24 jam. Dekat kampus (4.6 km) dan transportasi umum (4.0 km). Lingkungan tenang, pemilik kos ramah dan responsif. Harga sudah mencakup biaya perawatan fasilitas bersama. Ideal untuk pelajar yang baru merantau.","Sudah 8 tahun tinggal di sini dan tidak mau pindah. WiFi kencang dan stabil. AC dingin, tidak berisik. Lingkungan aman dan nyaman, penghuni dipilih secara selektif.",assets/kos_photos/kos_0211.jpg,-6.188471,106.907465
KOS-0212,Kos Cipayung 212,Jakarta Timur,Cipayung,1750000,Putra,12,1,1,1,0,0,0,0,1,4.8,Universitas Trisakti,4.6,3.6,13,152,"Kos putra strategis di Cipayung, Jakarta Timur. Kamar 12m² dilengkapi AC, kamar mandi dalam, WiFi, dan security 24 jam. Lokasi hanya 4.8 km dari kampus dan 4.6 km dari moda transportasi umum. Suasana bersih, aman, dan nyaman. Cocok untuk mahasiswa maupun pekerja muda yang menginginkan hunian berkualitas dengan harga terjangkau.","Cukup nyaman untuk kebutuhan sehari-hari. WiFi kencang dan stabil. AC dingin, tidak berisik. Harga standar untuk area sini. Cocok untuk yang budget terbatas.",assets/kos_photos/kos_0212.jpg,-6.252988,106.911595
KOS-0213,Kos Cipayung 213,Jakarta Timur,Cipayung,2500000,Putri,12,1,1,1,1,0,0,0,1,8.9,Universitas Trisakti,4.5,4.5,5,93,"Kos putri strategis di Cipayung, Jakarta Timur. Kamar 12m² dilengkapi AC, kamar mandi dalam, WiFi, listrik termasuk, dan security 24 jam. Lokasi hanya 8.9 km dari kampus dan 4.5 km dari moda transportasi umum. Suasana bersih, aman, dan nyaman. Cocok untuk mahasiswa maupun pekerja muda yang menginginkan hunian berkualitas dengan harga terjangkau.","Sudah 2 tahun tinggal di sini dan tidak mau pindah. WiFi kencang dan stabil. AC dingin, tidak berisik. Lingkungan aman dan nyaman, penghuni dipilih secara selektif.",assets/kos_photos/kos_0213.jpg,-6.211282,106.895708
KOS-0214,Kos Jatinegara 214,Jakarta Timur,Jatinegara,1200000,Putri,9,0,0,1,1,0,1,0,0,6.2,Politeknik Negeri Jakarta,2.3,4.3,21,116,"Kos putri strategis di Jatinegara, Jakarta Timur. Kamar 9m² dilengkapi WiFi, listrik termasuk, dan dapur bersama. Lokasi hanya 6.2 km dari kampus dan 2.3 km dari moda transportasi umum. Suasana bersih, aman, dan nyaman. Cocok untuk mahasiswa maupun pekerja muda yang menginginkan hunian berkualitas dengan harga terjangkau.","Sudah 2 bulan di sini, sangat puas! Kamar bersih dan wangi. WiFi kencang dan stabil. Pemilik kos sigap menangani keluhan. Sangat direkomendasikan!",assets/kos_photos/kos_0214.jpg,-6.205556,106.920575
KOS-0215,Kos Pasar Rebo 215,Jakarta Timur,Pasar Rebo,2500000,Putra,18,1,1,1,1,1,1,0,0,8.1,Universitas Trisakti,0.7,3.7,17,97,"Kos putra strategis di Pasar Rebo, Jakarta Timur. Kamar 18m² dilengkapi AC, kamar mandi dalam, WiFi, listrik termasuk, parkir, dan dapur bersama. Lokasi hanya 8.1 km dari kampus dan 0.7 km dari moda transportasi umum. Suasana bersih, aman, dan nyaman. Cocok untuk mahasiswa maupun pekerja muda yang menginginkan hunian berkualitas dengan harga terjangkau.","Oke secara keseluruhan. WiFi kencang dan stabil. AC dingin, tidak berisik. Ada plus minusnya, tapi tidak mengecewakan. Lumayan untuk jangka panjang.",assets/kos_photos/kos_0215.jpg,-6.281182,106.925444
KOS-0216,Kos Kramat Jati 216,Jakarta Timur,Kramat Jati,2150000,Putri,9,0,1,1,0,1,0,0,0,9.4,Politeknik Negeri Jakarta,4.1,5.0,25,166,"Kos eksklusif putri area Kramat Jati! Fasilitas lengkap: kamar mandi dalam, WiFi, dan parkir. Kamar 9m² dengan pencahayaan dan ventilasi optimal. Akses mudah ke pusat bisnis Jakarta Timur. Penjaga aktif 24 jam, CCTV terpasang di area umum. Hanya 9.4 km ke kampus terdekat. Daftar sekarang!","Lokasi sangat strategis, ke mana-mana mudah dijangkau. WiFi kencang dan stabil. Kamar mandi pribadi sangat nyaman. Harga sangat worth it untuk fasilitasnya. Teman sesama penghuni juga asik.",assets/kos_photos/kos_0216.jpg,-6.271496,106.902876
KOS-0217,Kos Pasar Rebo 217,Jakarta Timur,Pasar Rebo,2000000,Campur,15,0,0,1,0,1,0,0,1,1.2,Universitas Trisakti,4.5,3.6,26,145,"Kos bersih dan terawat di Pasar Rebo, Jakarta Timur. Kamar campur berukuran 15m² tersedia dengan fasilitas WiFi, parkir, dan security 24 jam. Pengelolaan profesional, kontrak fleksibel per bulan. Jarak 1.2 km dari kampus, 4.5 km dari halte atau stasiun. Survei gratis, hubungi pemilik sekarang!","Lumayan sesuai harga yang dibayar. WiFi kencang dan stabil. Keamanan 24 jam membuat tenang. Respons pemilik kadang agak lambat, tapi fasilitas tetap terjaga.",assets/kos_photos/kos_0217.jpg,-6.18006,106.913307
KOS-0218,Kos Matraman 218,Jakarta Timur,Matraman,2300000,Putri,9,1,0,1,1,0,0,0,1,2.4,Universitas Trisakti,0.3,4.1,6,51,"Kos bersih dan terawat di Matraman, Jakarta Timur. Kamar putri berukuran 9m² tersedia dengan fasilitas AC, WiFi, listrik termasuk, dan security 24 jam. Pengelolaan profesional, kontrak fleksibel per bulan. Jarak 2.4 km dari kampus, 0.3 km dari halte atau stasiun. Survei gratis, hubungi pemilik sekarang!","Kos paling nyaman selama kuliah di Jakarta. WiFi kencang dan stabil. AC dingin, tidak berisik. Lingkungan bersih dan aman, tidak pernah ada masalah keamanan. Sangat recommended untuk mahasiswa baru!",assets/kos_photos/kos_0218.jpg,-6.224714,106.892918
KOS-0219,Kos Kramat Jati 219,Jakarta Timur,Kramat Jati,2200000,Putra,12,1,0,1,1,1,1,1,0,7.8,Universitas Trisakti,0.4,3.8,7,180,"Kos putra strategis di Kramat Jati, Jakarta Timur. Kamar 12m² dilengkapi AC, WiFi, listrik termasuk, parkir, dapur bersama, dan laundry. Lokasi hanya 7.8 km dari kampus dan 0.4 km dari moda transportasi umum. Suasana bersih, aman, dan nyaman. Cocok untuk mahasiswa maupun pekerja muda yang menginginkan hunian berkualitas dengan harga terjangkau.","Oke secara keseluruhan. WiFi kencang dan stabil. AC dingin, tidak berisik. Ada plus minusnya, tapi tidak mengecewakan. Lumayan untuk jangka panjang.",assets/kos_photos/kos_0219.jpg,-6.173781,106.945029
KOS-0220,Kos Cipayung 220,Jakarta Timur,Cipayung,2050000,Putra,9,1,1,1,1,1,1,0,1,3.2,Universitas Trisakti,2.9,3.7,17,35,"Kos bersih dan terawat di Cipayung, Jakarta Timur. Kamar putra berukuran 9m² tersedia dengan fasilitas AC, kamar mandi dalam, WiFi, listrik termasuk, parkir, dapur bersama, dan security 24 jam. Pengelolaan profesional, kontrak fleksibel per bulan. Jarak 3.2 km dari kampus, 2.9 km dari halte atau stasiun. Survei gratis, hubungi pemilik sekarang!","Cukup nyaman untuk kebutuhan sehari-hari. WiFi kencang dan stabil. AC dingin, tidak berisik. Harga standar untuk area sini. Cocok untuk yang budget terbatas.",assets/kos_photos/kos_0220.jpg,-6.203625,106.916391
KOS-0221,Kos Cakung 221,Jakarta Timur,Cakung,2250000,Putri,15,0,1,1,1,0,1,1,1,4.3,Politeknik Negeri Jakarta,3.8,4.1,6,130,"Hunian nyaman di jantung Jakarta Timur. Kos putri dengan kamar mandi dalam, WiFi, listrik termasuk, dapur bersama, laundry, dan security 24 jam. Ukuran kamar 15m², cukup untuk bekerja dan beristirahat. Bebas banjir, akses 24 jam. Jarak ke transportasi umum hanya 3.8 km. Cocok untuk profesional muda yang aktif.","Lokasi sangat strategis, ke mana-mana mudah dijangkau. WiFi kencang dan stabil. Kamar mandi pribadi sangat nyaman. Harga sangat worth it untuk fasilitasnya. Teman sesama penghuni juga asik.",assets/kos_photos/kos_0221.jpg,-6.193758,106.916284
KOS-0222,Kos Pasar Rebo 222,Jakarta Timur,Pasar Rebo,2050000,Putri,12,1,1,1,0,1,1,0,1,3.4,Politeknik Negeri Jakarta,3.0,3.9,15,149,"Kos putri strategis di Pasar Rebo, Jakarta Timur. Kamar 12m² dilengkapi AC, kamar mandi dalam, WiFi, parkir, dapur bersama, dan security 24 jam. Lokasi hanya 3.4 km dari kampus dan 3.0 km dari moda transportasi umum. Suasana bersih, aman, dan nyaman. Cocok untuk mahasiswa maupun pekerja muda yang menginginkan hunian berkualitas dengan harga terjangkau.","Oke secara keseluruhan. WiFi kencang dan stabil. AC dingin, tidak berisik. Ada plus minusnya, tapi tidak mengecewakan. Lumayan untuk jangka panjang.",assets/kos_photos/kos_0222.jpg,-6.21648,106.85581
KOS-0223,Kos Duren Sawit 223,Jakarta Timur,Duren Sawit,1600000,Putri,12,1,0,1,1,1,0,0,0,7.9,UNJ,5.0,4.1,13,27,"Kos bersih dan terawat di Duren Sawit, Jakarta Timur. Kamar putri berukuran 12m² tersedia dengan fasilitas AC, WiFi, listrik termasuk, dan parkir. Pengelolaan profesional, kontrak fleksibel per bulan. Jarak 7.9 km dari kampus, 5.0 km dari halte atau stasiun. Survei gratis, hubungi pemilik sekarang!","Baru 6 minggu tapi sudah betah banget. WiFi kencang dan stabil. AC dingin, tidak berisik. Air bersih dan lancar, listrik stabil, tidak pernah mati. Harga sepadan.",assets/kos_photos/kos_0223.jpg,-6.238905,106.868404
KOS-0224,Kos Cakung 224,Jakarta Timur,Cakung,2100000,Putri,18,1,0,1,1,1,0,0,1,1.3,Universitas Trisakti,2.1,4.5,24,14,"Hunian nyaman di jantung Jakarta Timur. Kos putri dengan AC, WiFi, listrik termasuk, parkir, dan security 24 jam. Ukuran kamar 18m², cukup untuk bekerja dan beristirahat. Bebas banjir, akses 24 jam. Jarak ke transportasi umum hanya 2.1 km. Cocok untuk profesional muda yang aktif.","Sudah 12 bulan di sini, sangat puas! Kamar bersih dan wangi. WiFi kencang dan stabil. AC dingin, tidak berisik. Pemilik kos sigap menangani keluhan. Sangat direkomendasikan!",assets/kos_photos/kos_0224.jpg,-6.191019,106.90678
KOS-0225,Kos Cakung 225,Jakarta Timur,Cakung,2300000,Campur,9,0,1,1,0,0,0,0,0,4.5,Politeknik Negeri Jakarta,0.2,4.9,29,179,"Hunian nyaman di jantung Jakarta Timur. Kos campur dengan kamar mandi dalam dan WiFi. Ukuran kamar 9m², cukup untuk bekerja dan beristirahat. Bebas banjir, akses 24 jam. Jarak ke transportasi umum hanya 0.2 km. Cocok untuk profesional muda yang aktif.","Baru 2 minggu tapi sudah betah banget. WiFi kencang dan stabil. Kamar mandi pribadi sangat nyaman. Air bersih dan lancar, listrik stabil, tidak pernah mati. Harga sepadan.",assets/kos_photos/kos_0225.jpg,-6.224699,106.90547
KOS-0226,Kos Cakung 226,Jakarta Timur,Cakung,2550000,Putri,12,1,0,1,1,0,1,0,1,1.0,UNJ,2.2,3.8,28,12,"Kos putri strategis di Cakung, Jakarta Timur. Kamar 12m² dilengkapi AC, WiFi, listrik termasuk, dapur bersama, dan security 24 jam. Lokasi hanya 1.0 km dari kampus dan 2.2 km dari moda transportasi umum. Suasana bersih, aman, dan nyaman. Cocok untuk mahasiswa maupun pekerja muda yang menginginkan hunian berkualitas dengan harga terjangkau.","Cukup nyaman untuk kebutuhan sehari-hari. WiFi kencang dan stabil. AC dingin, tidak berisik. Harga standar untuk area sini. Cocok untuk yang budget terbatas.",assets/kos_photos/kos_0226.jpg,-6.22349,106.867834
KOS-0227,Kos Kramat Jati 227,Jakarta Timur,Kramat Jati,1650000,Campur,15,0,0,0,1,0,0,0,1,7.4,UNJ,2.5,3.8,25,31,"Kos eksklusif campur area Kramat Jati! Fasilitas lengkap: listrik termasuk dan security 24 jam. Kamar 15m² dengan pencahayaan dan ventilasi optimal. Akses mudah ke pusat bisnis Jakarta Timur. Penjaga aktif 24 jam, CCTV terpasang di area umum. Hanya 7.4 km ke kampus terdekat. Daftar sekarang!","Oke secara keseluruhan. Keamanan 24 jam membuat tenang. Ada plus minusnya, tapi tidak mengecewakan. Lumayan untuk jangka panjang.",assets/kos_photos/kos_0227.jpg,-6.226993,106.945339
KOS-0228,Kos Pasar Rebo 228,Jakarta Timur,Pasar Rebo,1550000,Putri,15,0,0,1,0,1,1,0,0,2.3,UNJ,3.3,4.8,8,151,"Kos putri strategis di Pasar Rebo, Jakarta Timur. Kamar 15m² dilengkapi WiFi, parkir, dan dapur bersama. Lokasi hanya 2.3 km dari kampus dan 3.3 km dari moda transportasi umum. Suasana bersih, aman, dan nyaman. Cocok untuk mahasiswa maupun pekerja muda yang menginginkan hunian berkualitas dengan harga terjangkau.","Kos paling nyaman selama kuliah di Jakarta. WiFi kencang dan stabil. Lingkungan bersih dan aman, tidak pernah ada masalah keamanan. Sangat recommended untuk mahasiswa baru!",assets/kos_photos/kos_0228.jpg,-6.21878,106.901505
KOS-0229,Kos Makasar 229,Jakarta Timur,Makasar,2800000,Putri,15,0,1,1,1,1,0,0,1,3.1,Universitas Trisakti,0.6,5.0,23,163,"Hunian nyaman di jantung Jakarta Timur. Kos putri dengan kamar mandi dalam, WiFi, listrik termasuk, parkir, dan security 24 jam. Ukuran kamar 15m², cukup untuk bekerja dan beristirahat. Bebas banjir, akses 24 jam. Jarak ke transportasi umum hanya 0.6 km. Cocok untuk profesional muda yang aktif.","Sudah 8 bulan di sini, sangat puas! Kamar bersih dan wangi. WiFi kencang dan stabil. Kamar mandi pribadi sangat nyaman. Pemilik kos sigap menangani keluhan. Sangat direkomendasikan!",assets/kos_photos/kos_0229.jpg,-6.252061,106.896624
KOS-0230,Kos Cakung 230,Jakarta Timur,Cakung,2550000,Putri,18,1,1,1,0,1,0,0,0,2.4,Politeknik Negeri Jakarta,4.7,4.3,8,158,"Kos eksklusif putri area Cakung! Fasilitas lengkap: AC, kamar mandi dalam, WiFi, dan parkir. Kamar 18m² dengan pencahayaan dan ventilasi optimal. Akses mudah ke pusat bisnis Jakarta Timur. Penjaga aktif 24 jam, CCTV terpasang di area umum. Hanya 2.4 km ke kampus terdekat. Daftar sekarang!","Sudah 18 tahun tinggal di sini dan tidak mau pindah. WiFi kencang dan stabil. AC dingin, tidak berisik. Lingkungan aman dan nyaman, penghuni dipilih secara selektif.",assets/kos_photos/kos_0230.jpg,-6.212219,106.910182
KOS-0231,Kos Jatinegara 231,Jakarta Timur,Jatinegara,2650000,Putri,9,0,1,1,0,1,1,1,1,3.2,Universitas Trisakti,0.6,3.7,21,198,"Kos putri strategis di Jatinegara, Jakarta Timur. Kamar 9m² dilengkapi kamar mandi dalam, WiFi, parkir, dapur bersama, laundry, dan security 24 jam. Lokasi hanya 3.2 km dari kampus dan 0.6 km dari moda transportasi umum. Suasana bersih, aman, dan nyaman. Cocok untuk mahasiswa maupun pekerja muda yang menginginkan hunian berkualitas dengan harga terjangkau.",Cukup nyaman untuk kebutuhan sehari-hari. WiFi kencang dan stabil. Kamar mandi pribadi sangat nyaman. Harga standar untuk area sini. Cocok untuk yang budget terbatas.,assets/kos_photos/kos_0231.jpg,-6.228067,106.925293
KOS-0232,Kos Matraman 232,Jakarta Timur,Matraman,2100000,Putri,15,1,1,1,0,1,0,0,0,2.6,Politeknik Negeri Jakarta,0.5,4.8,15,45,"Kos bersih dan terawat di Matraman, Jakarta Timur. Kamar putri berukuran 15m² tersedia dengan fasilitas AC, kamar mandi dalam, WiFi, dan parkir. Pengelolaan profesional, kontrak fleksibel per bulan. Jarak 2.6 km dari kampus, 0.5 km dari halte atau stasiun. Survei gratis, hubungi pemilik sekarang!","Sudah 8 bulan di sini, sangat puas! Kamar bersih dan wangi. WiFi kencang dan stabil. AC dingin, tidak berisik. Pemilik kos sigap menangani keluhan. Sangat direkomendasikan!",assets/kos_photos/kos_0232.jpg,-6.224027,106.879274
KOS-0233,Kos Jatinegara 233,Jakarta Timur,Jatinegara,1900000,Putri,15,0,1,1,0,0,1,1,1,6.9,UNJ,3.7,4.7,6,19,"Kos eksklusif putri area Jatinegara! Fasilitas lengkap: kamar mandi dalam, WiFi, dapur bersama, laundry, dan security 24 jam. Kamar 15m² dengan pencahayaan dan ventilasi optimal. Akses mudah ke pusat bisnis Jakarta Timur. Penjaga aktif 24 jam, CCTV terpasang di area umum. Hanya 6.9 km ke kampus terdekat. Daftar sekarang!","Baru 18 minggu tapi sudah betah banget. WiFi kencang dan stabil. Kamar mandi pribadi sangat nyaman. Air bersih dan lancar, listrik stabil, tidak pernah mati. Harga sepadan.",assets/kos_photos/kos_0233.jpg,-6.216385,106.909882
KOS-0234,Kos Kramat Jati 234,Jakarta Timur,Kramat Jati,2100000,Putri,9,1,1,1,0,0,1,0,1,7.3,UNJ,1.6,4.9,29,177,"Kos eksklusif putri area Kramat Jati! Fasilitas lengkap: AC, kamar mandi dalam, WiFi, dapur bersama, dan security 24 jam. Kamar 9m² dengan pencahayaan dan ventilasi optimal. Akses mudah ke pusat bisnis Jakarta Timur. Penjaga aktif 24 jam, CCTV terpasang di area umum. Hanya 7.3 km ke kampus terdekat. Daftar sekarang!","Sudah 6 bulan di sini, sangat puas! Kamar bersih dan wangi. WiFi kencang dan stabil. AC dingin, tidak berisik. Pemilik kos sigap menangani keluhan. Sangat direkomendasikan!",assets/kos_photos/kos_0234.jpg,-6.228306,106.869295
KOS-0235,Kos Duren Sawit 235,Jakarta Timur,Duren Sawit,2250000,Putri,9,1,1,1,1,0,1,0,0,7.0,UNJ,4.5,3.7,19,173,"Kos putri strategis di Duren Sawit, Jakarta Timur. Kamar 9m² dilengkapi AC, kamar mandi dalam, WiFi, listrik termasuk, dan dapur bersama. Lokasi hanya 7.0 km dari kampus dan 4.5 km dari moda transportasi umum. Suasana bersih, aman, dan nyaman. Cocok untuk mahasiswa maupun pekerja muda yang menginginkan hunian berkualitas dengan harga terjangkau.","Lumayan sesuai harga yang dibayar. WiFi kencang dan stabil. AC dingin, tidak berisik. Respons pemilik kadang agak lambat, tapi fasilitas tetap terjaga.",assets/kos_photos/kos_0235.jpg,-6.219569,106.895348
KOS-0236,Kos Makasar 236,Jakarta Timur,Makasar,2350000,Putri,12,1,1,0,0,1,1,0,0,2.9,UNJ,0.3,4.9,7,33,"Kos eksklusif putri area Makasar! Fasilitas lengkap: AC, kamar mandi dalam, parkir, dan dapur bersama. Kamar 12m² dengan pencahayaan dan ventilasi optimal. Akses mudah ke pusat bisnis Jakarta Timur. Penjaga aktif 24 jam, CCTV terpasang di area umum. Hanya 2.9 km ke kampus terdekat. Daftar sekarang!","Baru 24 minggu tapi sudah betah banget. AC dingin, tidak berisik. Kamar mandi pribadi sangat nyaman. Air bersih dan lancar, listrik stabil, tidak pernah mati. Harga sepadan.",assets/kos_photos/kos_0236.jpg,-6.237599,106.884698
KOS-0237,Kos Makasar 237,Jakarta Timur,Makasar,1450000,Putra,18,1,0,1,1,0,0,0,0,9.8,UNJ,2.1,4.8,7,131,"Kos eksklusif putra area Makasar! Fasilitas lengkap: AC, WiFi, dan listrik termasuk. Kamar 18m² dengan pencahayaan dan ventilasi optimal. Akses mudah ke pusat bisnis Jakarta Timur. Penjaga aktif 24 jam, CCTV terpasang di area umum. Hanya 9.8 km ke kampus terdekat. Daftar sekarang!","Sudah 6 bulan di sini, sangat puas! Kamar bersih dan wangi. WiFi kencang dan stabil. AC dingin, tidak berisik. Pemilik kos sigap menangani keluhan. Sangat direkomendasikan!",assets/kos_photos/kos_0237.jpg,-6.23505,106.906503
KOS-0238,Kos Cakung 238,Jakarta Timur,Cakung,2250000,Putri,9,1,0,1,1,1,1,0,1,5.9,Politeknik Negeri Jakarta,1.4,5.0,17,145,"Kos bersih dan terawat di Cakung, Jakarta Timur. Kamar putri berukuran 9m² tersedia dengan fasilitas AC, WiFi, listrik termasuk, parkir, dapur bersama, dan security 24 jam. Pengelolaan profesional, kontrak fleksibel per bulan. Jarak 5.9 km dari kampus, 1.4 km dari halte atau stasiun. Survei gratis, hubungi pemilik sekarang!","Sudah 24 tahun tinggal di sini dan tidak mau pindah. WiFi kencang dan stabil. AC dingin, tidak berisik. Lingkungan aman dan nyaman, penghuni dipilih secara selektif.",assets/kos_photos/kos_0238.jpg,-6.237031,106.936344
KOS-0239,Kos Pulo Gadung 239,Jakarta Timur,Pulo Gadung,1650000,Putri,12,0,1,1,1,0,0,1,0,5.6,Universitas Trisakti,0.6,4.4,27,15,"Tersedia kamar kos putri di kawasan Pulo Gadung, Jakarta Timur. Luas kamar 12m², fasilitas: kamar mandi dalam, WiFi, listrik termasuk, dan laundry. Dekat kampus (5.6 km) dan transportasi umum (0.6 km). Lingkungan tenang, pemilik kos ramah dan responsif. Harga sudah mencakup biaya perawatan fasilitas bersama. Ideal untuk pelajar yang baru merantau.","Kos paling nyaman selama kuliah di Jakarta. WiFi kencang dan stabil. Kamar mandi pribadi sangat nyaman. Lingkungan bersih dan aman, tidak pernah ada masalah keamanan. Sangat recommended untuk mahasiswa baru!",assets/kos_photos/kos_0239.jpg,-6.217045,106.871348
KOS-0240,Kos Cakung 240,Jakarta Timur,Cakung,1750000,Campur,12,0,1,1,0,1,0,0,0,1.8,Universitas Trisakti,4.5,5.0,16,106,"Hunian nyaman di jantung Jakarta Timur. Kos campur dengan kamar mandi dalam, WiFi, dan parkir. Ukuran kamar 12m², cukup untuk bekerja dan beristirahat. Bebas banjir, akses 24 jam. Jarak ke transportasi umum hanya 4.5 km. Cocok untuk profesional muda yang aktif.","Kos paling nyaman selama kuliah di Jakarta. WiFi kencang dan stabil. Kamar mandi pribadi sangat nyaman. Lingkungan bersih dan aman, tidak pernah ada masalah keamanan. Sangat recommended untuk mahasiswa baru!",assets/kos_photos/kos_0240.jpg,-6.224272,106.901173
KOS-0241,Kos Cakung 241,Jakarta Timur,Cakung,2300000,Putri,15,1,0,1,0,1,1,0,1,4.8,Politeknik Negeri Jakarta,2.2,3.7,15,61,"Kos eksklusif putri area Cakung! Fasilitas lengkap: AC, WiFi, parkir, dapur bersama, dan security 24 jam. Kamar 15m² dengan pencahayaan dan ventilasi optimal. Akses mudah ke pusat bisnis Jakarta Timur. Penjaga aktif 24 jam, CCTV terpasang di area umum. Hanya 4.8 km ke kampus terdekat. Daftar sekarang!","Lumayan sesuai harga yang dibayar. WiFi kencang dan stabil. AC dingin, tidak berisik. Respons pemilik kadang agak lambat, tapi fasilitas tetap terjaga.",assets/kos_photos/kos_0241.jpg,-6.194645,106.833579
KOS-0242,Kos Cakung 242,Jakarta Timur,Cakung,1650000,Campur,18,1,1,0,0,0,0,0,0,4.8,Universitas Trisakti,4.9,4.4,26,170,"Kos eksklusif campur area Cakung! Fasilitas lengkap: AC dan kamar mandi dalam. Kamar 18m² dengan pencahayaan dan ventilasi optimal. Akses mudah ke pusat bisnis Jakarta Timur. Penjaga aktif 24 jam, CCTV terpasang di area umum. Hanya 4.8 km ke kampus terdekat. Daftar sekarang!","Baru 24 minggu tapi sudah betah banget. AC dingin, tidak berisik. Kamar mandi pribadi sangat nyaman. Air bersih dan lancar, listrik stabil, tidak pernah mati. Harga sepadan.",assets/kos_photos/kos_0242.jpg,-6.253195,106.890905
KOS-0243,Kos Pasar Rebo 243,Jakarta Timur,Pasar Rebo,1500000,Campur,9,1,1,0,0,0,0,0,0,2.0,UNJ,3.4,4.5,8,75,"Kos campur strategis di Pasar Rebo, Jakarta Timur. Kamar 9m² dilengkapi AC dan kamar mandi dalam. Lokasi hanya 2.0 km dari kampus dan 3.4 km dari moda transportasi umum. Suasana bersih, aman, dan nyaman. Cocok untuk mahasiswa maupun pekerja muda yang menginginkan hunian berkualitas dengan harga terjangkau.","Lokasi sangat strategis, ke mana-mana mudah dijangkau. AC dingin, tidak berisik. Kamar mandi pribadi sangat nyaman. Harga sangat worth it untuk fasilitasnya. Teman sesama penghuni juga asik.",assets/kos_photos/kos_0243.jpg,-6.247359,106.892243
KOS-0244,Kos Jatinegara 244,Jakarta Timur,Jatinegara,2750000,Putri,9,1,1,1,1,1,0,0,1,1.9,Universitas Trisakti,0.9,3.6,20,180,"Hunian nyaman di jantung Jakarta Timur. Kos putri dengan AC, kamar mandi dalam, WiFi, listrik termasuk, parkir, dan security 24 jam. Ukuran kamar 9m², cukup untuk bekerja dan beristirahat. Bebas banjir, akses 24 jam. Jarak ke transportasi umum hanya 0.9 km. Cocok untuk profesional muda yang aktif.","Lumayan sesuai harga yang dibayar. WiFi kencang dan stabil. AC dingin, tidak berisik. Respons pemilik kadang agak lambat, tapi fasilitas tetap terjaga.",assets/kos_photos/kos_0244.jpg,-6.233398,106.948027
KOS-0245,Kos Pasar Rebo 245,Jakarta Timur,Pasar Rebo,1800000,Putri,12,1,0,1,1,1,0,0,0,9.9,UNJ,1.8,4.7,23,150,"Hunian nyaman di jantung Jakarta Timur. Kos putri dengan AC, WiFi, listrik termasuk, dan parkir. Ukuran kamar 12m², cukup untuk bekerja dan beristirahat. Bebas banjir, akses 24 jam. Jarak ke transportasi umum hanya 1.8 km. Cocok untuk profesional muda yang aktif.","Lokasi sangat strategis, ke mana-mana mudah dijangkau. WiFi kencang dan stabil. AC dingin, tidak berisik. Harga sangat worth it untuk fasilitasnya. Teman sesama penghuni juga asik.",assets/kos_photos/kos_0245.jpg,-6.181158,106.898068
KOS-0246,Kos Kramat Jati 246,Jakarta Timur,Kramat Jati,1500000,Putra,12,0,1,0,1,1,0,1,0,3.8,Politeknik Negeri Jakarta,3.1,3.7,11,170,"Tersedia kamar kos putra di kawasan Kramat Jati, Jakarta Timur. Luas kamar 12m², fasilitas: kamar mandi dalam, listrik termasuk, parkir, dan laundry. Dekat kampus (3.8 km) dan transportasi umum (3.1 km). Lingkungan tenang, pemilik kos ramah dan responsif. Harga sudah mencakup biaya perawatan fasilitas bersama. Ideal untuk pelajar yang baru merantau.","Oke secara keseluruhan. Kamar mandi pribadi sangat nyaman. Ada plus minusnya, tapi tidak mengecewakan. Lumayan untuk jangka panjang.",assets/kos_photos/kos_0246.jpg,-6.145529,106.921682
KOS-0247,Kos Kramat Jati 247,Jakarta Timur,Kramat Jati,1600000,Putra,20,1,1,0,0,0,0,0,0,4.9,Politeknik Negeri Jakarta,2.3,4.8,11,123,"Kos eksklusif putra area Kramat Jati! Fasilitas lengkap: AC dan kamar mandi dalam. Kamar 20m² dengan pencahayaan dan ventilasi optimal. Akses mudah ke pusat bisnis Jakarta Timur. Penjaga aktif 24 jam, CCTV terpasang di area umum. Hanya 4.9 km ke kampus terdekat. Daftar sekarang!","Kos paling nyaman selama kuliah di Jakarta. AC dingin, tidak berisik. Kamar mandi pribadi sangat nyaman. Lingkungan bersih dan aman, tidak pernah ada masalah keamanan. Sangat recommended untuk mahasiswa baru!",assets/kos_photos/kos_0247.jpg,-6.200775,106.891354
KOS-0248,Kos Matraman 248,Jakarta Timur,Matraman,1700000,Putra,12,1,0,0,1,1,0,0,1,2.1,Universitas Trisakti,1.1,3.6,19,81,"Kos putra strategis di Matraman, Jakarta Timur. Kamar 12m² dilengkapi AC, listrik termasuk, parkir, dan security 24 jam. Lokasi hanya 2.1 km dari kampus dan 1.1 km dari moda transportasi umum. Suasana bersih, aman, dan nyaman. Cocok untuk mahasiswa maupun pekerja muda yang menginginkan hunian berkualitas dengan harga terjangkau.","Lumayan sesuai harga yang dibayar. AC dingin, tidak berisik. Keamanan 24 jam membuat tenang. Respons pemilik kadang agak lambat, tapi fasilitas tetap terjaga.",assets/kos_photos/kos_0248.jpg,-6.224223,106.907364
KOS-0249,Kos Cakung 249,Jakarta Timur,Cakung,2300000,Campur,9,1,0,0,0,0,0,0,1,3.0,UNJ,0.7,4.7,26,176,"Kos campur strategis di Cakung, Jakarta Timur. Kamar 9m² dilengkapi AC dan security 24 jam. Lokasi hanya 3.0 km dari kampus dan 0.7 km dari moda transportasi umum. Suasana bersih, aman, dan nyaman. Cocok untuk mahasiswa maupun pekerja muda yang menginginkan hunian berkualitas dengan harga terjangkau.","Lokasi sangat strategis, ke mana-mana mudah dijangkau. AC dingin, tidak berisik. Keamanan 24 jam membuat tenang. Harga sangat worth it untuk fasilitasnya. Teman sesama penghuni juga asik.",assets/kos_photos/kos_0249.jpg,-6.216585,106.911024
KOS-0250,Kos Matraman 250,Jakarta Timur,Matraman,2600000,Putri,9,1,1,1,0,1,1,1,1,1.1,Universitas Trisakti,3.5,4.9,15,32,"Kos bersih dan terawat di Matraman, Jakarta Timur. Kamar putri berukuran 9m² tersedia dengan fasilitas AC, kamar mandi dalam, WiFi, parkir, dapur bersama, laundry, dan security 24 jam. Pengelolaan profesional, kontrak fleksibel per bulan. Jarak 1.1 km dari kampus, 3.5 km dari halte atau stasiun. Survei gratis, hubungi pemilik sekarang!","Kos paling nyaman selama kuliah di Jakarta. WiFi kencang dan stabil. AC dingin, tidak berisik. Lingkungan bersih dan aman, tidak pernah ada masalah keamanan. Sangat recommended untuk mahasiswa baru!",assets/kos_photos/kos_0250.jpg,-6.24955,106.864343
KOS-0251,Kos Jatinegara 251,Jakarta Timur,Jatinegara,2300000,Putra,24,1,0,0,0,1,0,0,1,0.9,UNJ,4.8,3.7,17,29,"Kos eksklusif putra area Jatinegara! Fasilitas lengkap: AC, parkir, dan security 24 jam. Kamar 24m² dengan pencahayaan dan ventilasi optimal. Akses mudah ke pusat bisnis Jakarta Timur. Penjaga aktif 24 jam, CCTV terpasang di area umum. Hanya 0.9 km ke kampus terdekat. Daftar sekarang!","Cukup nyaman untuk kebutuhan sehari-hari. AC dingin, tidak berisik. Keamanan 24 jam membuat tenang. Harga standar untuk area sini. Cocok untuk yang budget terbatas.",assets/kos_photos/kos_0251.jpg,-6.2229,106.883062
KOS-0252,Kos Duren Sawit 252,Jakarta Timur,Duren Sawit,2200000,Putra,15,0,1,1,1,1,1,0,0,9.9,UNJ,1.4,3.8,13,55,"Kos putra strategis di Duren Sawit, Jakarta Timur. Kamar 15m² dilengkapi kamar mandi dalam, WiFi, listrik termasuk, parkir, dan dapur bersama. Lokasi hanya 9.9 km dari kampus dan 1.4 km dari moda transportasi umum. Suasana bersih, aman, dan nyaman. Cocok untuk mahasiswa maupun pekerja muda yang menginginkan hunian berkualitas dengan harga terjangkau.","Oke secara keseluruhan. WiFi kencang dan stabil. Kamar mandi pribadi sangat nyaman. Ada plus minusnya, tapi tidak mengecewakan. Lumayan untuk jangka panjang.",assets/kos_photos/kos_0252.jpg,-6.235174,106.885778
KOS-0253,Kos Pasar Rebo 253,Jakarta Timur,Pasar Rebo,1800000,Putra,9,1,0,0,1,0,1,0,1,9.6,Universitas Trisakti,4.5,4.5,27,154,"Kos putra strategis di Pasar Rebo, Jakarta Timur. Kamar 9m² dilengkapi AC, listrik termasuk, dapur bersama, dan security 24 jam. Lokasi hanya 9.6 km dari kampus dan 4.5 km dari moda transportasi umum. Suasana bersih, aman, dan nyaman. Cocok untuk mahasiswa maupun pekerja muda yang menginginkan hunian berkualitas dengan harga terjangkau.","Sudah 3 tahun tinggal di sini dan tidak mau pindah. AC dingin, tidak berisik. Keamanan 24 jam membuat tenang. Lingkungan aman dan nyaman, penghuni dipilih secara selektif.",assets/kos_photos/kos_0253.jpg,-6.218028,106.875203
KOS-0254,Kos Cakung 254,Jakarta Timur,Cakung,1700000,Putri,15,1,0,0,1,1,1,1,0,5.1,UNJ,2.2,4.4,5,61,"Hunian nyaman di jantung Jakarta Timur. Kos putri dengan AC, listrik termasuk, parkir, dapur bersama, dan laundry. Ukuran kamar 15m², cukup untuk bekerja dan beristirahat. Bebas banjir, akses 24 jam. Jarak ke transportasi umum hanya 2.2 km. Cocok untuk profesional muda yang aktif.","Lokasi sangat strategis, ke mana-mana mudah dijangkau. AC dingin, tidak berisik. Harga sangat worth it untuk fasilitasnya. Teman sesama penghuni juga asik.",assets/kos_photos/kos_0254.jpg,-6.272299,106.851435
KOS-0255,Kos Pasar Rebo 255,Jakarta Timur,Pasar Rebo,2350000,Putra,15,1,1,1,1,0,0,1,1,5.9,UNJ,4.0,4.2,27,121,"Tersedia kamar kos putra di kawasan Pasar Rebo, Jakarta Timur. Luas kamar 15m², fasilitas: AC, kamar mandi dalam, WiFi, listrik termasuk, laundry, dan security 24 jam. Dekat kampus (5.9 km) dan transportasi umum (4.0 km). Lingkungan tenang, pemilik kos ramah dan responsif. Harga sudah mencakup biaya perawatan fasilitas bersama. Ideal untuk pelajar yang baru merantau.","Sudah 18 tahun tinggal di sini dan tidak mau pindah. WiFi kencang dan stabil. AC dingin, tidak berisik. Lingkungan aman dan nyaman, penghuni dipilih secara selektif.",assets/kos_photos/kos_0255.jpg,-6.230524,106.897814
KOS-0256,Kos Matraman 256,Jakarta Timur,Matraman,1450000,Putra,9,1,0,1,0,1,0,0,0,6.0,UNJ,0.5,4.0,28,39,"Kos bersih dan terawat di Matraman, Jakarta Timur. Kamar putra berukuran 9m² tersedia dengan fasilitas AC, WiFi, dan parkir. Pengelolaan profesional, kontrak fleksibel per bulan. Jarak 6.0 km dari kampus, 0.5 km dari halte atau stasiun. Survei gratis, hubungi pemilik sekarang!","Lokasi sangat strategis, ke mana-mana mudah dijangkau. WiFi kencang dan stabil. AC dingin, tidak berisik. Harga sangat worth it untuk fasilitasnya. Teman sesama penghuni juga asik.",assets/kos_photos/kos_0256.jpg,-6.201309,106.872622
KOS-0257,Kos Matraman 257,Jakarta Timur,Matraman,1800000,Putri,20,0,0,1,1,1,0,1,1,5.9,UNJ,1.1,3.9,6,129,"Kos bersih dan terawat di Matraman, Jakarta Timur. Kamar putri berukuran 20m² tersedia dengan fasilitas WiFi, listrik termasuk, parkir, laundry, dan security 24 jam. Pengelolaan profesional, kontrak fleksibel per bulan. Jarak 5.9 km dari kampus, 1.1 km dari halte atau stasiun. Survei gratis, hubungi pemilik sekarang!",Cukup nyaman untuk kebutuhan sehari-hari. WiFi kencang dan stabil. Keamanan 24 jam membuat tenang. Harga standar untuk area sini. Cocok untuk yang budget terbatas.,assets/kos_photos/kos_0257.jpg,-6.252333,106.907623
KOS-0258,Kos Makasar 258,Jakarta Timur,Makasar,2050000,Putra,12,1,0,1,0,1,1,1,1,6.2,Politeknik Negeri Jakarta,2.1,3.9,21,103,"Kos eksklusif putra area Makasar! Fasilitas lengkap: AC, WiFi, parkir, dapur bersama, laundry, dan security 24 jam. Kamar 12m² dengan pencahayaan dan ventilasi optimal. Akses mudah ke pusat bisnis Jakarta Timur. Penjaga aktif 24 jam, CCTV terpasang di area umum. Hanya 6.2 km ke kampus terdekat. Daftar sekarang!","Lumayan sesuai harga yang dibayar. WiFi kencang dan stabil. AC dingin, tidak berisik. Respons pemilik kadang agak lambat, tapi fasilitas tetap terjaga.",assets/kos_photos/kos_0258.jpg,-6.287542,106.8578
KOS-0259,Kos Pulo Gadung 259,Jakarta Timur,Pulo Gadung,3000000,Putra,18,1,1,1,1,1,1,1,1,1.0,UNJ,1.3,3.8,14,168,"Kos putra strategis di Pulo Gadung, Jakarta Timur. Kamar 18m² dilengkapi AC, kamar mandi dalam, WiFi, listrik termasuk, parkir, dapur bersama, laundry, dan security 24 jam. Lokasi hanya 1.0 km dari kampus dan 1.3 km dari moda transportasi umum. Suasana bersih, aman, dan nyaman. Cocok untuk mahasiswa maupun pekerja muda yang menginginkan hunian berkualitas dengan harga terjangkau.","Cukup nyaman untuk kebutuhan sehari-hari. WiFi kencang dan stabil. AC dingin, tidak berisik. Harga standar untuk area sini. Cocok untuk yang budget terbatas.",assets/kos_photos/kos_0259.jpg,-6.238943,106.89019
KOS-0260,Kos Cipayung 260,Jakarta Timur,Cipayung,2200000,Campur,9,1,0,1,0,1,1,1,1,4.2,Politeknik Negeri Jakarta,2.0,3.7,24,134,"Kos campur strategis di Cipayung, Jakarta Timur. Kamar 9m² dilengkapi AC, WiFi, parkir, dapur bersama, laundry, dan security 24 jam. Lokasi hanya 4.2 km dari kampus dan 2.0 km dari moda transportasi umum. Suasana bersih, aman, dan nyaman. Cocok untuk mahasiswa maupun pekerja muda yang menginginkan hunian berkualitas dengan harga terjangkau.","Oke secara keseluruhan. WiFi kencang dan stabil. AC dingin, tidak berisik. Ada plus minusnya, tapi tidak mengecewakan. Lumayan untuk jangka panjang.",assets/kos_photos/kos_0260.jpg,-6.198767,106.8835
KOS-0261,Kos Pulo Gadung 261,Jakarta Timur,Pulo Gadung,2650000,Putra,12,1,1,1,1,1,0,0,1,3.1,Politeknik Negeri Jakarta,1.2,4.1,29,39,"Kos bersih dan terawat di Pulo Gadung, Jakarta Timur. Kamar putra berukuran 12m² tersedia dengan fasilitas AC, kamar mandi dalam, WiFi, listrik termasuk, parkir, dan security 24 jam. Pengelolaan profesional, kontrak fleksibel per bulan. Jarak 3.1 km dari kampus, 1.2 km dari halte atau stasiun. Survei gratis, hubungi pemilik sekarang!","Kos paling nyaman selama kuliah di Jakarta. WiFi kencang dan stabil. AC dingin, tidak berisik. Lingkungan bersih dan aman, tidak pernah ada masalah keamanan. Sangat recommended untuk mahasiswa baru!",assets/kos_photos/kos_0261.jpg,-6.213028,106.862009
KOS-0262,Kos Pasar Rebo 262,Jakarta Timur,Pasar Rebo,2250000,Putra,12,0,1,1,0,1,1,0,1,5.1,UNJ,2.8,4.7,8,10,"Hunian nyaman di jantung Jakarta Timur. Kos putra dengan kamar mandi dalam, WiFi, parkir, dapur bersama, dan security 24 jam. Ukuran kamar 12m², cukup untuk bekerja dan beristirahat. Bebas banjir, akses 24 jam. Jarak ke transportasi umum hanya 2.8 km. Cocok untuk profesional muda yang aktif.","Baru 24 minggu tapi sudah betah banget. WiFi kencang dan stabil. Kamar mandi pribadi sangat nyaman. Air bersih dan lancar, listrik stabil, tidak pernah mati. Harga sepadan.",assets/kos_photos/kos_0262.jpg,-6.228686,106.940107
KOS-0263,Kos Cipayung 263,Jakarta Timur,Cipayung,1700000,Putra,9,0,1,1,0,1,0,0,0,0.5,Politeknik Negeri Jakarta,2.3,3.9,12,24,"Hunian nyaman di jantung Jakarta Timur. Kos putra dengan kamar mandi dalam, WiFi, dan parkir. Ukuran kamar 9m², cukup untuk bekerja dan beristirahat. Bebas banjir, akses 24 jam. Jarak ke transportasi umum hanya 2.3 km. Cocok untuk profesional muda yang aktif.",Cukup nyaman untuk kebutuhan sehari-hari. WiFi kencang dan stabil. Kamar mandi pribadi sangat nyaman. Harga standar untuk area sini. Cocok untuk yang budget terbatas.,assets/kos_photos/kos_0263.jpg,-6.173493,106.894764
KOS-0264,Kos Makasar 264,Jakarta Timur,Makasar,1650000,Putra,15,1,0,1,1,1,0,1,0,5.0,UNJ,4.3,4.8,25,182,"Tersedia kamar kos putra di kawasan Makasar, Jakarta Timur. Luas kamar 15m², fasilitas: AC, WiFi, listrik termasuk, parkir, dan laundry. Dekat kampus (5.0 km) dan transportasi umum (4.3 km). Lingkungan tenang, pemilik kos ramah dan responsif. Harga sudah mencakup biaya perawatan fasilitas bersama. Ideal untuk pelajar yang baru merantau.","Baru 6 minggu tapi sudah betah banget. WiFi kencang dan stabil. AC dingin, tidak berisik. Air bersih dan lancar, listrik stabil, tidak pernah mati. Harga sepadan.",assets/kos_photos/kos_0264.jpg,-6.251906,106.881606
KOS-0265,Kos Duren Sawit 265,Jakarta Timur,Duren Sawit,2000000,Putri,15,1,0,1,1,1,1,1,1,9.3,Universitas Trisakti,0.9,4.4,26,83,"Kos bersih dan terawat di Duren Sawit, Jakarta Timur. Kamar putri berukuran 15m² tersedia dengan fasilitas AC, WiFi, listrik termasuk, parkir, dapur bersama, laundry, dan security 24 jam. Pengelolaan profesional, kontrak fleksibel per bulan. Jarak 9.3 km dari kampus, 0.9 km dari halte atau stasiun. Survei gratis, hubungi pemilik sekarang!","Baru 2 minggu tapi sudah betah banget. WiFi kencang dan stabil. AC dingin, tidak berisik. Air bersih dan lancar, listrik stabil, tidak pernah mati. Harga sepadan.",assets/kos_photos/kos_0265.jpg,-6.21111,106.884846
KOS-0266,Kos Makasar 266,Jakarta Timur,Makasar,2100000,Putri,24,1,1,1,1,1,1,0,1,9.2,Universitas Trisakti,1.3,4.3,6,163,"Kos bersih dan terawat di Makasar, Jakarta Timur. Kamar putri berukuran 24m² tersedia dengan fasilitas AC, kamar mandi dalam, WiFi, listrik termasuk, parkir, dapur bersama, dan security 24 jam. Pengelolaan profesional, kontrak fleksibel per bulan. Jarak 9.2 km dari kampus, 1.3 km dari halte atau stasiun. Survei gratis, hubungi pemilik sekarang!","Baru 3 minggu tapi sudah betah banget. WiFi kencang dan stabil. AC dingin, tidak berisik. Air bersih dan lancar, listrik stabil, tidak pernah mati. Harga sepadan.",assets/kos_photos/kos_0266.jpg,-6.189092,106.913635
KOS-0267,Kos Pulo Gadung 267,Jakarta Timur,Pulo Gadung,1900000,Putri,9,0,1,1,0,1,0,0,1,8.3,UNJ,3.3,3.9,6,171,"Kos putri strategis di Pulo Gadung, Jakarta Timur. Kamar 9m² dilengkapi kamar mandi dalam, WiFi, parkir, dan security 24 jam. Lokasi hanya 8.3 km dari kampus dan 3.3 km dari moda transportasi umum. Suasana bersih, aman, dan nyaman. Cocok untuk mahasiswa maupun pekerja muda yang menginginkan hunian berkualitas dengan harga terjangkau.","Lumayan sesuai harga yang dibayar. WiFi kencang dan stabil. Kamar mandi pribadi sangat nyaman. Respons pemilik kadang agak lambat, tapi fasilitas tetap terjaga.",assets/kos_photos/kos_0267.jpg,-6.27202,106.892452
KOS-0268,Kos Jatinegara 268,Jakarta Timur,Jatinegara,1550000,Campur,9,1,0,1,0,0,0,0,1,5.8,UNJ,2.7,4.6,18,22,"Kos bersih dan terawat di Jatinegara, Jakarta Timur. Kamar campur berukuran 9m² tersedia dengan fasilitas AC, WiFi, dan security 24 jam. Pengelolaan profesional, kontrak fleksibel per bulan. Jarak 5.8 km dari kampus, 2.7 km dari halte atau stasiun. Survei gratis, hubungi pemilik sekarang!","Lokasi sangat strategis, ke mana-mana mudah dijangkau. WiFi kencang dan stabil. AC dingin, tidak berisik. Harga sangat worth it untuk fasilitasnya. Teman sesama penghuni juga asik.",assets/kos_photos/kos_0268.jpg,-6.239286,106.896246
KOS-0269,Kos Pasar Rebo 269,Jakarta Timur,Pasar Rebo,1700000,Putra,9,1,1,0,1,1,0,0,1,9.9,Universitas Trisakti,1.3,3.6,17,186,"Kos bersih dan terawat di Pasar Rebo, Jakarta Timur. Kamar putra berukuran 9m² tersedia dengan fasilitas AC, kamar mandi dalam, listrik termasuk, parkir, dan security 24 jam. Pengelolaan profesional, kontrak fleksibel per bulan. Jarak 9.9 km dari kampus, 1.3 km dari halte atau stasiun. Survei gratis, hubungi pemilik sekarang!","Oke secara keseluruhan. AC dingin, tidak berisik. Kamar mandi pribadi sangat nyaman. Ada plus minusnya, tapi tidak mengecewakan. Lumayan untuk jangka panjang.",assets/kos_photos/kos_0269.jpg,-6.229243,106.910745
KOS-0270,Kos Matraman 270,Jakarta Timur,Matraman,2050000,Campur,12,1,1,1,1,1,0,1,1,9.9,Universitas Trisakti,3.8,5.0,24,111,"Kos campur strategis di Matraman, Jakarta Timur. Kamar 12m² dilengkapi AC, kamar mandi dalam, WiFi, listrik termasuk, parkir, laundry, dan security 24 jam. Lokasi hanya 9.9 km dari kampus dan 3.8 km dari moda transportasi umum. Suasana bersih, aman, dan nyaman. Cocok untuk mahasiswa maupun pekerja muda yang menginginkan hunian berkualitas dengan harga terjangkau.","Sudah 8 bulan di sini, sangat puas! Kamar bersih dan wangi. WiFi kencang dan stabil. AC dingin, tidak berisik. Pemilik kos sigap menangani keluhan. Sangat direkomendasikan!",assets/kos_photos/kos_0270.jpg,-6.22485,106.911608
KOS-0271,Kos Kramat Jati 271,Jakarta Timur,Kramat Jati,2250000,Campur,24,1,1,1,1,0,0,1,0,1.8,Universitas Trisakti,2.8,3.6,7,34,"Tersedia kamar kos campur di kawasan Kramat Jati, Jakarta Timur. Luas kamar 24m², fasilitas: AC, kamar mandi dalam, WiFi, listrik termasuk, dan laundry. Dekat kampus (1.8 km) dan transportasi umum (2.8 km). Lingkungan tenang, pemilik kos ramah dan responsif. Harga sudah mencakup biaya perawatan fasilitas bersama. Ideal untuk pelajar yang baru merantau.","Oke secara keseluruhan. WiFi kencang dan stabil. AC dingin, tidak berisik. Ada plus minusnya, tapi tidak mengecewakan. Lumayan untuk jangka panjang.",assets/kos_photos/kos_0271.jpg,-6.183815,106.908141
KOS-0272,Kos Makasar 272,Jakarta Timur,Makasar,2400000,Putra,15,1,1,1,1,1,0,1,1,8.5,Politeknik Negeri Jakarta,4.6,4.0,6,118,"Tersedia kamar kos putra di kawasan Makasar, Jakarta Timur. Luas kamar 15m², fasilitas: AC, kamar mandi dalam, WiFi, listrik termasuk, parkir, laundry, dan security 24 jam. Dekat kampus (8.5 km) dan transportasi umum (4.6 km). Lingkungan tenang, pemilik kos ramah dan responsif. Harga sudah mencakup biaya perawatan fasilitas bersama. Ideal untuk pelajar yang baru merantau.","Lokasi sangat strategis, ke mana-mana mudah dijangkau. WiFi kencang dan stabil. AC dingin, tidak berisik. Harga sangat worth it untuk fasilitasnya. Teman sesama penghuni juga asik.",assets/kos_photos/kos_0272.jpg,-6.227197,106.923907
KOS-0273,Kos Matraman 273,Jakarta Timur,Matraman,2400000,Putra,12,1,1,0,1,0,1,0,1,7.8,UNJ,4.7,4.8,16,75,"Kos bersih dan terawat di Matraman, Jakarta Timur. Kamar putra berukuran 12m² tersedia dengan fasilitas AC, kamar mandi dalam, listrik termasuk, dapur bersama, dan security 24 jam. Pengelolaan profesional, kontrak fleksibel per bulan. Jarak 7.8 km dari kampus, 4.7 km dari halte atau stasiun. Survei gratis, hubungi pemilik sekarang!","Baru 2 minggu tapi sudah betah banget. AC dingin, tidak berisik. Kamar mandi pribadi sangat nyaman. Air bersih dan lancar, listrik stabil, tidak pernah mati. Harga sepadan.",assets/kos_photos/kos_0273.jpg,-6.21971,106.92256
KOS-0274,Kos Jatinegara 274,Jakarta Timur,Jatinegara,2000000,Putri,15,1,0,1,0,1,0,0,1,6.6,UNJ,0.9,4.1,17,27,"Kos eksklusif putri area Jatinegara! Fasilitas lengkap: AC, WiFi, parkir, dan security 24 jam. Kamar 15m² dengan pencahayaan dan ventilasi optimal. Akses mudah ke pusat bisnis Jakarta Timur. Penjaga aktif 24 jam, CCTV terpasang di area umum. Hanya 6.6 km ke kampus terdekat. Daftar sekarang!","Baru 3 minggu tapi sudah betah banget. WiFi kencang dan stabil. AC dingin, tidak berisik. Air bersih dan lancar, listrik stabil, tidak pernah mati. Harga sepadan.",assets/kos_photos/kos_0274.jpg,-6.217766,106.891508
KOS-0275,Kos Pasar Rebo 275,Jakarta Timur,Pasar Rebo,2000000,Putra,15,0,1,1,0,0,0,0,1,1.5,Politeknik Negeri Jakarta,4.9,4.0,19,91,"Kos bersih dan terawat di Pasar Rebo, Jakarta Timur. Kamar putra berukuran 15m² tersedia dengan fasilitas kamar mandi dalam, WiFi, dan security 24 jam. Pengelolaan profesional, kontrak fleksibel per bulan. Jarak 1.5 km dari kampus, 4.9 km dari halte atau stasiun. Survei gratis, hubungi pemilik sekarang!","Baru 6 minggu tapi sudah betah banget. WiFi kencang dan stabil. Kamar mandi pribadi sangat nyaman. Air bersih dan lancar, listrik stabil, tidak pernah mati. Harga sepadan.",assets/kos_photos/kos_0275.jpg,-6.298265,106.909972
KOS-0276,Kos Jatinegara 276,Jakarta Timur,Jatinegara,2700000,Putri,20,1,1,1,1,1,1,1,1,6.4,Universitas Trisakti,4.2,3.9,5,119,"Kos eksklusif putri area Jatinegara! Fasilitas lengkap: AC, kamar mandi dalam, WiFi, listrik termasuk, parkir, dapur bersama, laundry, dan security 24 jam. Kamar 20m² dengan pencahayaan dan ventilasi optimal. Akses mudah ke pusat bisnis Jakarta Timur. Penjaga aktif 24 jam, CCTV terpasang di area umum. Hanya 6.4 km ke kampus terdekat. Daftar sekarang!","Lumayan sesuai harga yang dibayar. WiFi kencang dan stabil. AC dingin, tidak berisik. Respons pemilik kadang agak lambat, tapi fasilitas tetap terjaga.",assets/kos_photos/kos_0276.jpg,-6.213706,106.912338
KOS-0277,Kos Cakung 277,Jakarta Timur,Cakung,2050000,Putri,12,1,1,1,1,1,1,0,1,5.4,Politeknik Negeri Jakarta,2.2,3.6,5,78,"Kos putri strategis di Cakung, Jakarta Timur. Kamar 12m² dilengkapi AC, kamar mandi dalam, WiFi, listrik termasuk, parkir, dapur bersama, dan security 24 jam. Lokasi hanya 5.4 km dari kampus dan 2.2 km dari moda transportasi umum. Suasana bersih, aman, dan nyaman. Cocok untuk mahasiswa maupun pekerja muda yang menginginkan hunian berkualitas dengan harga terjangkau.","Lumayan sesuai harga yang dibayar. WiFi kencang dan stabil. AC dingin, tidak berisik. Respons pemilik kadang agak lambat, tapi fasilitas tetap terjaga.",assets/kos_photos/kos_0277.jpg,-6.242803,106.934664
KOS-0278,Kos Pulo Gadung 278,Jakarta Timur,Pulo Gadung,2200000,Putra,12,1,0,1,0,0,0,0,1,1.7,Universitas Trisakti,1.7,4.9,12,89,"Hunian nyaman di jantung Jakarta Timur. Kos putra dengan AC, WiFi, dan security 24 jam. Ukuran kamar 12m², cukup untuk bekerja dan beristirahat. Bebas banjir, akses 24 jam. Jarak ke transportasi umum hanya 1.7 km. Cocok untuk profesional muda yang aktif.","Sudah 3 tahun tinggal di sini dan tidak mau pindah. WiFi kencang dan stabil. AC dingin, tidak berisik. Lingkungan aman dan nyaman, penghuni dipilih secara selektif.",assets/kos_photos/kos_0278.jpg,-6.225048,106.910601
KOS-0279,Kos Kramat Jati 279,Jakarta Timur,Kramat Jati,2050000,Campur,9,1,0,0,1,1,0,0,0,0.5,Politeknik Negeri Jakarta,2.6,3.6,17,159,"Tersedia kamar kos campur di kawasan Kramat Jati, Jakarta Timur. Luas kamar 9m², fasilitas: AC, listrik termasuk, dan parkir. Dekat kampus (0.5 km) dan transportasi umum (2.6 km). Lingkungan tenang, pemilik kos ramah dan responsif. Harga sudah mencakup biaya perawatan fasilitas bersama. Ideal untuk pelajar yang baru merantau.","Oke secara keseluruhan. AC dingin, tidak berisik. Ada plus minusnya, tapi tidak mengecewakan. Lumayan untuk jangka panjang.",assets/kos_photos/kos_0279.jpg,-6.221724,106.875341
KOS-0280,Kos Kramat Jati 280,Jakarta Timur,Kramat Jati,1750000,Campur,12,1,0,1,1,0,1,1,0,3.3,UNJ,2.3,4.7,7,122,"Kos campur strategis di Kramat Jati, Jakarta Timur. Kamar 12m² dilengkapi AC, WiFi, listrik termasuk, dapur bersama, dan laundry. Lokasi hanya 3.3 km dari kampus dan 2.3 km dari moda transportasi umum. Suasana bersih, aman, dan nyaman. Cocok untuk mahasiswa maupun pekerja muda yang menginginkan hunian berkualitas dengan harga terjangkau.","Sudah 2 tahun tinggal di sini dan tidak mau pindah. WiFi kencang dan stabil. AC dingin, tidak berisik. Lingkungan aman dan nyaman, penghuni dipilih secara selektif.",assets/kos_photos/kos_0280.jpg,-6.259119,106.894004
KOS-0281,Kos Pasar Rebo 281,Jakarta Timur,Pasar Rebo,2100000,Putri,12,1,1,0,1,1,0,0,0,6.4,Politeknik Negeri Jakarta,2.5,3.7,18,165,"Kos eksklusif putri area Pasar Rebo! Fasilitas lengkap: AC, kamar mandi dalam, listrik termasuk, dan parkir. Kamar 12m² dengan pencahayaan dan ventilasi optimal. Akses mudah ke pusat bisnis Jakarta Timur. Penjaga aktif 24 jam, CCTV terpasang di area umum. Hanya 6.4 km ke kampus terdekat. Daftar sekarang!","Cukup nyaman untuk kebutuhan sehari-hari. AC dingin, tidak berisik. Kamar mandi pribadi sangat nyaman. Harga standar untuk area sini. Cocok untuk yang budget terbatas.",assets/kos_photos/kos_0281.jpg,-6.201891,106.901265
KOS-0282,Kos Cakung 282,Jakarta Timur,Cakung,1650000,Campur,12,0,0,0,1,1,1,1,0,6.4,Universitas Trisakti,3.5,4.1,12,91,"Hunian nyaman di jantung Jakarta Timur. Kos campur dengan listrik termasuk, parkir, dapur bersama, dan laundry. Ukuran kamar 12m², cukup untuk bekerja dan beristirahat. Bebas banjir, akses 24 jam. Jarak ke transportasi umum hanya 3.5 km. Cocok untuk profesional muda yang aktif.","Baru 6 minggu tapi sudah betah banget. Fasilitas standar terpenuhi. Air bersih dan lancar, listrik stabil, tidak pernah mati. Harga sepadan.",assets/kos_photos/kos_0282.jpg,-6.219422,106.91582
KOS-0283,Kos Pasar Rebo 283,Jakarta Timur,Pasar Rebo,2000000,Putri,12,1,0,1,1,1,0,1,1,9.4,Politeknik Negeri Jakarta,2.7,3.7,24,121,"Tersedia kamar kos putri di kawasan Pasar Rebo, Jakarta Timur. Luas kamar 12m², fasilitas: AC, WiFi, listrik termasuk, parkir, laundry, dan security 24 jam. Dekat kampus (9.4 km) dan transportasi umum (2.7 km). Lingkungan tenang, pemilik kos ramah dan responsif. Harga sudah mencakup biaya perawatan fasilitas bersama. Ideal untuk pelajar yang baru merantau.","Oke secara keseluruhan. WiFi kencang dan stabil. AC dingin, tidak berisik. Ada plus minusnya, tapi tidak mengecewakan. Lumayan untuk jangka panjang.",assets/kos_photos/kos_0283.jpg,-6.25104,106.928017
KOS-0284,Kos Cakung 284,Jakarta Timur,Cakung,1650000,Putra,18,0,1,1,0,1,0,0,1,7.5,UNJ,4.0,3.9,25,125,"Kos eksklusif putra area Cakung! Fasilitas lengkap: kamar mandi dalam, WiFi, parkir, dan security 24 jam. Kamar 18m² dengan pencahayaan dan ventilasi optimal. Akses mudah ke pusat bisnis Jakarta Timur. Penjaga aktif 24 jam, CCTV terpasang di area umum. Hanya 7.5 km ke kampus terdekat. Daftar sekarang!","Oke secara keseluruhan. WiFi kencang dan stabil. Kamar mandi pribadi sangat nyaman. Ada plus minusnya, tapi tidak mengecewakan. Lumayan untuk jangka panjang.",assets/kos_photos/kos_0284.jpg,-6.213905,106.911984
KOS-0285,Kos Makasar 285,Jakarta Timur,Makasar,2400000,Putra,15,1,1,1,1,1,1,0,0,1.7,Universitas Trisakti,1.7,4.4,17,110,"Kos bersih dan terawat di Makasar, Jakarta Timur. Kamar putra berukuran 15m² tersedia dengan fasilitas AC, kamar mandi dalam, WiFi, listrik termasuk, parkir, dan dapur bersama. Pengelolaan profesional, kontrak fleksibel per bulan. Jarak 1.7 km dari kampus, 1.7 km dari halte atau stasiun. Survei gratis, hubungi pemilik sekarang!","Sudah 12 tahun tinggal di sini dan tidak mau pindah. WiFi kencang dan stabil. AC dingin, tidak berisik. Lingkungan aman dan nyaman, penghuni dipilih secara selektif.",assets/kos_photos/kos_0285.jpg,-6.219263,106.91879
KOS-0286,Kos Kramat Jati 286,Jakarta Timur,Kramat Jati,2150000,Putri,15,1,1,1,1,1,0,0,1,5.2,UNJ,2.7,3.8,24,110,"Kos putri strategis di Kramat Jati, Jakarta Timur. Kamar 15m² dilengkapi AC, kamar mandi dalam, WiFi, listrik termasuk, parkir, dan security 24 jam. Lokasi hanya 5.2 km dari kampus dan 2.7 km dari moda transportasi umum. Suasana bersih, aman, dan nyaman. Cocok untuk mahasiswa maupun pekerja muda yang menginginkan hunian berkualitas dengan harga terjangkau.","Lumayan sesuai harga yang dibayar. WiFi kencang dan stabil. AC dingin, tidak berisik. Respons pemilik kadang agak lambat, tapi fasilitas tetap terjaga.",assets/kos_photos/kos_0286.jpg,-6.260107,106.908676
KOS-0287,Kos Makasar 287,Jakarta Timur,Makasar,1850000,Campur,18,1,1,0,0,1,0,0,1,3.5,Politeknik Negeri Jakarta,4.3,4.4,10,14,"Hunian nyaman di jantung Jakarta Timur. Kos campur dengan AC, kamar mandi dalam, parkir, dan security 24 jam. Ukuran kamar 18m², cukup untuk bekerja dan beristirahat. Bebas banjir, akses 24 jam. Jarak ke transportasi umum hanya 4.3 km. Cocok untuk profesional muda yang aktif.","Baru 3 minggu tapi sudah betah banget. AC dingin, tidak berisik. Kamar mandi pribadi sangat nyaman. Air bersih dan lancar, listrik stabil, tidak pernah mati. Harga sepadan.",assets/kos_photos/kos_0287.jpg,-6.209892,106.892835
KOS-0288,Kos Cipayung 288,Jakarta Timur,Cipayung,2200000,Campur,9,1,1,1,0,1,0,0,0,2.4,Politeknik Negeri Jakarta,2.6,4.4,15,61,"Tersedia kamar kos campur di kawasan Cipayung, Jakarta Timur. Luas kamar 9m², fasilitas: AC, kamar mandi dalam, WiFi, dan parkir. Dekat kampus (2.4 km) dan transportasi umum (2.6 km). Lingkungan tenang, pemilik kos ramah dan responsif. Harga sudah mencakup biaya perawatan fasilitas bersama. Ideal untuk pelajar yang baru merantau.","Baru 18 minggu tapi sudah betah banget. WiFi kencang dan stabil. AC dingin, tidak berisik. Air bersih dan lancar, listrik stabil, tidak pernah mati. Harga sepadan.",assets/kos_photos/kos_0288.jpg,-6.188018,106.945259
KOS-0289,Kos Duren Sawit 289,Jakarta Timur,Duren Sawit,2100000,Putri,18,1,0,1,1,1,0,0,0,3.8,Universitas Trisakti,3.3,4.8,25,91,"Kos putri strategis di Duren Sawit, Jakarta Timur. Kamar 18m² dilengkapi AC, WiFi, listrik termasuk, dan parkir. Lokasi hanya 3.8 km dari kampus dan 3.3 km dari moda transportasi umum. Suasana bersih, aman, dan nyaman. Cocok untuk mahasiswa maupun pekerja muda yang menginginkan hunian berkualitas dengan harga terjangkau.","Baru 12 minggu tapi sudah betah banget. WiFi kencang dan stabil. AC dingin, tidak berisik. Air bersih dan lancar, listrik stabil, tidak pernah mati. Harga sepadan.",assets/kos_photos/kos_0289.jpg,-6.227743,106.909218
KOS-0290,Kos Duren Sawit 290,Jakarta Timur,Duren Sawit,1950000,Putra,9,1,1,1,1,0,0,1,1,3.0,UNJ,1.0,3.7,22,116,"Kos eksklusif putra area Duren Sawit! Fasilitas lengkap: AC, kamar mandi dalam, WiFi, listrik termasuk, laundry, dan security 24 jam. Kamar 9m² dengan pencahayaan dan ventilasi optimal. Akses mudah ke pusat bisnis Jakarta Timur. Penjaga aktif 24 jam, CCTV terpasang di area umum. Hanya 3.0 km ke kampus terdekat. Daftar sekarang!","Cukup nyaman untuk kebutuhan sehari-hari. WiFi kencang dan stabil. AC dingin, tidak berisik. Harga standar untuk area sini. Cocok untuk yang budget terbatas.",assets/kos_photos/kos_0290.jpg,-6.221731,106.920994
KOS-0291,Kos Kramat Jati 291,Jakarta Timur,Kramat Jati,1300000,Putri,12,0,0,1,0,1,0,1,1,8.7,Politeknik Negeri Jakarta,3.5,4.8,16,172,"Kos eksklusif putri area Kramat Jati! Fasilitas lengkap: WiFi, parkir, laundry, dan security 24 jam. Kamar 12m² dengan pencahayaan dan ventilasi optimal. Akses mudah ke pusat bisnis Jakarta Timur. Penjaga aktif 24 jam, CCTV terpasang di area umum. Hanya 8.7 km ke kampus terdekat. Daftar sekarang!","Kos paling nyaman selama kuliah di Jakarta. WiFi kencang dan stabil. Keamanan 24 jam membuat tenang. Lingkungan bersih dan aman, tidak pernah ada masalah keamanan. Sangat recommended untuk mahasiswa baru!",assets/kos_photos/kos_0291.jpg,-6.243232,106.890038
KOS-0292,Kos Pulo Gadung 292,Jakarta Timur,Pulo Gadung,1850000,Campur,15,1,1,1,1,1,0,0,0,6.9,Universitas Trisakti,1.6,4.2,15,193,"Kos campur strategis di Pulo Gadung, Jakarta Timur. Kamar 15m² dilengkapi AC, kamar mandi dalam, WiFi, listrik termasuk, dan parkir. Lokasi hanya 6.9 km dari kampus dan 1.6 km dari moda transportasi umum. Suasana bersih, aman, dan nyaman. Cocok untuk mahasiswa maupun pekerja muda yang menginginkan hunian berkualitas dengan harga terjangkau.","Sudah 12 bulan di sini, sangat puas! Kamar bersih dan wangi. WiFi kencang dan stabil. AC dingin, tidak berisik. Pemilik kos sigap menangani keluhan. Sangat direkomendasikan!",assets/kos_photos/kos_0292.jpg,-6.216495,106.917152
KOS-0293,Kos Kramat Jati 293,Jakarta Timur,Kramat Jati,1750000,Campur,18,1,1,1,0,1,0,1,0,8.2,UNJ,1.7,4.0,5,16,"Kos bersih dan terawat di Kramat Jati, Jakarta Timur. Kamar campur berukuran 18m² tersedia dengan fasilitas AC, kamar mandi dalam, WiFi, parkir, dan laundry. Pengelolaan profesional, kontrak fleksibel per bulan. Jarak 8.2 km dari kampus, 1.7 km dari halte atau stasiun. Survei gratis, hubungi pemilik sekarang!","Lokasi sangat strategis, ke mana-mana mudah dijangkau. WiFi kencang dan stabil. AC dingin, tidak berisik. Harga sangat worth it untuk fasilitasnya. Teman sesama penghuni juga asik.",assets/kos_photos/kos_0293.jpg,-6.206094,106.909871
KOS-0294,Kos Kramat Jati 294,Jakarta Timur,Kramat Jati,2450000,Putri,20,1,0,1,0,1,1,1,1,3.1,Politeknik Negeri Jakarta,1.8,4.9,14,125,"Kos putri strategis di Kramat Jati, Jakarta Timur. Kamar 20m² dilengkapi AC, WiFi, parkir, dapur bersama, laundry, dan security 24 jam. Lokasi hanya 3.1 km dari kampus dan 1.8 km dari moda transportasi umum. Suasana bersih, aman, dan nyaman. Cocok untuk mahasiswa maupun pekerja muda yang menginginkan hunian berkualitas dengan harga terjangkau.","Baru 3 minggu tapi sudah betah banget. WiFi kencang dan stabil. AC dingin, tidak berisik. Air bersih dan lancar, listrik stabil, tidak pernah mati. Harga sepadan.",assets/kos_photos/kos_0294.jpg,-6.237519,106.859023
KOS-0295,Kos Makasar 295,Jakarta Timur,Makasar,2050000,Putri,9,1,0,1,0,1,1,0,0,6.5,Politeknik Negeri Jakarta,3.3,4.3,29,109,"Kos bersih dan terawat di Makasar, Jakarta Timur. Kamar putri berukuran 9m² tersedia dengan fasilitas AC, WiFi, parkir, dan dapur bersama. Pengelolaan profesional, kontrak fleksibel per bulan. Jarak 6.5 km dari kampus, 3.3 km dari halte atau stasiun. Survei gratis, hubungi pemilik sekarang!","Lokasi sangat strategis, ke mana-mana mudah dijangkau. WiFi kencang dan stabil. AC dingin, tidak berisik. Harga sangat worth it untuk fasilitasnya. Teman sesama penghuni juga asik.",assets/kos_photos/kos_0295.jpg,-6.250526,106.901704
KOS-0296,Kos Duren Sawit 296,Jakarta Timur,Duren Sawit,1800000,Putri,9,1,0,1,0,1,0,0,0,9.6,Politeknik Negeri Jakarta,4.4,3.5,10,154,"Kos putri strategis di Duren Sawit, Jakarta Timur. Kamar 9m² dilengkapi AC, WiFi, dan parkir. Lokasi hanya 9.6 km dari kampus dan 4.4 km dari moda transportasi umum. Suasana bersih, aman, dan nyaman. Cocok untuk mahasiswa maupun pekerja muda yang menginginkan hunian berkualitas dengan harga terjangkau.","Lumayan sesuai harga yang dibayar. WiFi kencang dan stabil. AC dingin, tidak berisik. Respons pemilik kadang agak lambat, tapi fasilitas tetap terjaga.",assets/kos_photos/kos_0296.jpg,-6.209507,106.908897
KOS-0297,Kos Duren Sawit 297,Jakarta Timur,Duren Sawit,2100000,Campur,12,1,1,1,0,1,1,0,0,5.3,Politeknik Negeri Jakarta,4.6,4.7,19,196,"Kos eksklusif campur area Duren Sawit! Fasilitas lengkap: AC, kamar mandi dalam, WiFi, parkir, dan dapur bersama. Kamar 12m² dengan pencahayaan dan ventilasi optimal. Akses mudah ke pusat bisnis Jakarta Timur. Penjaga aktif 24 jam, CCTV terpasang di area umum. Hanya 5.3 km ke kampus terdekat. Daftar sekarang!","Baru 18 minggu tapi sudah betah banget. WiFi kencang dan stabil. AC dingin, tidak berisik. Air bersih dan lancar, listrik stabil, tidak pernah mati. Harga sepadan.",assets/kos_photos/kos_0297.jpg,-6.214754,106.915803
KOS-0298,Kos Duren Sawit 298,Jakarta Timur,Duren Sawit,2750000,Campur,9,1,1,1,1,1,0,0,1,2.0,Universitas Trisakti,0.5,4.1,21,41,"Kos bersih dan terawat di Duren Sawit, Jakarta Timur. Kamar campur berukuran 9m² tersedia dengan fasilitas AC, kamar mandi dalam, WiFi, listrik termasuk, parkir, dan security 24 jam. Pengelolaan profesional, kontrak fleksibel per bulan. Jarak 2.0 km dari kampus, 0.5 km dari halte atau stasiun. Survei gratis, hubungi pemilik sekarang!","Lokasi sangat strategis, ke mana-mana mudah dijangkau. WiFi kencang dan stabil. AC dingin, tidak berisik. Harga sangat worth it untuk fasilitasnya. Teman sesama penghuni juga asik.",assets/kos_photos/kos_0298.jpg,-6.279505,106.901301
KOS-0299,Kos Cakung 299,Jakarta Timur,Cakung,1750000,Putra,20,1,0,0,0,1,0,0,0,3.8,Universitas Trisakti,4.9,4.8,14,106,"Kos eksklusif putra area Cakung! Fasilitas lengkap: AC dan parkir. Kamar 20m² dengan pencahayaan dan ventilasi optimal. Akses mudah ke pusat bisnis Jakarta Timur. Penjaga aktif 24 jam, CCTV terpasang di area umum. Hanya 3.8 km ke kampus terdekat. Daftar sekarang!","Lokasi sangat strategis, ke mana-mana mudah dijangkau. AC dingin, tidak berisik. Harga sangat worth it untuk fasilitasnya. Teman sesama penghuni juga asik.",assets/kos_photos/kos_0299.jpg,-6.198862,106.930091
KOS-0300,Kos Cakung 300,Jakarta Timur,Cakung,1600000,Putra,12,1,0,1,1,1,0,0,0,9.4,UNJ,2.4,3.7,28,194,"Hunian nyaman di jantung Jakarta Timur. Kos putra dengan AC, WiFi, listrik termasuk, dan parkir. Ukuran kamar 12m², cukup untuk bekerja dan beristirahat. Bebas banjir, akses 24 jam. Jarak ke transportasi umum hanya 2.4 km. Cocok untuk profesional muda yang aktif.","Lumayan sesuai harga yang dibayar. WiFi kencang dan stabil. AC dingin, tidak berisik. Respons pemilik kadang agak lambat, tapi fasilitas tetap terjaga.",assets/kos_photos/kos_0300.jpg,-6.212871,106.887202
KOS-0301,Kos Matraman 301,Jakarta Timur,Matraman,1600000,Campur,9,1,0,1,1,1,0,1,0,5.7,UNJ,4.5,4.0,29,23,"Kos campur strategis di Matraman, Jakarta Timur. Kamar 9m² dilengkapi AC, WiFi, listrik termasuk, parkir, dan laundry. Lokasi hanya 5.7 km dari kampus dan 4.5 km dari moda transportasi umum. Suasana bersih, aman, dan nyaman. Cocok untuk mahasiswa maupun pekerja muda yang menginginkan hunian berkualitas dengan harga terjangkau.","Sudah 18 tahun tinggal di sini dan tidak mau pindah. WiFi kencang dan stabil. AC dingin, tidak berisik. Lingkungan aman dan nyaman, penghuni dipilih secara selektif.",assets/kos_photos/kos_0301.jpg,-6.200347,106.886456
KOS-0302,Kos Matraman 302,Jakarta Timur,Matraman,1950000,Putra,9,1,0,1,0,0,0,0,0,3.4,UNJ,4.8,4.4,27,85,"Kos bersih dan terawat di Matraman, Jakarta Timur. Kamar putra berukuran 9m² tersedia dengan fasilitas AC dan WiFi. Pengelolaan profesional, kontrak fleksibel per bulan. Jarak 3.4 km dari kampus, 4.8 km dari halte atau stasiun. Survei gratis, hubungi pemilik sekarang!","Baru 8 minggu tapi sudah betah banget. WiFi kencang dan stabil. AC dingin, tidak berisik. Air bersih dan lancar, listrik stabil, tidak pernah mati. Harga sepadan.",assets/kos_photos/kos_0302.jpg,-6.24887,106.924747
KOS-0303,Kos Jatinegara 303,Jakarta Timur,Jatinegara,2750000,Putri,15,1,1,1,1,1,1,0,1,2.5,UNJ,4.4,4.8,12,136,"Kos bersih dan terawat di Jatinegara, Jakarta Timur. Kamar putri berukuran 15m² tersedia dengan fasilitas AC, kamar mandi dalam, WiFi, listrik termasuk, parkir, dapur bersama, dan security 24 jam. Pengelolaan profesional, kontrak fleksibel per bulan. Jarak 2.5 km dari kampus, 4.4 km dari halte atau stasiun. Survei gratis, hubungi pemilik sekarang!","Lokasi sangat strategis, ke mana-mana mudah dijangkau. WiFi kencang dan stabil. AC dingin, tidak berisik. Harga sangat worth it untuk fasilitasnya. Teman sesama penghuni juga asik.",assets/kos_photos/kos_0303.jpg,-6.222452,106.881342
KOS-0304,Kos Makasar 304,Jakarta Timur,Makasar,1100000,Putri,9,0,0,1,0,0,0,0,0,8.6,Politeknik Negeri Jakarta,4.1,3.5,13,160,"Kos bersih dan terawat di Makasar, Jakarta Timur. Kamar putri berukuran 9m² tersedia dengan fasilitas WiFi. Pengelolaan profesional, kontrak fleksibel per bulan. Jarak 8.6 km dari kampus, 4.1 km dari halte atau stasiun. Survei gratis, hubungi pemilik sekarang!","Lumayan sesuai harga yang dibayar. WiFi kencang dan stabil. Respons pemilik kadang agak lambat, tapi fasilitas tetap terjaga.",assets/kos_photos/kos_0304.jpg,-6.211435,106.876509
KOS-0305,Kos Cipayung 305,Jakarta Timur,Cipayung,2300000,Putra,9,1,1,1,0,1,0,1,0,2.2,UNJ,2.7,4.6,11,86,"Tersedia kamar kos putra di kawasan Cipayung, Jakarta Timur. Luas kamar 9m², fasilitas: AC, kamar mandi dalam, WiFi, parkir, dan laundry. Dekat kampus (2.2 km) dan transportasi umum (2.7 km). Lingkungan tenang, pemilik kos ramah dan responsif. Harga sudah mencakup biaya perawatan fasilitas bersama. Ideal untuk pelajar yang baru merantau.","Baru 2 minggu tapi sudah betah banget. WiFi kencang dan stabil. AC dingin, tidak berisik. Air bersih dan lancar, listrik stabil, tidak pernah mati. Harga sepadan.",assets/kos_photos/kos_0305.jpg,-6.256044,106.895298
KOS-0306,Kos Cipayung 306,Jakarta Timur,Cipayung,2700000,Campur,24,1,1,1,0,1,0,1,0,2.9,Universitas Trisakti,1.9,4.2,16,154,"Kos eksklusif campur area Cipayung! Fasilitas lengkap: AC, kamar mandi dalam, WiFi, parkir, dan laundry. Kamar 24m² dengan pencahayaan dan ventilasi optimal. Akses mudah ke pusat bisnis Jakarta Timur. Penjaga aktif 24 jam, CCTV terpasang di area umum. Hanya 2.9 km ke kampus terdekat. Daftar sekarang!","Baru 12 minggu tapi sudah betah banget. WiFi kencang dan stabil. AC dingin, tidak berisik. Air bersih dan lancar, listrik stabil, tidak pernah mati. Harga sepadan.",assets/kos_photos/kos_0306.jpg,-6.259433,106.9372
KOS-0307,Kos Pasar Rebo 307,Jakarta Timur,Pasar Rebo,1850000,Putri,9,0,0,0,1,0,1,0,1,7.8,Politeknik Negeri Jakarta,2.7,4.5,21,66,"Kos eksklusif putri area Pasar Rebo! Fasilitas lengkap: listrik termasuk, dapur bersama, dan security 24 jam. Kamar 9m² dengan pencahayaan dan ventilasi optimal. Akses mudah ke pusat bisnis Jakarta Timur. Penjaga aktif 24 jam, CCTV terpasang di area umum. Hanya 7.8 km ke kampus terdekat. Daftar sekarang!","Kos paling nyaman selama kuliah di Jakarta. Keamanan 24 jam membuat tenang. Lingkungan bersih dan aman, tidak pernah ada masalah keamanan. Sangat recommended untuk mahasiswa baru!",assets/kos_photos/kos_0307.jpg,-6.214721,106.903359
KOS-0308,Kos Pulo Gadung 308,Jakarta Timur,Pulo Gadung,1600000,Campur,9,1,1,0,1,0,0,1,0,8.5,UNJ,2.4,4.9,7,80,"Kos eksklusif campur area Pulo Gadung! Fasilitas lengkap: AC, kamar mandi dalam, listrik termasuk, dan laundry. Kamar 9m² dengan pencahayaan dan ventilasi optimal. Akses mudah ke pusat bisnis Jakarta Timur. Penjaga aktif 24 jam, CCTV terpasang di area umum. Hanya 8.5 km ke kampus terdekat. Daftar sekarang!","Lokasi sangat strategis, ke mana-mana mudah dijangkau. AC dingin, tidak berisik. Kamar mandi pribadi sangat nyaman. Harga sangat worth it untuk fasilitasnya. Teman sesama penghuni juga asik.",assets/kos_photos/kos_0308.jpg,-6.188649,106.888988
KOS-0309,Kos Matraman 309,Jakarta Timur,Matraman,2400000,Putra,12,1,1,0,0,0,0,0,1,4.2,Universitas Trisakti,4.9,3.9,12,39,"Kos putra strategis di Matraman, Jakarta Timur. Kamar 12m² dilengkapi AC, kamar mandi dalam, dan security 24 jam. Lokasi hanya 4.2 km dari kampus dan 4.9 km dari moda transportasi umum. Suasana bersih, aman, dan nyaman. Cocok untuk mahasiswa maupun pekerja muda yang menginginkan hunian berkualitas dengan harga terjangkau.","Oke secara keseluruhan. AC dingin, tidak berisik. Kamar mandi pribadi sangat nyaman. Ada plus minusnya, tapi tidak mengecewakan. Lumayan untuk jangka panjang.",assets/kos_photos/kos_0309.jpg,-6.241109,106.898894
KOS-0310,Kos Cipayung 310,Jakarta Timur,Cipayung,2500000,Putri,9,1,1,1,1,1,1,0,0,4.4,Politeknik Negeri Jakarta,1.8,4.0,27,192,"Hunian nyaman di jantung Jakarta Timur. Kos putri dengan AC, kamar mandi dalam, WiFi, listrik termasuk, parkir, dan dapur bersama. Ukuran kamar 9m², cukup untuk bekerja dan beristirahat. Bebas banjir, akses 24 jam. Jarak ke transportasi umum hanya 1.8 km. Cocok untuk profesional muda yang aktif.","Baru 18 minggu tapi sudah betah banget. WiFi kencang dan stabil. AC dingin, tidak berisik. Air bersih dan lancar, listrik stabil, tidak pernah mati. Harga sepadan.",assets/kos_photos/kos_0310.jpg,-6.188872,106.898466
KOS-0311,Kos Cakung 311,Jakarta Timur,Cakung,2050000,Putri,12,1,1,1,0,0,0,0,1,5.9,Universitas Trisakti,0.2,4.6,25,110,"Kos eksklusif putri area Cakung! Fasilitas lengkap: AC, kamar mandi dalam, WiFi, dan security 24 jam. Kamar 12m² dengan pencahayaan dan ventilasi optimal. Akses mudah ke pusat bisnis Jakarta Timur. Penjaga aktif 24 jam, CCTV terpasang di area umum. Hanya 5.9 km ke kampus terdekat. Daftar sekarang!","Sudah 6 tahun tinggal di sini dan tidak mau pindah. WiFi kencang dan stabil. AC dingin, tidak berisik. Lingkungan aman dan nyaman, penghuni dipilih secara selektif.",assets/kos_photos/kos_0311.jpg,-6.252865,106.894668
KOS-0312,Kos Duren Sawit 312,Jakarta Timur,Duren Sawit,2250000,Putra,12,1,0,1,0,1,0,0,0,1.8,Universitas Trisakti,4.7,3.7,10,134,"Kos putra strategis di Duren Sawit, Jakarta Timur. Kamar 12m² dilengkapi AC, WiFi, dan parkir. Lokasi hanya 1.8 km dari kampus dan 4.7 km dari moda transportasi umum. Suasana bersih, aman, dan nyaman. Cocok untuk mahasiswa maupun pekerja muda yang menginginkan hunian berkualitas dengan harga terjangkau.","Oke secara keseluruhan. WiFi kencang dan stabil. AC dingin, tidak berisik. Ada plus minusnya, tapi tidak mengecewakan. Lumayan untuk jangka panjang.",assets/kos_photos/kos_0312.jpg,-6.21933,106.933375
KOS-0313,Kos Makasar 313,Jakarta Timur,Makasar,1650000,Campur,9,1,1,0,0,1,0,1,0,8.7,Universitas Trisakti,2.6,4.1,16,91,"Hunian nyaman di jantung Jakarta Timur. Kos campur dengan AC, kamar mandi dalam, parkir, dan laundry. Ukuran kamar 9m², cukup untuk bekerja dan beristirahat. Bebas banjir, akses 24 jam. Jarak ke transportasi umum hanya 2.6 km. Cocok untuk profesional muda yang aktif.","Sudah 24 bulan di sini, sangat puas! Kamar bersih dan wangi. AC dingin, tidak berisik. Kamar mandi pribadi sangat nyaman. Pemilik kos sigap menangani keluhan. Sangat direkomendasikan!",assets/kos_photos/kos_0313.jpg,-6.239665,106.936283
KOS-0314,Kos Matraman 314,Jakarta Timur,Matraman,2100000,Putra,15,0,1,1,1,1,0,1,1,6.6,UNJ,1.7,4.2,19,191,"Kos putra strategis di Matraman, Jakarta Timur. Kamar 15m² dilengkapi kamar mandi dalam, WiFi, listrik termasuk, parkir, laundry, dan security 24 jam. Lokasi hanya 6.6 km dari kampus dan 1.7 km dari moda transportasi umum. Suasana bersih, aman, dan nyaman. Cocok untuk mahasiswa maupun pekerja muda yang menginginkan hunian berkualitas dengan harga terjangkau.","Kos paling nyaman selama kuliah di Jakarta. WiFi kencang dan stabil. Kamar mandi pribadi sangat nyaman. Lingkungan bersih dan aman, tidak pernah ada masalah keamanan. Sangat recommended untuk mahasiswa baru!",assets/kos_photos/kos_0314.jpg,-6.214185,106.901948
KOS-0315,Kos Makasar 315,Jakarta Timur,Makasar,2350000,Putra,12,1,1,1,0,1,0,1,1,4.9,Politeknik Negeri Jakarta,4.0,5.0,15,25,"Hunian nyaman di jantung Jakarta Timur. Kos putra dengan AC, kamar mandi dalam, WiFi, parkir, laundry, dan security 24 jam. Ukuran kamar 12m², cukup untuk bekerja dan beristirahat. Bebas banjir, akses 24 jam. Jarak ke transportasi umum hanya 4.0 km. Cocok untuk profesional muda yang aktif.","Sudah 12 tahun tinggal di sini dan tidak mau pindah. WiFi kencang dan stabil. AC dingin, tidak berisik. Lingkungan aman dan nyaman, penghuni dipilih secara selektif.",assets/kos_photos/kos_0315.jpg,-6.235208,106.865447
KOS-0316,Kos Pasar Rebo 316,Jakarta Timur,Pasar Rebo,2600000,Campur,20,1,1,0,1,1,1,0,1,4.7,UNJ,0.4,4.6,14,13,"Kos campur strategis di Pasar Rebo, Jakarta Timur. Kamar 20m² dilengkapi AC, kamar mandi dalam, listrik termasuk, parkir, dapur bersama, dan security 24 jam. Lokasi hanya 4.7 km dari kampus dan 0.4 km dari moda transportasi umum. Suasana bersih, aman, dan nyaman. Cocok untuk mahasiswa maupun pekerja muda yang menginginkan hunian berkualitas dengan harga terjangkau.","Lokasi sangat strategis, ke mana-mana mudah dijangkau. AC dingin, tidak berisik. Kamar mandi pribadi sangat nyaman. Harga sangat worth it untuk fasilitasnya. Teman sesama penghuni juga asik.",assets/kos_photos/kos_0316.jpg,-6.231918,106.885498
KOS-0317,Kos Jatinegara 317,Jakarta Timur,Jatinegara,2150000,Campur,15,1,1,1,0,1,1,0,1,8.3,Universitas Trisakti,3.8,3.6,9,19,"Kos campur strategis di Jatinegara, Jakarta Timur. Kamar 15m² dilengkapi AC, kamar mandi dalam, WiFi, parkir, dapur bersama, dan security 24 jam. Lokasi hanya 8.3 km dari kampus dan 3.8 km dari moda transportasi umum. Suasana bersih, aman, dan nyaman. Cocok untuk mahasiswa maupun pekerja muda yang menginginkan hunian berkualitas dengan harga terjangkau.","Lumayan sesuai harga yang dibayar. WiFi kencang dan stabil. AC dingin, tidak berisik. Respons pemilik kadang agak lambat, tapi fasilitas tetap terjaga.",assets/kos_photos/kos_0317.jpg,-6.205127,106.904909
KOS-0318,Kos Matraman 318,Jakarta Timur,Matraman,2000000,Putri,12,0,0,1,1,1,0,1,1,1.8,UNJ,4.7,4.5,10,119,"Kos bersih dan terawat di Matraman, Jakarta Timur. Kamar putri berukuran 12m² tersedia dengan fasilitas WiFi, listrik termasuk, parkir, laundry, dan security 24 jam. Pengelolaan profesional, kontrak fleksibel per bulan. Jarak 1.8 km dari kampus, 4.7 km dari halte atau stasiun. Survei gratis, hubungi pemilik sekarang!","Baru 18 minggu tapi sudah betah banget. WiFi kencang dan stabil. Keamanan 24 jam membuat tenang. Air bersih dan lancar, listrik stabil, tidak pernah mati. Harga sepadan.",assets/kos_photos/kos_0318.jpg,-6.226677,106.93988
KOS-0319,Kos Makasar 319,Jakarta Timur,Makasar,1850000,Putri,12,1,1,0,1,1,0,0,0,2.3,UNJ,1.1,4.4,12,84,"Tersedia kamar kos putri di kawasan Makasar, Jakarta Timur. Luas kamar 12m², fasilitas: AC, kamar mandi dalam, listrik termasuk, dan parkir. Dekat kampus (2.3 km) dan transportasi umum (1.1 km). Lingkungan tenang, pemilik kos ramah dan responsif. Harga sudah mencakup biaya perawatan fasilitas bersama. Ideal untuk pelajar yang baru merantau.","Kos paling nyaman selama kuliah di Jakarta. AC dingin, tidak berisik. Kamar mandi pribadi sangat nyaman. Lingkungan bersih dan aman, tidak pernah ada masalah keamanan. Sangat recommended untuk mahasiswa baru!",assets/kos_photos/kos_0319.jpg,-6.200658,106.931449
KOS-0320,Kos Makasar 320,Jakarta Timur,Makasar,1900000,Putri,15,0,1,1,0,1,0,0,0,6.0,Universitas Trisakti,3.8,4.0,18,29,"Kos eksklusif putri area Makasar! Fasilitas lengkap: kamar mandi dalam, WiFi, dan parkir. Kamar 15m² dengan pencahayaan dan ventilasi optimal. Akses mudah ke pusat bisnis Jakarta Timur. Penjaga aktif 24 jam, CCTV terpasang di area umum. Hanya 6.0 km ke kampus terdekat. Daftar sekarang!","Baru 6 minggu tapi sudah betah banget. WiFi kencang dan stabil. Kamar mandi pribadi sangat nyaman. Air bersih dan lancar, listrik stabil, tidak pernah mati. Harga sepadan.",assets/kos_photos/kos_0320.jpg,-6.210041,106.913392
KOS-0321,Kos Pulo Gadung 321,Jakarta Timur,Pulo Gadung,2500000,Putri,15,1,1,1,0,0,1,0,1,8.4,UNJ,0.5,3.9,5,133,"Kos bersih dan terawat di Pulo Gadung, Jakarta Timur. Kamar putri berukuran 15m² tersedia dengan fasilitas AC, kamar mandi dalam, WiFi, dapur bersama, dan security 24 jam. Pengelolaan profesional, kontrak fleksibel per bulan. Jarak 8.4 km dari kampus, 0.5 km dari halte atau stasiun. Survei gratis, hubungi pemilik sekarang!","Lumayan sesuai harga yang dibayar. WiFi kencang dan stabil. AC dingin, tidak berisik. Respons pemilik kadang agak lambat, tapi fasilitas tetap terjaga.",assets/kos_photos/kos_0321.jpg,-6.207482,106.866505
KOS-0322,Kos Kramat Jati 322,Jakarta Timur,Kramat Jati,2050000,Putra,9,0,1,0,1,0,0,0,1,7.7,Politeknik Negeri Jakarta,2.6,4.5,26,148,"Kos eksklusif putra area Kramat Jati! Fasilitas lengkap: kamar mandi dalam, listrik termasuk, dan security 24 jam. Kamar 9m² dengan pencahayaan dan ventilasi optimal. Akses mudah ke pusat bisnis Jakarta Timur. Penjaga aktif 24 jam, CCTV terpasang di area umum. Hanya 7.7 km ke kampus terdekat. Daftar sekarang!","Baru 18 minggu tapi sudah betah banget. Kamar mandi pribadi sangat nyaman. Keamanan 24 jam membuat tenang. Air bersih dan lancar, listrik stabil, tidak pernah mati. Harga sepadan.",assets/kos_photos/kos_0322.jpg,-6.203994,106.937585
KOS-0323,Kos Pulo Gadung 323,Jakarta Timur,Pulo Gadung,2100000,Campur,9,1,1,1,1,1,0,0,1,8.4,Politeknik Negeri Jakarta,2.4,3.8,20,6,"Tersedia kamar kos campur di kawasan Pulo Gadung, Jakarta Timur. Luas kamar 9m², fasilitas: AC, kamar mandi dalam, WiFi, listrik termasuk, parkir, dan security 24 jam. Dekat kampus (8.4 km) dan transportasi umum (2.4 km). Lingkungan tenang, pemilik kos ramah dan responsif. Harga sudah mencakup biaya perawatan fasilitas bersama. Ideal untuk pelajar yang baru merantau.","Cukup nyaman untuk kebutuhan sehari-hari. WiFi kencang dan stabil. AC dingin, tidak berisik. Harga standar untuk area sini. Cocok untuk yang budget terbatas.",assets/kos_photos/kos_0323.jpg,-6.253806,106.894389
KOS-0324,Kos Pulo Gadung 324,Jakarta Timur,Pulo Gadung,1600000,Campur,12,1,0,1,1,0,0,0,0,6.0,Politeknik Negeri Jakarta,2.7,4.1,28,113,"Kos bersih dan terawat di Pulo Gadung, Jakarta Timur. Kamar campur berukuran 12m² tersedia dengan fasilitas AC, WiFi, dan listrik termasuk. Pengelolaan profesional, kontrak fleksibel per bulan. Jarak 6.0 km dari kampus, 2.7 km dari halte atau stasiun. Survei gratis, hubungi pemilik sekarang!","Lokasi sangat strategis, ke mana-mana mudah dijangkau. WiFi kencang dan stabil. AC dingin, tidak berisik. Harga sangat worth it untuk fasilitasnya. Teman sesama penghuni juga asik.",assets/kos_photos/kos_0324.jpg,-6.196658,106.891368
KOS-0325,Kos Duren Sawit 325,Jakarta Timur,Duren Sawit,1900000,Putra,9,1,1,0,0,0,0,0,0,0.7,UNJ,0.7,4.3,23,53,"Tersedia kamar kos putra di kawasan Duren Sawit, Jakarta Timur. Luas kamar 9m², fasilitas: AC dan kamar mandi dalam. Dekat kampus (0.7 km) dan transportasi umum (0.7 km). Lingkungan tenang, pemilik kos ramah dan responsif. Harga sudah mencakup biaya perawatan fasilitas bersama. Ideal untuk pelajar yang baru merantau.","Sudah 2 bulan di sini, sangat puas! Kamar bersih dan wangi. AC dingin, tidak berisik. Kamar mandi pribadi sangat nyaman. Pemilik kos sigap menangani keluhan. Sangat direkomendasikan!",assets/kos_photos/kos_0325.jpg,-6.249716,106.911658
KOS-0326,Kos Kramat Jati 326,Jakarta Timur,Kramat Jati,1650000,Putra,18,0,0,1,1,0,0,1,0,8.3,UNJ,2.4,3.6,9,110,"Kos eksklusif putra area Kramat Jati! Fasilitas lengkap: WiFi, listrik termasuk, dan laundry. Kamar 18m² dengan pencahayaan dan ventilasi optimal. Akses mudah ke pusat bisnis Jakarta Timur. Penjaga aktif 24 jam, CCTV terpasang di area umum. Hanya 8.3 km ke kampus terdekat. Daftar sekarang!","Oke secara keseluruhan. WiFi kencang dan stabil. Ada plus minusnya, tapi tidak mengecewakan. Lumayan untuk jangka panjang.",assets/kos_photos/kos_0326.jpg,-6.230896,106.895796
KOS-0327,Kos Cakung 327,Jakarta Timur,Cakung,2300000,Putra,12,1,1,1,1,1,1,0,0,3.5,Politeknik Negeri Jakarta,4.0,4.2,21,79,"Kos putra strategis di Cakung, Jakarta Timur. Kamar 12m² dilengkapi AC, kamar mandi dalam, WiFi, listrik termasuk, parkir, dan dapur bersama. Lokasi hanya 3.5 km dari kampus dan 4.0 km dari moda transportasi umum. Suasana bersih, aman, dan nyaman. Cocok untuk mahasiswa maupun pekerja muda yang menginginkan hunian berkualitas dengan harga terjangkau.","Sudah 2 bulan di sini, sangat puas! Kamar bersih dan wangi. WiFi kencang dan stabil. AC dingin, tidak berisik. Pemilik kos sigap menangani keluhan. Sangat direkomendasikan!",assets/kos_photos/kos_0327.jpg,-6.180716,106.897939
KOS-0328,Kos Cakung 328,Jakarta Timur,Cakung,2350000,Putra,9,1,1,0,0,1,0,1,1,6.8,UNJ,4.8,4.7,26,163,"Kos bersih dan terawat di Cakung, Jakarta Timur. Kamar putra berukuran 9m² tersedia dengan fasilitas AC, kamar mandi dalam, parkir, laundry, dan security 24 jam. Pengelolaan profesional, kontrak fleksibel per bulan. Jarak 6.8 km dari kampus, 4.8 km dari halte atau stasiun. Survei gratis, hubungi pemilik sekarang!","Kos paling nyaman selama kuliah di Jakarta. AC dingin, tidak berisik. Kamar mandi pribadi sangat nyaman. Lingkungan bersih dan aman, tidak pernah ada masalah keamanan. Sangat recommended untuk mahasiswa baru!",assets/kos_photos/kos_0328.jpg,-6.247355,106.893823
KOS-0329,Kos Pulo Gadung 329,Jakarta Timur,Pulo Gadung,2050000,Putri,12,0,1,1,0,1,0,0,0,5.4,UNJ,3.6,3.6,6,45,"Kos eksklusif putri area Pulo Gadung! Fasilitas lengkap: kamar mandi dalam, WiFi, dan parkir. Kamar 12m² dengan pencahayaan dan ventilasi optimal. Akses mudah ke pusat bisnis Jakarta Timur. Penjaga aktif 24 jam, CCTV terpasang di area umum. Hanya 5.4 km ke kampus terdekat. Daftar sekarang!","Lumayan sesuai harga yang dibayar. WiFi kencang dan stabil. Kamar mandi pribadi sangat nyaman. Respons pemilik kadang agak lambat, tapi fasilitas tetap terjaga.",assets/kos_photos/kos_0329.jpg,-6.190457,106.896277
KOS-0330,Kos Jatinegara 330,Jakarta Timur,Jatinegara,1300000,Putri,9,0,0,1,0,1,1,0,1,6.0,Politeknik Negeri Jakarta,1.6,4.8,10,192,"Tersedia kamar kos putri di kawasan Jatinegara, Jakarta Timur. Luas kamar 9m², fasilitas: WiFi, parkir, dapur bersama, dan security 24 jam. Dekat kampus (6.0 km) dan transportasi umum (1.6 km). Lingkungan tenang, pemilik kos ramah dan responsif. Harga sudah mencakup biaya perawatan fasilitas bersama. Ideal untuk pelajar yang baru merantau.","Kos paling nyaman selama kuliah di Jakarta. WiFi kencang dan stabil. Keamanan 24 jam membuat tenang. Lingkungan bersih dan aman, tidak pernah ada masalah keamanan. Sangat recommended untuk mahasiswa baru!",assets/kos_photos/kos_0330.jpg,-6.224069,106.89818
KOS-0331,Kos Cakung 331,Jakarta Timur,Cakung,1900000,Putri,9,1,1,1,0,1,0,0,0,4.8,UNJ,1.9,4.8,19,119,"Kos eksklusif putri area Cakung! Fasilitas lengkap: AC, kamar mandi dalam, WiFi, dan parkir. Kamar 9m² dengan pencahayaan dan ventilasi optimal. Akses mudah ke pusat bisnis Jakarta Timur. Penjaga aktif 24 jam, CCTV terpasang di area umum. Hanya 4.8 km ke kampus terdekat. Daftar sekarang!","Lokasi sangat strategis, ke mana-mana mudah dijangkau. WiFi kencang dan stabil. AC dingin, tidak berisik. Harga sangat worth it untuk fasilitasnya. Teman sesama penghuni juga asik.",assets/kos_photos/kos_0331.jpg,-6.18203,106.84241
KOS-0332,Kos Duren Sawit 332,Jakarta Timur,Duren Sawit,1950000,Putri,9,1,1,1,0,1,1,0,1,7.6,Politeknik Negeri Jakarta,3.8,3.9,20,139,"Tersedia kamar kos putri di kawasan Duren Sawit, Jakarta Timur. Luas kamar 9m², fasilitas: AC, kamar mandi dalam, WiFi, parkir, dapur bersama, dan security 24 jam. Dekat kampus (7.6 km) dan transportasi umum (3.8 km). Lingkungan tenang, pemilik kos ramah dan responsif. Harga sudah mencakup biaya perawatan fasilitas bersama. Ideal untuk pelajar yang baru merantau.","Lumayan sesuai harga yang dibayar. WiFi kencang dan stabil. AC dingin, tidak berisik. Respons pemilik kadang agak lambat, tapi fasilitas tetap terjaga.",assets/kos_photos/kos_0332.jpg,-6.224637,106.917653
KOS-0333,Kos Cakung 333,Jakarta Timur,Cakung,2100000,Putri,9,0,0,1,0,1,0,1,0,7.2,UNJ,0.5,4.3,20,170,"Kos putri strategis di Cakung, Jakarta Timur. Kamar 9m² dilengkapi WiFi, parkir, dan laundry. Lokasi hanya 7.2 km dari kampus dan 0.5 km dari moda transportasi umum. Suasana bersih, aman, dan nyaman. Cocok untuk mahasiswa maupun pekerja muda yang menginginkan hunian berkualitas dengan harga terjangkau.","Sudah 2 tahun tinggal di sini dan tidak mau pindah. WiFi kencang dan stabil. Lingkungan aman dan nyaman, penghuni dipilih secara selektif.",assets/kos_photos/kos_0333.jpg,-6.234606,106.925876
KOS-0334,Kos Jatinegara 334,Jakarta Timur,Jatinegara,2600000,Putra,20,1,1,1,1,1,0,0,1,3.7,Politeknik Negeri Jakarta,4.8,4.3,27,108,"Tersedia kamar kos putra di kawasan Jatinegara, Jakarta Timur. Luas kamar 20m², fasilitas: AC, kamar mandi dalam, WiFi, listrik termasuk, parkir, dan security 24 jam. Dekat kampus (3.7 km) dan transportasi umum (4.8 km). Lingkungan tenang, pemilik kos ramah dan responsif. Harga sudah mencakup biaya perawatan fasilitas bersama. Ideal untuk pelajar yang baru merantau.","Sudah 12 tahun tinggal di sini dan tidak mau pindah. WiFi kencang dan stabil. AC dingin, tidak berisik. Lingkungan aman dan nyaman, penghuni dipilih secara selektif.",assets/kos_photos/kos_0334.jpg,-6.200934,106.907216
KOS-0335,Kos Jatinegara 335,Jakarta Timur,Jatinegara,2500000,Campur,9,1,1,0,0,0,0,1,1,4.1,Politeknik Negeri Jakarta,0.3,4.4,23,107,"Kos campur strategis di Jatinegara, Jakarta Timur. Kamar 9m² dilengkapi AC, kamar mandi dalam, laundry, dan security 24 jam. Lokasi hanya 4.1 km dari kampus dan 0.3 km dari moda transportasi umum. Suasana bersih, aman, dan nyaman. Cocok untuk mahasiswa maupun pekerja muda yang menginginkan hunian berkualitas dengan harga terjangkau.","Sudah 24 tahun tinggal di sini dan tidak mau pindah. AC dingin, tidak berisik. Kamar mandi pribadi sangat nyaman. Lingkungan aman dan nyaman, penghuni dipilih secara selektif.",assets/kos_photos/kos_0335.jpg,-6.207555,106.903165
KOS-0336,Kos Pulo Gadung 336,Jakarta Timur,Pulo Gadung,2100000,Putra,12,0,1,1,1,1,1,0,1,2.9,UNJ,4.9,4.5,18,167,"Kos bersih dan terawat di Pulo Gadung, Jakarta Timur. Kamar putra berukuran 12m² tersedia dengan fasilitas kamar mandi dalam, WiFi, listrik termasuk, parkir, dapur bersama, dan security 24 jam. Pengelolaan profesional, kontrak fleksibel per bulan. Jarak 2.9 km dari kampus, 4.9 km dari halte atau stasiun. Survei gratis, hubungi pemilik sekarang!","Baru 3 minggu tapi sudah betah banget. WiFi kencang dan stabil. Kamar mandi pribadi sangat nyaman. Air bersih dan lancar, listrik stabil, tidak pernah mati. Harga sepadan.",assets/kos_photos/kos_0336.jpg,-6.286272,106.864958
KOS-0337,Kos Makasar 337,Jakarta Timur,Makasar,1800000,Campur,18,0,0,1,0,0,1,0,0,4.4,Politeknik Negeri Jakarta,4.9,3.5,25,94,"Tersedia kamar kos campur di kawasan Makasar, Jakarta Timur. Luas kamar 18m², fasilitas: WiFi dan dapur bersama. Dekat kampus (4.4 km) dan transportasi umum (4.9 km). Lingkungan tenang, pemilik kos ramah dan responsif. Harga sudah mencakup biaya perawatan fasilitas bersama. Ideal untuk pelajar yang baru merantau.","Lumayan sesuai harga yang dibayar. WiFi kencang dan stabil. Respons pemilik kadang agak lambat, tapi fasilitas tetap terjaga.",assets/kos_photos/kos_0337.jpg,-6.234082,106.894035
KOS-0338,Kos Jatinegara 338,Jakarta Timur,Jatinegara,2900000,Campur,20,1,1,1,0,1,0,1,1,1.3,Politeknik Negeri Jakarta,4.7,3.8,26,162,"Kos eksklusif campur area Jatinegara! Fasilitas lengkap: AC, kamar mandi dalam, WiFi, parkir, laundry, dan security 24 jam. Kamar 20m² dengan pencahayaan dan ventilasi optimal. Akses mudah ke pusat bisnis Jakarta Timur. Penjaga aktif 24 jam, CCTV terpasang di area umum. Hanya 1.3 km ke kampus terdekat. Daftar sekarang!","Oke secara keseluruhan. WiFi kencang dan stabil. AC dingin, tidak berisik. Ada plus minusnya, tapi tidak mengecewakan. Lumayan untuk jangka panjang.",assets/kos_photos/kos_0338.jpg,-6.246521,106.961836
KOS-0339,Kos Kramat Jati 339,Jakarta Timur,Kramat Jati,2250000,Campur,9,0,1,0,0,1,0,0,0,1.9,Universitas Trisakti,0.3,4.5,25,137,"Kos bersih dan terawat di Kramat Jati, Jakarta Timur. Kamar campur berukuran 9m² tersedia dengan fasilitas kamar mandi dalam dan parkir. Pengelolaan profesional, kontrak fleksibel per bulan. Jarak 1.9 km dari kampus, 0.3 km dari halte atau stasiun. Survei gratis, hubungi pemilik sekarang!","Baru 6 minggu tapi sudah betah banget. Kamar mandi pribadi sangat nyaman. Air bersih dan lancar, listrik stabil, tidak pernah mati. Harga sepadan.",assets/kos_photos/kos_0339.jpg,-6.235294,106.89131
KOS-0340,Kos Duren Sawit 340,Jakarta Timur,Duren Sawit,2250000,Putra,15,1,1,1,0,1,0,1,1,2.1,Universitas Trisakti,4.4,4.9,16,9,"Kos eksklusif putra area Duren Sawit! Fasilitas lengkap: AC, kamar mandi dalam, WiFi, parkir, laundry, dan security 24 jam. Kamar 15m² dengan pencahayaan dan ventilasi optimal. Akses mudah ke pusat bisnis Jakarta Timur. Penjaga aktif 24 jam, CCTV terpasang di area umum. Hanya 2.1 km ke kampus terdekat. Daftar sekarang!","Lokasi sangat strategis, ke mana-mana mudah dijangkau. WiFi kencang dan stabil. AC dingin, tidak berisik. Harga sangat worth it untuk fasilitasnya. Teman sesama penghuni juga asik.",assets/kos_photos/kos_0340.jpg,-6.227922,106.875454
KOS-0341,Kos Jatinegara 341,Jakarta Timur,Jatinegara,2100000,Putra,12,1,0,1,1,1,0,0,1,5.7,Universitas Trisakti,0.6,4.8,18,116,"Kos putra strategis di Jatinegara, Jakarta Timur. Kamar 12m² dilengkapi AC, WiFi, listrik termasuk, parkir, dan security 24 jam. Lokasi hanya 5.7 km dari kampus dan 0.6 km dari moda transportasi umum. Suasana bersih, aman, dan nyaman. Cocok untuk mahasiswa maupun pekerja muda yang menginginkan hunian berkualitas dengan harga terjangkau.","Lokasi sangat strategis, ke mana-mana mudah dijangkau. WiFi kencang dan stabil. AC dingin, tidak berisik. Harga sangat worth it untuk fasilitasnya. Teman sesama penghuni juga asik.",assets/kos_photos/kos_0341.jpg,-6.265005,106.881351
KOS-0342,Kos Pulo Gadung 342,Jakarta Timur,Pulo Gadung,1400000,Putra,15,0,0,1,1,1,1,0,0,8.1,Universitas Trisakti,2.0,3.9,7,33,"Tersedia kamar kos putra di kawasan Pulo Gadung, Jakarta Timur. Luas kamar 15m², fasilitas: WiFi, listrik termasuk, parkir, dan dapur bersama. Dekat kampus (8.1 km) dan transportasi umum (2.0 km). Lingkungan tenang, pemilik kos ramah dan responsif. Harga sudah mencakup biaya perawatan fasilitas bersama. Ideal untuk pelajar yang baru merantau.","Oke secara keseluruhan. WiFi kencang dan stabil. Ada plus minusnya, tapi tidak mengecewakan. Lumayan untuk jangka panjang.",assets/kos_photos/kos_0342.jpg,-6.214563,106.867388
KOS-0343,Kos Pasar Rebo 343,Jakarta Timur,Pasar Rebo,2000000,Putri,15,1,1,0,0,1,0,0,1,3.7,UNJ,4.1,4.3,13,164,"Tersedia kamar kos putri di kawasan Pasar Rebo, Jakarta Timur. Luas kamar 15m², fasilitas: AC, kamar mandi dalam, parkir, dan security 24 jam. Dekat kampus (3.7 km) dan transportasi umum (4.1 km). Lingkungan tenang, pemilik kos ramah dan responsif. Harga sudah mencakup biaya perawatan fasilitas bersama. Ideal untuk pelajar yang baru merantau.","Sudah 2 bulan di sini, sangat puas! Kamar bersih dan wangi. AC dingin, tidak berisik. Kamar mandi pribadi sangat nyaman. Pemilik kos sigap menangani keluhan. Sangat direkomendasikan!",assets/kos_photos/kos_0343.jpg,-6.245005,106.916221
KOS-0344,Kos Makasar 344,Jakarta Timur,Makasar,1500000,Putra,9,1,0,1,0,1,0,0,1,4.9,Universitas Trisakti,1.7,4.3,12,16,"Tersedia kamar kos putra di kawasan Makasar, Jakarta Timur. Luas kamar 9m², fasilitas: AC, WiFi, parkir, dan security 24 jam. Dekat kampus (4.9 km) dan transportasi umum (1.7 km). Lingkungan tenang, pemilik kos ramah dan responsif. Harga sudah mencakup biaya perawatan fasilitas bersama. Ideal untuk pelajar yang baru merantau.","Baru 3 minggu tapi sudah betah banget. WiFi kencang dan stabil. AC dingin, tidak berisik. Air bersih dan lancar, listrik stabil, tidak pernah mati. Harga sepadan.",assets/kos_photos/kos_0344.jpg,-6.232905,106.909534
KOS-0345,Kos Cakung 345,Jakarta Timur,Cakung,2000000,Putri,9,1,1,1,0,0,0,1,0,4.5,Politeknik Negeri Jakarta,3.9,3.8,6,30,"Kos bersih dan terawat di Cakung, Jakarta Timur. Kamar putri berukuran 9m² tersedia dengan fasilitas AC, kamar mandi dalam, WiFi, dan laundry. Pengelolaan profesional, kontrak fleksibel per bulan. Jarak 4.5 km dari kampus, 3.9 km dari halte atau stasiun. Survei gratis, hubungi pemilik sekarang!","Oke secara keseluruhan. WiFi kencang dan stabil. AC dingin, tidak berisik. Ada plus minusnya, tapi tidak mengecewakan. Lumayan untuk jangka panjang.",assets/kos_photos/kos_0345.jpg,-6.228525,106.938694
KOS-0346,Kos Pulo Gadung 346,Jakarta Timur,Pulo Gadung,2450000,Putri,9,0,1,1,1,1,1,0,0,2.4,Universitas Trisakti,4.7,4.9,22,150,"Kos bersih dan terawat di Pulo Gadung, Jakarta Timur. Kamar putri berukuran 9m² tersedia dengan fasilitas kamar mandi dalam, WiFi, listrik termasuk, parkir, dan dapur bersama. Pengelolaan profesional, kontrak fleksibel per bulan. Jarak 2.4 km dari kampus, 4.7 km dari halte atau stasiun. Survei gratis, hubungi pemilik sekarang!","Kos paling nyaman selama kuliah di Jakarta. WiFi kencang dan stabil. Kamar mandi pribadi sangat nyaman. Lingkungan bersih dan aman, tidak pernah ada masalah keamanan. Sangat recommended untuk mahasiswa baru!",assets/kos_photos/kos_0346.jpg,-6.206247,106.948745
KOS-0347,Kos Kramat Jati 347,Jakarta Timur,Kramat Jati,1850000,Campur,18,1,1,1,0,1,0,0,0,8.0,UNJ,2.6,3.9,9,33,"Kos campur strategis di Kramat Jati, Jakarta Timur. Kamar 18m² dilengkapi AC, kamar mandi dalam, WiFi, dan parkir. Lokasi hanya 8.0 km dari kampus dan 2.6 km dari moda transportasi umum. Suasana bersih, aman, dan nyaman. Cocok untuk mahasiswa maupun pekerja muda yang menginginkan hunian berkualitas dengan harga terjangkau.","Cukup nyaman untuk kebutuhan sehari-hari. WiFi kencang dan stabil. AC dingin, tidak berisik. Harga standar untuk area sini. Cocok untuk yang budget terbatas.",assets/kos_photos/kos_0347.jpg,-6.2557,106.877237
KOS-0348,Kos Jatinegara 348,Jakarta Timur,Jatinegara,2350000,Putri,24,0,0,1,1,1,0,1,1,7.5,Politeknik Negeri Jakarta,0.8,3.5,14,141,"Kos putri strategis di Jatinegara, Jakarta Timur. Kamar 24m² dilengkapi WiFi, listrik termasuk, parkir, laundry, dan security 24 jam. Lokasi hanya 7.5 km dari kampus dan 0.8 km dari moda transportasi umum. Suasana bersih, aman, dan nyaman. Cocok untuk mahasiswa maupun pekerja muda yang menginginkan hunian berkualitas dengan harga terjangkau.","Oke secara keseluruhan. WiFi kencang dan stabil. Keamanan 24 jam membuat tenang. Ada plus minusnya, tapi tidak mengecewakan. Lumayan untuk jangka panjang.",assets/kos_photos/kos_0348.jpg,-6.258064,106.888245
KOS-0349,Kos Cakung 349,Jakarta Timur,Cakung,1550000,Campur,15,0,1,0,1,1,1,0,1,5.2,UNJ,4.6,4.8,18,125,"Kos campur strategis di Cakung, Jakarta Timur. Kamar 15m² dilengkapi kamar mandi dalam, listrik termasuk, parkir, dapur bersama, dan security 24 jam. Lokasi hanya 5.2 km dari kampus dan 4.6 km dari moda transportasi umum. Suasana bersih, aman, dan nyaman. Cocok untuk mahasiswa maupun pekerja muda yang menginginkan hunian berkualitas dengan harga terjangkau.","Lokasi sangat strategis, ke mana-mana mudah dijangkau. Kamar mandi pribadi sangat nyaman. Keamanan 24 jam membuat tenang. Harga sangat worth it untuk fasilitasnya. Teman sesama penghuni juga asik.",assets/kos_photos/kos_0349.jpg,-6.22756,106.884136
KOS-0350,Kos Cakung 350,Jakarta Timur,Cakung,2350000,Putra,18,1,1,1,0,0,0,0,1,5.9,Universitas Trisakti,1.8,4.2,18,164,"Tersedia kamar kos putra di kawasan Cakung, Jakarta Timur. Luas kamar 18m², fasilitas: AC, kamar mandi dalam, WiFi, dan security 24 jam. Dekat kampus (5.9 km) dan transportasi umum (1.8 km). Lingkungan tenang, pemilik kos ramah dan responsif. Harga sudah mencakup biaya perawatan fasilitas bersama. Ideal untuk pelajar yang baru merantau.","Lokasi sangat strategis, ke mana-mana mudah dijangkau. WiFi kencang dan stabil. AC dingin, tidak berisik. Harga sangat worth it untuk fasilitasnya. Teman sesama penghuni juga asik.",assets/kos_photos/kos_0350.jpg,-6.246988,106.957441
KOS-0351,Kos Makasar 351,Jakarta Timur,Makasar,1350000,Putra,9,0,0,0,1,1,1,1,1,8.5,Politeknik Negeri Jakarta,1.2,4.1,6,167,"Kos bersih dan terawat di Makasar, Jakarta Timur. Kamar putra berukuran 9m² tersedia dengan fasilitas listrik termasuk, parkir, dapur bersama, laundry, dan security 24 jam. Pengelolaan profesional, kontrak fleksibel per bulan. Jarak 8.5 km dari kampus, 1.2 km dari halte atau stasiun. Survei gratis, hubungi pemilik sekarang!","Sudah 2 tahun tinggal di sini dan tidak mau pindah. Keamanan 24 jam membuat tenang. Lingkungan aman dan nyaman, penghuni dipilih secara selektif.",assets/kos_photos/kos_0351.jpg,-6.202831,106.888173
KOS-0352,Kos Duren Sawit 352,Jakarta Timur,Duren Sawit,1800000,Putri,15,1,0,1,0,0,0,0,1,8.1,Politeknik Negeri Jakarta,0.9,3.7,6,131,"Kos bersih dan terawat di Duren Sawit, Jakarta Timur. Kamar putri berukuran 15m² tersedia dengan fasilitas AC, WiFi, dan security 24 jam. Pengelolaan profesional, kontrak fleksibel per bulan. Jarak 8.1 km dari kampus, 0.9 km dari halte atau stasiun. Survei gratis, hubungi pemilik sekarang!","Cukup nyaman untuk kebutuhan sehari-hari. WiFi kencang dan stabil. AC dingin, tidak berisik. Harga standar untuk area sini. Cocok untuk yang budget terbatas.",assets/kos_photos/kos_0352.jpg,-6.291293,106.86595
KOS-0353,Kos Cipayung 353,Jakarta Timur,Cipayung,1650000,Putri,20,0,0,0,1,0,1,1,0,5.8,Politeknik Negeri Jakarta,1.0,4.5,15,11,"Kos putri strategis di Cipayung, Jakarta Timur. Kamar 20m² dilengkapi listrik termasuk, dapur bersama, dan laundry. Lokasi hanya 5.8 km dari kampus dan 1.0 km dari moda transportasi umum. Suasana bersih, aman, dan nyaman. Cocok untuk mahasiswa maupun pekerja muda yang menginginkan hunian berkualitas dengan harga terjangkau.","Sudah 24 tahun tinggal di sini dan tidak mau pindah. Fasilitas standar terpenuhi. Lingkungan aman dan nyaman, penghuni dipilih secara selektif.",assets/kos_photos/kos_0353.jpg,-6.281245,106.870516
KOS-0354,Kos Pasar Rebo 354,Jakarta Timur,Pasar Rebo,1900000,Putri,9,1,0,1,1,1,1,0,1,4.9,Politeknik Negeri Jakarta,1.0,4.1,23,32,"Hunian nyaman di jantung Jakarta Timur. Kos putri dengan AC, WiFi, listrik termasuk, parkir, dapur bersama, dan security 24 jam. Ukuran kamar 9m², cukup untuk bekerja dan beristirahat. Bebas banjir, akses 24 jam. Jarak ke transportasi umum hanya 1.0 km. Cocok untuk profesional muda yang aktif.","Sudah 24 bulan di sini, sangat puas! Kamar bersih dan wangi. WiFi kencang dan stabil. AC dingin, tidak berisik. Pemilik kos sigap menangani keluhan. Sangat direkomendasikan!",assets/kos_photos/kos_0354.jpg,-6.192736,106.910675
KOS-0355,Kos Kramat Jati 355,Jakarta Timur,Kramat Jati,2800000,Putra,18,1,1,1,0,1,0,0,1,3.7,Universitas Trisakti,4.5,4.5,5,187,"Kos putra strategis di Kramat Jati, Jakarta Timur. Kamar 18m² dilengkapi AC, kamar mandi dalam, WiFi, parkir, dan security 24 jam. Lokasi hanya 3.7 km dari kampus dan 4.5 km dari moda transportasi umum. Suasana bersih, aman, dan nyaman. Cocok untuk mahasiswa maupun pekerja muda yang menginginkan hunian berkualitas dengan harga terjangkau.","Lokasi sangat strategis, ke mana-mana mudah dijangkau. WiFi kencang dan stabil. AC dingin, tidak berisik. Harga sangat worth it untuk fasilitasnya. Teman sesama penghuni juga asik.",assets/kos_photos/kos_0355.jpg,-6.247522,106.913499
KOS-0356,Kos Cipayung 356,Jakarta Timur,Cipayung,1950000,Putra,12,0,0,1,0,1,0,1,1,8.7,Universitas Trisakti,2.3,3.7,7,185,"Kos bersih dan terawat di Cipayung, Jakarta Timur. Kamar putra berukuran 12m² tersedia dengan fasilitas WiFi, parkir, laundry, dan security 24 jam. Pengelolaan profesional, kontrak fleksibel per bulan. Jarak 8.7 km dari kampus, 2.3 km dari halte atau stasiun. Survei gratis, hubungi pemilik sekarang!","Lumayan sesuai harga yang dibayar. WiFi kencang dan stabil. Keamanan 24 jam membuat tenang. Respons pemilik kadang agak lambat, tapi fasilitas tetap terjaga.",assets/kos_photos/kos_0356.jpg,-6.211011,106.914555
KOS-0357,Kos Makasar 357,Jakarta Timur,Makasar,2200000,Putri,15,1,1,1,0,1,0,1,1,4.1,Politeknik Negeri Jakarta,2.3,4.3,16,21,"Kos eksklusif putri area Makasar! Fasilitas lengkap: AC, kamar mandi dalam, WiFi, parkir, laundry, dan security 24 jam. Kamar 15m² dengan pencahayaan dan ventilasi optimal. Akses mudah ke pusat bisnis Jakarta Timur. Penjaga aktif 24 jam, CCTV terpasang di area umum. Hanya 4.1 km ke kampus terdekat. Daftar sekarang!","Kos paling nyaman selama kuliah di Jakarta. WiFi kencang dan stabil. AC dingin, tidak berisik. Lingkungan bersih dan aman, tidak pernah ada masalah keamanan. Sangat recommended untuk mahasiswa baru!",assets/kos_photos/kos_0357.jpg,-6.253069,106.870797
KOS-0358,Kos Matraman 358,Jakarta Timur,Matraman,1850000,Putra,15,1,1,1,0,1,1,0,1,5.3,UNJ,2.8,3.8,21,199,"Kos bersih dan terawat di Matraman, Jakarta Timur. Kamar putra berukuran 15m² tersedia dengan fasilitas AC, kamar mandi dalam, WiFi, parkir, dapur bersama, dan security 24 jam. Pengelolaan profesional, kontrak fleksibel per bulan. Jarak 5.3 km dari kampus, 2.8 km dari halte atau stasiun. Survei gratis, hubungi pemilik sekarang!","Lumayan sesuai harga yang dibayar. WiFi kencang dan stabil. AC dingin, tidak berisik. Respons pemilik kadang agak lambat, tapi fasilitas tetap terjaga.",assets/kos_photos/kos_0358.jpg,-6.222837,106.908575
KOS-0359,Kos Cakung 359,Jakarta Timur,Cakung,1900000,Putra,12,0,0,1,1,1,0,1,0,3.2,Politeknik Negeri Jakarta,1.4,4.7,8,26,"Tersedia kamar kos putra di kawasan Cakung, Jakarta Timur. Luas kamar 12m², fasilitas: WiFi, listrik termasuk, parkir, dan laundry. Dekat kampus (3.2 km) dan transportasi umum (1.4 km). Lingkungan tenang, pemilik kos ramah dan responsif. Harga sudah mencakup biaya perawatan fasilitas bersama. Ideal untuk pelajar yang baru merantau.","Sudah 24 bulan di sini, sangat puas! Kamar bersih dan wangi. WiFi kencang dan stabil. Pemilik kos sigap menangani keluhan. Sangat direkomendasikan!",assets/kos_photos/kos_0359.jpg,-6.224335,106.914663
KOS-0360,Kos Cipayung 360,Jakarta Timur,Cipayung,1800000,Putri,12,1,1,0,1,0,0,1,1,9.5,Politeknik Negeri Jakarta,3.4,3.9,17,97,"Kos putri strategis di Cipayung, Jakarta Timur. Kamar 12m² dilengkapi AC, kamar mandi dalam, listrik termasuk, laundry, dan security 24 jam. Lokasi hanya 9.5 km dari kampus dan 3.4 km dari moda transportasi umum. Suasana bersih, aman, dan nyaman. Cocok untuk mahasiswa maupun pekerja muda yang menginginkan hunian berkualitas dengan harga terjangkau.","Oke secara keseluruhan. AC dingin, tidak berisik. Kamar mandi pribadi sangat nyaman. Ada plus minusnya, tapi tidak mengecewakan. Lumayan untuk jangka panjang.",assets/kos_photos/kos_0360.jpg,-6.193075,106.875368
KOS-0361,Kos Jatinegara 361,Jakarta Timur,Jatinegara,2450000,Campur,9,1,0,0,1,1,1,0,1,0.9,UNJ,3.8,4.8,9,160,"Kos bersih dan terawat di Jatinegara, Jakarta Timur. Kamar campur berukuran 9m² tersedia dengan fasilitas AC, listrik termasuk, parkir, dapur bersama, dan security 24 jam. Pengelolaan profesional, kontrak fleksibel per bulan. Jarak 0.9 km dari kampus, 3.8 km dari halte atau stasiun. Survei gratis, hubungi pemilik sekarang!","Baru 6 minggu tapi sudah betah banget. AC dingin, tidak berisik. Keamanan 24 jam membuat tenang. Air bersih dan lancar, listrik stabil, tidak pernah mati. Harga sepadan.",assets/kos_photos/kos_0361.jpg,-6.238274,106.926522
KOS-0362,Kos Pulo Gadung 362,Jakarta Timur,Pulo Gadung,2500000,Putri,15,1,1,1,1,1,0,1,1,6.5,Politeknik Negeri Jakarta,0.9,4.8,12,110,"Kos bersih dan terawat di Pulo Gadung, Jakarta Timur. Kamar putri berukuran 15m² tersedia dengan fasilitas AC, kamar mandi dalam, WiFi, listrik termasuk, parkir, laundry, dan security 24 jam. Pengelolaan profesional, kontrak fleksibel per bulan. Jarak 6.5 km dari kampus, 0.9 km dari halte atau stasiun. Survei gratis, hubungi pemilik sekarang!","Baru 6 minggu tapi sudah betah banget. WiFi kencang dan stabil. AC dingin, tidak berisik. Air bersih dan lancar, listrik stabil, tidak pernah mati. Harga sepadan.",assets/kos_photos/kos_0362.jpg,-6.270192,106.896111
KOS-0363,Kos Matraman 363,Jakarta Timur,Matraman,2050000,Putra,15,1,1,1,1,1,0,0,1,2.5,UNJ,1.2,4.0,20,107,"Tersedia kamar kos putra di kawasan Matraman, Jakarta Timur. Luas kamar 15m², fasilitas: AC, kamar mandi dalam, WiFi, listrik termasuk, parkir, dan security 24 jam. Dekat kampus (2.5 km) dan transportasi umum (1.2 km). Lingkungan tenang, pemilik kos ramah dan responsif. Harga sudah mencakup biaya perawatan fasilitas bersama. Ideal untuk pelajar yang baru merantau.","Kos paling nyaman selama kuliah di Jakarta. WiFi kencang dan stabil. AC dingin, tidak berisik. Lingkungan bersih dan aman, tidak pernah ada masalah keamanan. Sangat recommended untuk mahasiswa baru!",assets/kos_photos/kos_0363.jpg,-6.200818,106.93832
KOS-0364,Kos Jatinegara 364,Jakarta Timur,Jatinegara,2000000,Putri,15,1,0,1,0,1,0,0,1,5.2,Universitas Trisakti,1.1,4.2,25,152,"Hunian nyaman di jantung Jakarta Timur. Kos putri dengan AC, WiFi, parkir, dan security 24 jam. Ukuran kamar 15m², cukup untuk bekerja dan beristirahat. Bebas banjir, akses 24 jam. Jarak ke transportasi umum hanya 1.1 km. Cocok untuk profesional muda yang aktif.","Sudah 6 tahun tinggal di sini dan tidak mau pindah. WiFi kencang dan stabil. AC dingin, tidak berisik. Lingkungan aman dan nyaman, penghuni dipilih secara selektif.",assets/kos_photos/kos_0364.jpg,-6.243135,106.884688
KOS-0365,Kos Kramat Jati 365,Jakarta Timur,Kramat Jati,2100000,Putra,24,1,1,1,1,1,0,0,0,6.4,Universitas Trisakti,2.3,3.6,21,66,"Tersedia kamar kos putra di kawasan Kramat Jati, Jakarta Timur. Luas kamar 24m², fasilitas: AC, kamar mandi dalam, WiFi, listrik termasuk, dan parkir. Dekat kampus (6.4 km) dan transportasi umum (2.3 km). Lingkungan tenang, pemilik kos ramah dan responsif. Harga sudah mencakup biaya perawatan fasilitas bersama. Ideal untuk pelajar yang baru merantau.","Cukup nyaman untuk kebutuhan sehari-hari. WiFi kencang dan stabil. AC dingin, tidak berisik. Harga standar untuk area sini. Cocok untuk yang budget terbatas.",assets/kos_photos/kos_0365.jpg,-6.225963,106.943891
KOS-0366,Kos Pasar Rebo 366,Jakarta Timur,Pasar Rebo,1800000,Campur,9,1,0,1,0,0,0,0,1,8.2,Politeknik Negeri Jakarta,0.5,4.9,8,164,"Hunian nyaman di jantung Jakarta Timur. Kos campur dengan AC, WiFi, dan security 24 jam. Ukuran kamar 9m², cukup untuk bekerja dan beristirahat. Bebas banjir, akses 24 jam. Jarak ke transportasi umum hanya 0.5 km. Cocok untuk profesional muda yang aktif.","Baru 8 minggu tapi sudah betah banget. WiFi kencang dan stabil. AC dingin, tidak berisik. Air bersih dan lancar, listrik stabil, tidak pernah mati. Harga sepadan.",assets/kos_photos/kos_0366.jpg,-6.222565,106.920294
KOS-0367,Kos Cakung 367,Jakarta Timur,Cakung,2750000,Putri,15,1,1,1,1,1,1,0,1,3.9,Politeknik Negeri Jakarta,2.1,3.9,24,43,"Kos eksklusif putri area Cakung! Fasilitas lengkap: AC, kamar mandi dalam, WiFi, listrik termasuk, parkir, dapur bersama, dan security 24 jam. Kamar 15m² dengan pencahayaan dan ventilasi optimal. Akses mudah ke pusat bisnis Jakarta Timur. Penjaga aktif 24 jam, CCTV terpasang di area umum. Hanya 3.9 km ke kampus terdekat. Daftar sekarang!","Lumayan sesuai harga yang dibayar. WiFi kencang dan stabil. AC dingin, tidak berisik. Respons pemilik kadang agak lambat, tapi fasilitas tetap terjaga.",assets/kos_photos/kos_0367.jpg,-6.226239,106.897513
KOS-0368,Kos Menteng 368,Jakarta Pusat,Menteng,2600000,Putra,15,1,0,1,0,1,0,0,0,2.4,Universitas Indonesia Salemba,0.6,3.6,8,145,"Kos bersih dan terawat di Menteng, Jakarta Pusat. Kamar putra berukuran 15m² tersedia dengan fasilitas AC, WiFi, dan parkir. Pengelolaan profesional, kontrak fleksibel per bulan. Jarak 2.4 km dari kampus, 0.6 km dari halte atau stasiun. Survei gratis, hubungi pemilik sekarang!","Lumayan sesuai harga yang dibayar. WiFi kencang dan stabil. AC dingin, tidak berisik. Respons pemilik kadang agak lambat, tapi fasilitas tetap terjaga.",assets/kos_photos/kos_0368.jpg,-6.169944,106.849639
KOS-0369,Kos Kemayoran 369,Jakarta Pusat,Kemayoran,3200000,Putri,9,1,1,1,1,0,0,1,1,5.6,Universitas Indonesia Salemba,3.7,4.9,11,41,"Kos putri strategis di Kemayoran, Jakarta Pusat. Kamar 9m² dilengkapi AC, kamar mandi dalam, WiFi, listrik termasuk, laundry, dan security 24 jam. Lokasi hanya 5.6 km dari kampus dan 3.7 km dari moda transportasi umum. Suasana bersih, aman, dan nyaman. Cocok untuk mahasiswa maupun pekerja muda yang menginginkan hunian berkualitas dengan harga terjangkau.","Sudah 24 tahun tinggal di sini dan tidak mau pindah. WiFi kencang dan stabil. AC dingin, tidak berisik. Lingkungan aman dan nyaman, penghuni dipilih secara selektif.",assets/kos_photos/kos_0369.jpg,-6.149966,106.825426
KOS-0370,Kos Menteng 370,Jakarta Pusat,Menteng,2300000,Putra,20,1,1,0,0,1,0,0,0,8.7,Universitas Indonesia Salemba,2.6,4.4,10,61,"Kos eksklusif putra area Menteng! Fasilitas lengkap: AC, kamar mandi dalam, dan parkir. Kamar 20m² dengan pencahayaan dan ventilasi optimal. Akses mudah ke pusat bisnis Jakarta Pusat. Penjaga aktif 24 jam, CCTV terpasang di area umum. Hanya 8.7 km ke kampus terdekat. Daftar sekarang!","Sudah 12 tahun tinggal di sini dan tidak mau pindah. AC dingin, tidak berisik. Kamar mandi pribadi sangat nyaman. Lingkungan aman dan nyaman, penghuni dipilih secara selektif.",assets/kos_photos/kos_0370.jpg,-6.185616,106.819806
KOS-0371,Kos Cempaka Putih 371,Jakarta Pusat,Cempaka Putih,2600000,Putra,12,1,1,1,1,1,0,1,1,3.3,Universitas Indonesia Salemba,1.4,4.3,18,168,"Tersedia kamar kos putra di kawasan Cempaka Putih, Jakarta Pusat. Luas kamar 12m², fasilitas: AC, kamar mandi dalam, WiFi, listrik termasuk, parkir, laundry, dan security 24 jam. Dekat kampus (3.3 km) dan transportasi umum (1.4 km). Lingkungan tenang, pemilik kos ramah dan responsif. Harga sudah mencakup biaya perawatan fasilitas bersama. Ideal untuk pelajar yang baru merantau.","Baru 3 minggu tapi sudah betah banget. WiFi kencang dan stabil. AC dingin, tidak berisik. Air bersih dan lancar, listrik stabil, tidak pernah mati. Harga sepadan.",assets/kos_photos/kos_0371.jpg,-6.177108,106.829349
KOS-0372,Kos Cempaka Putih 372,Jakarta Pusat,Cempaka Putih,2750000,Putri,12,1,1,1,0,1,0,1,0,7.6,Trisakti,2.8,4.5,18,20,"Kos bersih dan terawat di Cempaka Putih, Jakarta Pusat. Kamar putri berukuran 12m² tersedia dengan fasilitas AC, kamar mandi dalam, WiFi, parkir, dan laundry. Pengelolaan profesional, kontrak fleksibel per bulan. Jarak 7.6 km dari kampus, 2.8 km dari halte atau stasiun. Survei gratis, hubungi pemilik sekarang!","Kos paling nyaman selama kuliah di Jakarta. WiFi kencang dan stabil. AC dingin, tidak berisik. Lingkungan bersih dan aman, tidak pernah ada masalah keamanan. Sangat recommended untuk mahasiswa baru!",assets/kos_photos/kos_0372.jpg,-6.236553,106.854696
KOS-0373,Kos Sawah Besar 373,Jakarta Pusat,Sawah Besar,3250000,Putri,12,0,0,1,1,1,1,0,1,1.0,Tarumanagara,1.1,4.0,19,67,"Kos bersih dan terawat di Sawah Besar, Jakarta Pusat. Kamar putri berukuran 12m² tersedia dengan fasilitas WiFi, listrik termasuk, parkir, dapur bersama, dan security 24 jam. Pengelolaan profesional, kontrak fleksibel per bulan. Jarak 1.0 km dari kampus, 1.1 km dari halte atau stasiun. Survei gratis, hubungi pemilik sekarang!","Sudah 24 tahun tinggal di sini dan tidak mau pindah. WiFi kencang dan stabil. Keamanan 24 jam membuat tenang. Lingkungan aman dan nyaman, penghuni dipilih secara selektif.",assets/kos_photos/kos_0373.jpg,-6.179939,106.80164
KOS-0374,Kos Menteng 374,Jakarta Pusat,Menteng,2500000,Putri,18,1,0,0,0,1,0,0,1,5.5,Tarumanagara,0.8,4.9,15,27,"Tersedia kamar kos putri di kawasan Menteng, Jakarta Pusat. Luas kamar 18m², fasilitas: AC, parkir, dan security 24 jam. Dekat kampus (5.5 km) dan transportasi umum (0.8 km). Lingkungan tenang, pemilik kos ramah dan responsif. Harga sudah mencakup biaya perawatan fasilitas bersama. Ideal untuk pelajar yang baru merantau.","Baru 3 minggu tapi sudah betah banget. AC dingin, tidak berisik. Keamanan 24 jam membuat tenang. Air bersih dan lancar, listrik stabil, tidak pernah mati. Harga sepadan.",assets/kos_photos/kos_0374.jpg,-6.165595,106.839043
KOS-0375,Kos Gambir 375,Jakarta Pusat,Gambir,2800000,Putri,9,1,0,0,0,1,0,0,1,4.4,Trisakti,2.5,3.8,16,15,"Tersedia kamar kos putri di kawasan Gambir, Jakarta Pusat. Luas kamar 9m², fasilitas: AC, parkir, dan security 24 jam. Dekat kampus (4.4 km) dan transportasi umum (2.5 km). Lingkungan tenang, pemilik kos ramah dan responsif. Harga sudah mencakup biaya perawatan fasilitas bersama. Ideal untuk pelajar yang baru merantau.","Oke secara keseluruhan. AC dingin, tidak berisik. Keamanan 24 jam membuat tenang. Ada plus minusnya, tapi tidak mengecewakan. Lumayan untuk jangka panjang.",assets/kos_photos/kos_0375.jpg,-6.196064,106.78157
KOS-0376,Kos Senen 376,Jakarta Pusat,Senen,3350000,Campur,12,1,1,1,0,1,0,0,0,1.3,Tarumanagara,2.4,4.2,7,19,"Kos bersih dan terawat di Senen, Jakarta Pusat. Kamar campur berukuran 12m² tersedia dengan fasilitas AC, kamar mandi dalam, WiFi, dan parkir. Pengelolaan profesional, kontrak fleksibel per bulan. Jarak 1.3 km dari kampus, 2.4 km dari halte atau stasiun. Survei gratis, hubungi pemilik sekarang!","Sudah 3 tahun tinggal di sini dan tidak mau pindah. WiFi kencang dan stabil. AC dingin, tidak berisik. Lingkungan aman dan nyaman, penghuni dipilih secara selektif.",assets/kos_photos/kos_0376.jpg,-6.22559,106.818265
KOS-0377,Kos Cempaka Putih 377,Jakarta Pusat,Cempaka Putih,2400000,Putra,12,1,1,1,1,0,1,0,0,2.9,Tarumanagara,1.7,4.4,5,134,"Kos eksklusif putra area Cempaka Putih! Fasilitas lengkap: AC, kamar mandi dalam, WiFi, listrik termasuk, dan dapur bersama. Kamar 12m² dengan pencahayaan dan ventilasi optimal. Akses mudah ke pusat bisnis Jakarta Pusat. Penjaga aktif 24 jam, CCTV terpasang di area umum. Hanya 2.9 km ke kampus terdekat. Daftar sekarang!","Lokasi sangat strategis, ke mana-mana mudah dijangkau. WiFi kencang dan stabil. AC dingin, tidak berisik. Harga sangat worth it untuk fasilitasnya. Teman sesama penghuni juga asik.",assets/kos_photos/kos_0377.jpg,-6.210334,106.836137
KOS-0378,Kos Cempaka Putih 378,Jakarta Pusat,Cempaka Putih,3650000,Campur,9,1,1,1,0,1,0,0,0,1.1,Trisakti,0.8,3.9,6,69,"Kos campur strategis di Cempaka Putih, Jakarta Pusat. Kamar 9m² dilengkapi AC, kamar mandi dalam, WiFi, dan parkir. Lokasi hanya 1.1 km dari kampus dan 0.8 km dari moda transportasi umum. Suasana bersih, aman, dan nyaman. Cocok untuk mahasiswa maupun pekerja muda yang menginginkan hunian berkualitas dengan harga terjangkau.","Cukup nyaman untuk kebutuhan sehari-hari. WiFi kencang dan stabil. AC dingin, tidak berisik. Harga standar untuk area sini. Cocok untuk yang budget terbatas.",assets/kos_photos/kos_0378.jpg,-6.170843,106.853646
KOS-0379,Kos Menteng 379,Jakarta Pusat,Menteng,2750000,Putri,18,1,0,1,1,1,0,0,0,4.4,Universitas Indonesia Salemba,1.6,4.6,5,126,"Kos bersih dan terawat di Menteng, Jakarta Pusat. Kamar putri berukuran 18m² tersedia dengan fasilitas AC, WiFi, listrik termasuk, dan parkir. Pengelolaan profesional, kontrak fleksibel per bulan. Jarak 4.4 km dari kampus, 1.6 km dari halte atau stasiun. Survei gratis, hubungi pemilik sekarang!","Kos paling nyaman selama kuliah di Jakarta. WiFi kencang dan stabil. AC dingin, tidak berisik. Lingkungan bersih dan aman, tidak pernah ada masalah keamanan. Sangat recommended untuk mahasiswa baru!",assets/kos_photos/kos_0379.jpg,-6.248218,106.80989
KOS-0380,Kos Tanah Abang 380,Jakarta Pusat,Tanah Abang,2700000,Putri,15,0,1,1,0,1,0,1,1,9.1,Tarumanagara,0.7,4.7,15,138,"Tersedia kamar kos putri di kawasan Tanah Abang, Jakarta Pusat. Luas kamar 15m², fasilitas: kamar mandi dalam, WiFi, parkir, laundry, dan security 24 jam. Dekat kampus (9.1 km) dan transportasi umum (0.7 km). Lingkungan tenang, pemilik kos ramah dan responsif. Harga sudah mencakup biaya perawatan fasilitas bersama. Ideal untuk pelajar yang baru merantau.","Sudah 18 tahun tinggal di sini dan tidak mau pindah. WiFi kencang dan stabil. Kamar mandi pribadi sangat nyaman. Lingkungan aman dan nyaman, penghuni dipilih secara selektif.",assets/kos_photos/kos_0380.jpg,-6.194888,106.8053
KOS-0381,Kos Gambir 381,Jakarta Pusat,Gambir,3400000,Putri,15,1,0,1,1,1,1,1,0,0.7,Universitas Indonesia Salemba,2.8,3.5,15,156,"Hunian nyaman di jantung Jakarta Pusat. Kos putri dengan AC, WiFi, listrik termasuk, parkir, dapur bersama, dan laundry. Ukuran kamar 15m², cukup untuk bekerja dan beristirahat. Bebas banjir, akses 24 jam. Jarak ke transportasi umum hanya 2.8 km. Cocok untuk profesional muda yang aktif.","Cukup nyaman untuk kebutuhan sehari-hari. WiFi kencang dan stabil. AC dingin, tidak berisik. Harga standar untuk area sini. Cocok untuk yang budget terbatas.",assets/kos_photos/kos_0381.jpg,-6.203078,106.844899
KOS-0382,Kos Sawah Besar 382,Jakarta Pusat,Sawah Besar,2850000,Putri,18,0,1,1,0,0,1,0,0,5.0,Universitas Indonesia Salemba,5.0,5.0,29,109,"Kos bersih dan terawat di Sawah Besar, Jakarta Pusat. Kamar putri berukuran 18m² tersedia dengan fasilitas kamar mandi dalam, WiFi, dan dapur bersama. Pengelolaan profesional, kontrak fleksibel per bulan. Jarak 5.0 km dari kampus, 5.0 km dari halte atau stasiun. Survei gratis, hubungi pemilik sekarang!","Kos paling nyaman selama kuliah di Jakarta. WiFi kencang dan stabil. Kamar mandi pribadi sangat nyaman. Lingkungan bersih dan aman, tidak pernah ada masalah keamanan. Sangat recommended untuk mahasiswa baru!",assets/kos_photos/kos_0382.jpg,-6.191274,106.844201
KOS-0383,Kos Tanah Abang 383,Jakarta Pusat,Tanah Abang,2600000,Putra,9,1,0,0,0,1,1,0,1,2.0,Universitas Indonesia Salemba,1.0,4.9,18,83,"Hunian nyaman di jantung Jakarta Pusat. Kos putra dengan AC, parkir, dapur bersama, dan security 24 jam. Ukuran kamar 9m², cukup untuk bekerja dan beristirahat. Bebas banjir, akses 24 jam. Jarak ke transportasi umum hanya 1.0 km. Cocok untuk profesional muda yang aktif.","Baru 2 minggu tapi sudah betah banget. AC dingin, tidak berisik. Keamanan 24 jam membuat tenang. Air bersih dan lancar, listrik stabil, tidak pernah mati. Harga sepadan.",assets/kos_photos/kos_0383.jpg,-6.15644,106.815787
KOS-0384,Kos Sawah Besar 384,Jakarta Pusat,Sawah Besar,3200000,Putri,24,1,0,1,1,0,0,0,1,1.0,Trisakti,1.9,4.0,24,91,"Tersedia kamar kos putri di kawasan Sawah Besar, Jakarta Pusat. Luas kamar 24m², fasilitas: AC, WiFi, listrik termasuk, dan security 24 jam. Dekat kampus (1.0 km) dan transportasi umum (1.9 km). Lingkungan tenang, pemilik kos ramah dan responsif. Harga sudah mencakup biaya perawatan fasilitas bersama. Ideal untuk pelajar yang baru merantau.","Kos paling nyaman selama kuliah di Jakarta. WiFi kencang dan stabil. AC dingin, tidak berisik. Lingkungan bersih dan aman, tidak pernah ada masalah keamanan. Sangat recommended untuk mahasiswa baru!",assets/kos_photos/kos_0384.jpg,-6.225272,106.840519
KOS-0385,Kos Menteng 385,Jakarta Pusat,Menteng,2350000,Putra,9,1,1,1,0,1,0,0,1,10.0,Tarumanagara,1.1,4.4,14,65,"Kos eksklusif putra area Menteng! Fasilitas lengkap: AC, kamar mandi dalam, WiFi, parkir, dan security 24 jam. Kamar 9m² dengan pencahayaan dan ventilasi optimal. Akses mudah ke pusat bisnis Jakarta Pusat. Penjaga aktif 24 jam, CCTV terpasang di area umum. Hanya 10.0 km ke kampus terdekat. Daftar sekarang!","Sudah 12 bulan di sini, sangat puas! Kamar bersih dan wangi. WiFi kencang dan stabil. AC dingin, tidak berisik. Pemilik kos sigap menangani keluhan. Sangat direkomendasikan!",assets/kos_photos/kos_0385.jpg,-6.178877,106.795078
KOS-0386,Kos Gambir 386,Jakarta Pusat,Gambir,3500000,Putri,18,1,1,1,1,1,0,0,0,5.3,Tarumanagara,0.5,4.4,26,38,"Kos putri strategis di Gambir, Jakarta Pusat. Kamar 18m² dilengkapi AC, kamar mandi dalam, WiFi, listrik termasuk, dan parkir. Lokasi hanya 5.3 km dari kampus dan 0.5 km dari moda transportasi umum. Suasana bersih, aman, dan nyaman. Cocok untuk mahasiswa maupun pekerja muda yang menginginkan hunian berkualitas dengan harga terjangkau.","Kos paling nyaman selama kuliah di Jakarta. WiFi kencang dan stabil. AC dingin, tidak berisik. Lingkungan bersih dan aman, tidak pernah ada masalah keamanan. Sangat recommended untuk mahasiswa baru!",assets/kos_photos/kos_0386.jpg,-6.23315,106.807931
KOS-0387,Kos Gambir 387,Jakarta Pusat,Gambir,2700000,Campur,12,1,1,1,0,1,0,1,0,3.6,Universitas Indonesia Salemba,4.7,3.7,15,47,"Kos eksklusif campur area Gambir! Fasilitas lengkap: AC, kamar mandi dalam, WiFi, parkir, dan laundry. Kamar 12m² dengan pencahayaan dan ventilasi optimal. Akses mudah ke pusat bisnis Jakarta Pusat. Penjaga aktif 24 jam, CCTV terpasang di area umum. Hanya 3.6 km ke kampus terdekat. Daftar sekarang!","Lumayan sesuai harga yang dibayar. WiFi kencang dan stabil. AC dingin, tidak berisik. Respons pemilik kadang agak lambat, tapi fasilitas tetap terjaga.",assets/kos_photos/kos_0387.jpg,-6.179448,106.845099
KOS-0388,Kos Senen 388,Jakarta Pusat,Senen,2900000,Putri,12,1,1,1,1,1,0,1,0,8.6,Tarumanagara,2.3,4.4,10,79,"Kos putri strategis di Senen, Jakarta Pusat. Kamar 12m² dilengkapi AC, kamar mandi dalam, WiFi, listrik termasuk, parkir, dan laundry. Lokasi hanya 8.6 km dari kampus dan 2.3 km dari moda transportasi umum. Suasana bersih, aman, dan nyaman. Cocok untuk mahasiswa maupun pekerja muda yang menginginkan hunian berkualitas dengan harga terjangkau.","Sudah 12 tahun tinggal di sini dan tidak mau pindah. WiFi kencang dan stabil. AC dingin, tidak berisik. Lingkungan aman dan nyaman, penghuni dipilih secara selektif.",assets/kos_photos/kos_0388.jpg,-6.169753,106.902569
KOS-0389,Kos Sawah Besar 389,Jakarta Pusat,Sawah Besar,3350000,Putra,12,0,1,1,0,1,1,0,1,2.2,Trisakti,3.0,3.6,25,63,"Tersedia kamar kos putra di kawasan Sawah Besar, Jakarta Pusat. Luas kamar 12m², fasilitas: kamar mandi dalam, WiFi, parkir, dapur bersama, dan security 24 jam. Dekat kampus (2.2 km) dan transportasi umum (3.0 km). Lingkungan tenang, pemilik kos ramah dan responsif. Harga sudah mencakup biaya perawatan fasilitas bersama. Ideal untuk pelajar yang baru merantau.",Cukup nyaman untuk kebutuhan sehari-hari. WiFi kencang dan stabil. Kamar mandi pribadi sangat nyaman. Harga standar untuk area sini. Cocok untuk yang budget terbatas.,assets/kos_photos/kos_0389.jpg,-6.206147,106.845495
KOS-0390,Kos Menteng 390,Jakarta Pusat,Menteng,3200000,Campur,9,1,0,1,1,0,0,0,1,9.4,Tarumanagara,0.7,4.5,13,33,"Kos eksklusif campur area Menteng! Fasilitas lengkap: AC, WiFi, listrik termasuk, dan security 24 jam. Kamar 9m² dengan pencahayaan dan ventilasi optimal. Akses mudah ke pusat bisnis Jakarta Pusat. Penjaga aktif 24 jam, CCTV terpasang di area umum. Hanya 9.4 km ke kampus terdekat. Daftar sekarang!","Baru 2 minggu tapi sudah betah banget. WiFi kencang dan stabil. AC dingin, tidak berisik. Air bersih dan lancar, listrik stabil, tidak pernah mati. Harga sepadan.",assets/kos_photos/kos_0390.jpg,-6.21201,106.892546
KOS-0391,Kos Tanah Abang 391,Jakarta Pusat,Tanah Abang,3350000,Putri,18,1,1,1,0,0,1,0,1,6.5,Tarumanagara,3.9,3.9,18,13,"Kos eksklusif putri area Tanah Abang! Fasilitas lengkap: AC, kamar mandi dalam, WiFi, dapur bersama, dan security 24 jam. Kamar 18m² dengan pencahayaan dan ventilasi optimal. Akses mudah ke pusat bisnis Jakarta Pusat. Penjaga aktif 24 jam, CCTV terpasang di area umum. Hanya 6.5 km ke kampus terdekat. Daftar sekarang!","Lumayan sesuai harga yang dibayar. WiFi kencang dan stabil. AC dingin, tidak berisik. Respons pemilik kadang agak lambat, tapi fasilitas tetap terjaga.",assets/kos_photos/kos_0391.jpg,-6.204507,106.857698
KOS-0392,Kos Johar Baru 392,Jakarta Pusat,Johar Baru,2450000,Putri,9,1,0,0,1,1,0,1,1,8.2,Universitas Indonesia Salemba,4.4,4.8,15,129,"Kos putri strategis di Johar Baru, Jakarta Pusat. Kamar 9m² dilengkapi AC, listrik termasuk, parkir, laundry, dan security 24 jam. Lokasi hanya 8.2 km dari kampus dan 4.4 km dari moda transportasi umum. Suasana bersih, aman, dan nyaman. Cocok untuk mahasiswa maupun pekerja muda yang menginginkan hunian berkualitas dengan harga terjangkau.","Sudah 2 tahun tinggal di sini dan tidak mau pindah. AC dingin, tidak berisik. Keamanan 24 jam membuat tenang. Lingkungan aman dan nyaman, penghuni dipilih secara selektif.",assets/kos_photos/kos_0392.jpg,-6.172143,106.802503
KOS-0393,Kos Menteng 393,Jakarta Pusat,Menteng,2900000,Putri,9,1,0,1,1,1,0,0,0,5.9,Universitas Indonesia Salemba,2.0,4.4,18,116,"Kos bersih dan terawat di Menteng, Jakarta Pusat. Kamar putri berukuran 9m² tersedia dengan fasilitas AC, WiFi, listrik termasuk, dan parkir. Pengelolaan profesional, kontrak fleksibel per bulan. Jarak 5.9 km dari kampus, 2.0 km dari halte atau stasiun. Survei gratis, hubungi pemilik sekarang!","Sudah 18 bulan di sini, sangat puas! Kamar bersih dan wangi. WiFi kencang dan stabil. AC dingin, tidak berisik. Pemilik kos sigap menangani keluhan. Sangat direkomendasikan!",assets/kos_photos/kos_0393.jpg,-6.168153,106.882624
KOS-0394,Kos Senen 394,Jakarta Pusat,Senen,2550000,Campur,9,0,0,1,0,1,1,1,0,4.9,Universitas Indonesia Salemba,4.5,3.9,15,55,"Kos eksklusif campur area Senen! Fasilitas lengkap: WiFi, parkir, dapur bersama, dan laundry. Kamar 9m² dengan pencahayaan dan ventilasi optimal. Akses mudah ke pusat bisnis Jakarta Pusat. Penjaga aktif 24 jam, CCTV terpasang di area umum. Hanya 4.9 km ke kampus terdekat. Daftar sekarang!","Lumayan sesuai harga yang dibayar. WiFi kencang dan stabil. Respons pemilik kadang agak lambat, tapi fasilitas tetap terjaga.",assets/kos_photos/kos_0394.jpg,-6.198878,106.824542
KOS-0395,Kos Johar Baru 395,Jakarta Pusat,Johar Baru,2950000,Putri,9,1,1,1,0,0,1,0,1,6.2,Trisakti,0.5,4.2,29,92,"Kos putri strategis di Johar Baru, Jakarta Pusat. Kamar 9m² dilengkapi AC, kamar mandi dalam, WiFi, dapur bersama, dan security 24 jam. Lokasi hanya 6.2 km dari kampus dan 0.5 km dari moda transportasi umum. Suasana bersih, aman, dan nyaman. Cocok untuk mahasiswa maupun pekerja muda yang menginginkan hunian berkualitas dengan harga terjangkau.","Sudah 6 tahun tinggal di sini dan tidak mau pindah. WiFi kencang dan stabil. AC dingin, tidak berisik. Lingkungan aman dan nyaman, penghuni dipilih secara selektif.",assets/kos_photos/kos_0395.jpg,-6.195645,106.857708
KOS-0396,Kos Menteng 396,Jakarta Pusat,Menteng,2600000,Campur,12,1,1,1,0,1,0,1,0,8.6,Trisakti,4.1,3.7,8,109,"Tersedia kamar kos campur di kawasan Menteng, Jakarta Pusat. Luas kamar 12m², fasilitas: AC, kamar mandi dalam, WiFi, parkir, dan laundry. Dekat kampus (8.6 km) dan transportasi umum (4.1 km). Lingkungan tenang, pemilik kos ramah dan responsif. Harga sudah mencakup biaya perawatan fasilitas bersama. Ideal untuk pelajar yang baru merantau.","Cukup nyaman untuk kebutuhan sehari-hari. WiFi kencang dan stabil. AC dingin, tidak berisik. Harga standar untuk area sini. Cocok untuk yang budget terbatas.",assets/kos_photos/kos_0396.jpg,-6.195692,106.844224
KOS-0397,Kos Tanah Abang 397,Jakarta Pusat,Tanah Abang,2350000,Putri,12,1,0,1,0,0,1,1,0,0.5,Trisakti,1.4,4.7,11,134,"Kos putri strategis di Tanah Abang, Jakarta Pusat. Kamar 12m² dilengkapi AC, WiFi, dapur bersama, dan laundry. Lokasi hanya 0.5 km dari kampus dan 1.4 km dari moda transportasi umum. Suasana bersih, aman, dan nyaman. Cocok untuk mahasiswa maupun pekerja muda yang menginginkan hunian berkualitas dengan harga terjangkau.","Baru 8 minggu tapi sudah betah banget. WiFi kencang dan stabil. AC dingin, tidak berisik. Air bersih dan lancar, listrik stabil, tidak pernah mati. Harga sepadan.",assets/kos_photos/kos_0397.jpg,-6.152984,106.865941
KOS-0398,Kos Kemayoran 398,Jakarta Pusat,Kemayoran,2400000,Campur,15,1,1,1,0,1,1,0,1,6.2,Tarumanagara,2.6,4.1,8,132,"Kos bersih dan terawat di Kemayoran, Jakarta Pusat. Kamar campur berukuran 15m² tersedia dengan fasilitas AC, kamar mandi dalam, WiFi, parkir, dapur bersama, dan security 24 jam. Pengelolaan profesional, kontrak fleksibel per bulan. Jarak 6.2 km dari kampus, 2.6 km dari halte atau stasiun. Survei gratis, hubungi pemilik sekarang!","Lokasi sangat strategis, ke mana-mana mudah dijangkau. WiFi kencang dan stabil. AC dingin, tidak berisik. Harga sangat worth it untuk fasilitasnya. Teman sesama penghuni juga asik.",assets/kos_photos/kos_0398.jpg,-6.165472,106.844921
KOS-0399,Kos Menteng 399,Jakarta Pusat,Menteng,2550000,Putri,15,0,1,1,0,1,0,0,1,4.3,Universitas Indonesia Salemba,3.3,4.1,24,18,"Tersedia kamar kos putri di kawasan Menteng, Jakarta Pusat. Luas kamar 15m², fasilitas: kamar mandi dalam, WiFi, parkir, dan security 24 jam. Dekat kampus (4.3 km) dan transportasi umum (3.3 km). Lingkungan tenang, pemilik kos ramah dan responsif. Harga sudah mencakup biaya perawatan fasilitas bersama. Ideal untuk pelajar yang baru merantau.","Kos paling nyaman selama kuliah di Jakarta. WiFi kencang dan stabil. Kamar mandi pribadi sangat nyaman. Lingkungan bersih dan aman, tidak pernah ada masalah keamanan. Sangat recommended untuk mahasiswa baru!",assets/kos_photos/kos_0399.jpg,-6.186807,106.843913
KOS-0400,Kos Menteng 400,Jakarta Pusat,Menteng,2250000,Putri,12,0,1,1,0,1,0,0,1,4.3,Tarumanagara,2.4,4.2,28,187,"Kos eksklusif putri area Menteng! Fasilitas lengkap: kamar mandi dalam, WiFi, parkir, dan security 24 jam. Kamar 12m² dengan pencahayaan dan ventilasi optimal. Akses mudah ke pusat bisnis Jakarta Pusat. Penjaga aktif 24 jam, CCTV terpasang di area umum. Hanya 4.3 km ke kampus terdekat. Daftar sekarang!","Kos paling nyaman selama kuliah di Jakarta. WiFi kencang dan stabil. Kamar mandi pribadi sangat nyaman. Lingkungan bersih dan aman, tidak pernah ada masalah keamanan. Sangat recommended untuk mahasiswa baru!",assets/kos_photos/kos_0400.jpg,-6.178919,106.87164
KOS-0401,Kos Kemayoran 401,Jakarta Pusat,Kemayoran,2600000,Putri,9,0,1,0,0,1,0,0,0,6.0,Tarumanagara,3.3,4.0,24,17,"Kos bersih dan terawat di Kemayoran, Jakarta Pusat. Kamar putri berukuran 9m² tersedia dengan fasilitas kamar mandi dalam dan parkir. Pengelolaan profesional, kontrak fleksibel per bulan. Jarak 6.0 km dari kampus, 3.3 km dari halte atau stasiun. Survei gratis, hubungi pemilik sekarang!","Lokasi sangat strategis, ke mana-mana mudah dijangkau. Kamar mandi pribadi sangat nyaman. Harga sangat worth it untuk fasilitasnya. Teman sesama penghuni juga asik.",assets/kos_photos/kos_0401.jpg,-6.257876,106.826864
KOS-0402,Kos Senen 402,Jakarta Pusat,Senen,2700000,Putri,12,0,0,1,1,0,0,1,1,0.9,Universitas Indonesia Salemba,1.7,4.5,11,74,"Tersedia kamar kos putri di kawasan Senen, Jakarta Pusat. Luas kamar 12m², fasilitas: WiFi, listrik termasuk, laundry, dan security 24 jam. Dekat kampus (0.9 km) dan transportasi umum (1.7 km). Lingkungan tenang, pemilik kos ramah dan responsif. Harga sudah mencakup biaya perawatan fasilitas bersama. Ideal untuk pelajar yang baru merantau.","Baru 2 minggu tapi sudah betah banget. WiFi kencang dan stabil. Keamanan 24 jam membuat tenang. Air bersih dan lancar, listrik stabil, tidak pernah mati. Harga sepadan.",assets/kos_photos/kos_0402.jpg,-6.183845,106.866019
KOS-0403,Kos Sawah Besar 403,Jakarta Pusat,Sawah Besar,3350000,Campur,15,1,1,1,0,1,0,0,1,2.5,Tarumanagara,0.7,4.7,16,141,"Kos campur strategis di Sawah Besar, Jakarta Pusat. Kamar 15m² dilengkapi AC, kamar mandi dalam, WiFi, parkir, dan security 24 jam. Lokasi hanya 2.5 km dari kampus dan 0.7 km dari moda transportasi umum. Suasana bersih, aman, dan nyaman. Cocok untuk mahasiswa maupun pekerja muda yang menginginkan hunian berkualitas dengan harga terjangkau.","Sudah 18 tahun tinggal di sini dan tidak mau pindah. WiFi kencang dan stabil. AC dingin, tidak berisik. Lingkungan aman dan nyaman, penghuni dipilih secara selektif.",assets/kos_photos/kos_0403.jpg,-6.17779,106.811904
KOS-0404,Kos Kemayoran 404,Jakarta Pusat,Kemayoran,2750000,Putra,9,1,1,1,0,1,1,0,1,3.6,Tarumanagara,4.7,4.5,11,36,"Hunian nyaman di jantung Jakarta Pusat. Kos putra dengan AC, kamar mandi dalam, WiFi, parkir, dapur bersama, dan security 24 jam. Ukuran kamar 9m², cukup untuk bekerja dan beristirahat. Bebas banjir, akses 24 jam. Jarak ke transportasi umum hanya 4.7 km. Cocok untuk profesional muda yang aktif.","Sudah 3 tahun tinggal di sini dan tidak mau pindah. WiFi kencang dan stabil. AC dingin, tidak berisik. Lingkungan aman dan nyaman, penghuni dipilih secara selektif.",assets/kos_photos/kos_0404.jpg,-6.199764,106.846355
KOS-0405,Kos Johar Baru 405,Jakarta Pusat,Johar Baru,2750000,Putra,20,1,1,1,1,0,1,0,1,7.3,Tarumanagara,3.8,4.4,24,160,"Tersedia kamar kos putra di kawasan Johar Baru, Jakarta Pusat. Luas kamar 20m², fasilitas: AC, kamar mandi dalam, WiFi, listrik termasuk, dapur bersama, dan security 24 jam. Dekat kampus (7.3 km) dan transportasi umum (3.8 km). Lingkungan tenang, pemilik kos ramah dan responsif. Harga sudah mencakup biaya perawatan fasilitas bersama. Ideal untuk pelajar yang baru merantau.","Kos paling nyaman selama kuliah di Jakarta. WiFi kencang dan stabil. AC dingin, tidak berisik. Lingkungan bersih dan aman, tidak pernah ada masalah keamanan. Sangat recommended untuk mahasiswa baru!",assets/kos_photos/kos_0405.jpg,-6.139642,106.849866
KOS-0406,Kos Kemayoran 406,Jakarta Pusat,Kemayoran,3150000,Putra,18,0,1,1,1,1,1,0,1,5.2,Trisakti,2.3,3.7,18,92,"Kos bersih dan terawat di Kemayoran, Jakarta Pusat. Kamar putra berukuran 18m² tersedia dengan fasilitas kamar mandi dalam, WiFi, listrik termasuk, parkir, dapur bersama, dan security 24 jam. Pengelolaan profesional, kontrak fleksibel per bulan. Jarak 5.2 km dari kampus, 2.3 km dari halte atau stasiun. Survei gratis, hubungi pemilik sekarang!","Oke secara keseluruhan. WiFi kencang dan stabil. Kamar mandi pribadi sangat nyaman. Ada plus minusnya, tapi tidak mengecewakan. Lumayan untuk jangka panjang.",assets/kos_photos/kos_0406.jpg,-6.221445,106.864363
KOS-0407,Kos Cempaka Putih 407,Jakarta Pusat,Cempaka Putih,3500000,Putra,12,1,1,1,1,0,0,1,1,2.7,Tarumanagara,2.2,3.8,7,6,"Kos putra strategis di Cempaka Putih, Jakarta Pusat. Kamar 12m² dilengkapi AC, kamar mandi dalam, WiFi, listrik termasuk, laundry, dan security 24 jam. Lokasi hanya 2.7 km dari kampus dan 2.2 km dari moda transportasi umum. Suasana bersih, aman, dan nyaman. Cocok untuk mahasiswa maupun pekerja muda yang menginginkan hunian berkualitas dengan harga terjangkau.","Cukup nyaman untuk kebutuhan sehari-hari. WiFi kencang dan stabil. AC dingin, tidak berisik. Harga standar untuk area sini. Cocok untuk yang budget terbatas.",assets/kos_photos/kos_0407.jpg,-6.191302,106.822509
KOS-0408,Kos Menteng 408,Jakarta Pusat,Menteng,2850000,Putra,9,0,0,1,0,1,1,1,1,4.9,Trisakti,1.5,4.8,10,181,"Kos eksklusif putra area Menteng! Fasilitas lengkap: WiFi, parkir, dapur bersama, laundry, dan security 24 jam. Kamar 9m² dengan pencahayaan dan ventilasi optimal. Akses mudah ke pusat bisnis Jakarta Pusat. Penjaga aktif 24 jam, CCTV terpasang di area umum. Hanya 4.9 km ke kampus terdekat. Daftar sekarang!","Baru 12 minggu tapi sudah betah banget. WiFi kencang dan stabil. Keamanan 24 jam membuat tenang. Air bersih dan lancar, listrik stabil, tidak pernah mati. Harga sepadan.",assets/kos_photos/kos_0408.jpg,-6.179802,106.851094
KOS-0409,Kos Menteng 409,Jakarta Pusat,Menteng,2700000,Putra,18,0,1,1,1,1,1,1,1,7.9,Universitas Indonesia Salemba,0.7,3.5,19,83,"Kos bersih dan terawat di Menteng, Jakarta Pusat. Kamar putra berukuran 18m² tersedia dengan fasilitas kamar mandi dalam, WiFi, listrik termasuk, parkir, dapur bersama, laundry, dan security 24 jam. Pengelolaan profesional, kontrak fleksibel per bulan. Jarak 7.9 km dari kampus, 0.7 km dari halte atau stasiun. Survei gratis, hubungi pemilik sekarang!","Oke secara keseluruhan. WiFi kencang dan stabil. Kamar mandi pribadi sangat nyaman. Ada plus minusnya, tapi tidak mengecewakan. Lumayan untuk jangka panjang.",assets/kos_photos/kos_0409.jpg,-6.17337,106.824329
KOS-0410,Kos Johar Baru 410,Jakarta Pusat,Johar Baru,3250000,Putri,9,1,1,1,0,1,0,0,0,7.8,Tarumanagara,1.6,3.7,26,18,"Kos bersih dan terawat di Johar Baru, Jakarta Pusat. Kamar putri berukuran 9m² tersedia dengan fasilitas AC, kamar mandi dalam, WiFi, dan parkir. Pengelolaan profesional, kontrak fleksibel per bulan. Jarak 7.8 km dari kampus, 1.6 km dari halte atau stasiun. Survei gratis, hubungi pemilik sekarang!","Cukup nyaman untuk kebutuhan sehari-hari. WiFi kencang dan stabil. AC dingin, tidak berisik. Harga standar untuk area sini. Cocok untuk yang budget terbatas.",assets/kos_photos/kos_0410.jpg,-6.154677,106.868998
KOS-0411,Kos Tanah Abang 411,Jakarta Pusat,Tanah Abang,3000000,Putri,12,1,1,1,0,1,1,1,0,2.1,Trisakti,1.7,4.9,15,191,"Hunian nyaman di jantung Jakarta Pusat. Kos putri dengan AC, kamar mandi dalam, WiFi, parkir, dapur bersama, dan laundry. Ukuran kamar 12m², cukup untuk bekerja dan beristirahat. Bebas banjir, akses 24 jam. Jarak ke transportasi umum hanya 1.7 km. Cocok untuk profesional muda yang aktif.","Sudah 18 tahun tinggal di sini dan tidak mau pindah. WiFi kencang dan stabil. AC dingin, tidak berisik. Lingkungan aman dan nyaman, penghuni dipilih secara selektif.",assets/kos_photos/kos_0411.jpg,-6.130468,106.859687
KOS-0412,Kos Johar Baru 412,Jakarta Pusat,Johar Baru,3300000,Putra,15,0,1,1,1,1,0,1,1,1.3,Trisakti,0.4,4.8,8,68,"Tersedia kamar kos putra di kawasan Johar Baru, Jakarta Pusat. Luas kamar 15m², fasilitas: kamar mandi dalam, WiFi, listrik termasuk, parkir, laundry, dan security 24 jam. Dekat kampus (1.3 km) dan transportasi umum (0.4 km). Lingkungan tenang, pemilik kos ramah dan responsif. Harga sudah mencakup biaya perawatan fasilitas bersama. Ideal untuk pelajar yang baru merantau.","Kos paling nyaman selama kuliah di Jakarta. WiFi kencang dan stabil. Kamar mandi pribadi sangat nyaman. Lingkungan bersih dan aman, tidak pernah ada masalah keamanan. Sangat recommended untuk mahasiswa baru!",assets/kos_photos/kos_0412.jpg,-6.191631,106.829565
KOS-0413,Kos Kemayoran 413,Jakarta Pusat,Kemayoran,2900000,Putra,18,0,0,1,0,1,1,0,0,5.5,Universitas Indonesia Salemba,4.2,4.9,28,16,"Kos putra strategis di Kemayoran, Jakarta Pusat. Kamar 18m² dilengkapi WiFi, parkir, dan dapur bersama. Lokasi hanya 5.5 km dari kampus dan 4.2 km dari moda transportasi umum. Suasana bersih, aman, dan nyaman. Cocok untuk mahasiswa maupun pekerja muda yang menginginkan hunian berkualitas dengan harga terjangkau.","Baru 3 minggu tapi sudah betah banget. WiFi kencang dan stabil. Air bersih dan lancar, listrik stabil, tidak pernah mati. Harga sepadan.",assets/kos_photos/kos_0413.jpg,-6.15117,106.839333
KOS-0414,Kos Cempaka Putih 414,Jakarta Pusat,Cempaka Putih,2850000,Campur,18,1,1,0,1,1,1,0,0,6.5,Tarumanagara,1.6,3.6,22,47,"Kos eksklusif campur area Cempaka Putih! Fasilitas lengkap: AC, kamar mandi dalam, listrik termasuk, parkir, dan dapur bersama. Kamar 18m² dengan pencahayaan dan ventilasi optimal. Akses mudah ke pusat bisnis Jakarta Pusat. Penjaga aktif 24 jam, CCTV terpasang di area umum. Hanya 6.5 km ke kampus terdekat. Daftar sekarang!","Lumayan sesuai harga yang dibayar. AC dingin, tidak berisik. Kamar mandi pribadi sangat nyaman. Respons pemilik kadang agak lambat, tapi fasilitas tetap terjaga.",assets/kos_photos/kos_0414.jpg,-6.163171,106.851166
KOS-0415,Kos Menteng 415,Jakarta Pusat,Menteng,3450000,Campur,15,1,1,0,0,1,0,0,1,1.6,Trisakti,1.7,4.4,19,55,"Kos bersih dan terawat di Menteng, Jakarta Pusat. Kamar campur berukuran 15m² tersedia dengan fasilitas AC, kamar mandi dalam, parkir, dan security 24 jam. Pengelolaan profesional, kontrak fleksibel per bulan. Jarak 1.6 km dari kampus, 1.7 km dari halte atau stasiun. Survei gratis, hubungi pemilik sekarang!","Sudah 12 bulan di sini, sangat puas! Kamar bersih dan wangi. AC dingin, tidak berisik. Kamar mandi pribadi sangat nyaman. Pemilik kos sigap menangani keluhan. Sangat direkomendasikan!",assets/kos_photos/kos_0415.jpg,-6.192973,106.811575
KOS-0416,Kos Gambir 416,Jakarta Pusat,Gambir,2650000,Putra,24,1,1,1,0,1,0,0,0,7.9,Trisakti,4.6,3.7,24,58,"Kos eksklusif putra area Gambir! Fasilitas lengkap: AC, kamar mandi dalam, WiFi, dan parkir. Kamar 24m² dengan pencahayaan dan ventilasi optimal. Akses mudah ke pusat bisnis Jakarta Pusat. Penjaga aktif 24 jam, CCTV terpasang di area umum. Hanya 7.9 km ke kampus terdekat. Daftar sekarang!","Lumayan sesuai harga yang dibayar. WiFi kencang dan stabil. AC dingin, tidak berisik. Respons pemilik kadang agak lambat, tapi fasilitas tetap terjaga.",assets/kos_photos/kos_0416.jpg,-6.180276,106.832714
KOS-0417,Kos Kemayoran 417,Jakarta Pusat,Kemayoran,3150000,Putra,12,1,1,1,0,1,1,1,0,5.7,Tarumanagara,1.0,4.9,26,62,"Kos eksklusif putra area Kemayoran! Fasilitas lengkap: AC, kamar mandi dalam, WiFi, parkir, dapur bersama, dan laundry. Kamar 12m² dengan pencahayaan dan ventilasi optimal. Akses mudah ke pusat bisnis Jakarta Pusat. Penjaga aktif 24 jam, CCTV terpasang di area umum. Hanya 5.7 km ke kampus terdekat. Daftar sekarang!","Kos paling nyaman selama kuliah di Jakarta. WiFi kencang dan stabil. AC dingin, tidak berisik. Lingkungan bersih dan aman, tidak pernah ada masalah keamanan. Sangat recommended untuk mahasiswa baru!",assets/kos_photos/kos_0417.jpg,-6.26009,106.803617
KOS-0418,Kos Kemayoran 418,Jakarta Pusat,Kemayoran,2750000,Putra,20,1,1,1,1,1,0,0,1,6.9,Tarumanagara,3.2,3.7,11,162,"Kos eksklusif putra area Kemayoran! Fasilitas lengkap: AC, kamar mandi dalam, WiFi, listrik termasuk, parkir, dan security 24 jam. Kamar 20m² dengan pencahayaan dan ventilasi optimal. Akses mudah ke pusat bisnis Jakarta Pusat. Penjaga aktif 24 jam, CCTV terpasang di area umum. Hanya 6.9 km ke kampus terdekat. Daftar sekarang!","Cukup nyaman untuk kebutuhan sehari-hari. WiFi kencang dan stabil. AC dingin, tidak berisik. Harga standar untuk area sini. Cocok untuk yang budget terbatas.",assets/kos_photos/kos_0418.jpg,-6.177185,106.800033
KOS-0419,Kos Senen 419,Jakarta Pusat,Senen,3500000,Putra,18,0,1,1,1,1,1,0,1,0.7,Tarumanagara,1.9,3.8,18,185,"Kos eksklusif putra area Senen! Fasilitas lengkap: kamar mandi dalam, WiFi, listrik termasuk, parkir, dapur bersama, dan security 24 jam. Kamar 18m² dengan pencahayaan dan ventilasi optimal. Akses mudah ke pusat bisnis Jakarta Pusat. Penjaga aktif 24 jam, CCTV terpasang di area umum. Hanya 0.7 km ke kampus terdekat. Daftar sekarang!","Lumayan sesuai harga yang dibayar. WiFi kencang dan stabil. Kamar mandi pribadi sangat nyaman. Respons pemilik kadang agak lambat, tapi fasilitas tetap terjaga.",assets/kos_photos/kos_0419.jpg,-6.189801,106.842051
KOS-0420,Kos Gambir 420,Jakarta Pusat,Gambir,2400000,Putri,12,1,0,0,1,1,1,0,1,5.4,Tarumanagara,2.6,3.6,8,49,"Kos eksklusif putri area Gambir! Fasilitas lengkap: AC, listrik termasuk, parkir, dapur bersama, dan security 24 jam. Kamar 12m² dengan pencahayaan dan ventilasi optimal. Akses mudah ke pusat bisnis Jakarta Pusat. Penjaga aktif 24 jam, CCTV terpasang di area umum. Hanya 5.4 km ke kampus terdekat. Daftar sekarang!","Lumayan sesuai harga yang dibayar. AC dingin, tidak berisik. Keamanan 24 jam membuat tenang. Respons pemilik kadang agak lambat, tapi fasilitas tetap terjaga.",assets/kos_photos/kos_0420.jpg,-6.193864,106.819969
KOS-0421,Kos Senen 421,Jakarta Pusat,Senen,2950000,Putri,9,1,0,1,1,0,0,0,1,6.7,Tarumanagara,0.9,4.6,14,188,"Hunian nyaman di jantung Jakarta Pusat. Kos putri dengan AC, WiFi, listrik termasuk, dan security 24 jam. Ukuran kamar 9m², cukup untuk bekerja dan beristirahat. Bebas banjir, akses 24 jam. Jarak ke transportasi umum hanya 0.9 km. Cocok untuk profesional muda yang aktif.","Baru 24 minggu tapi sudah betah banget. WiFi kencang dan stabil. AC dingin, tidak berisik. Air bersih dan lancar, listrik stabil, tidak pernah mati. Harga sepadan.",assets/kos_photos/kos_0421.jpg,-6.173453,106.832169
KOS-0422,Kos Kemayoran 422,Jakarta Pusat,Kemayoran,2100000,Putra,9,0,1,0,0,0,1,0,0,6.6,Tarumanagara,0.6,4.0,7,89,"Kos eksklusif putra area Kemayoran! Fasilitas lengkap: kamar mandi dalam dan dapur bersama. Kamar 9m² dengan pencahayaan dan ventilasi optimal. Akses mudah ke pusat bisnis Jakarta Pusat. Penjaga aktif 24 jam, CCTV terpasang di area umum. Hanya 6.6 km ke kampus terdekat. Daftar sekarang!","Baru 12 minggu tapi sudah betah banget. Kamar mandi pribadi sangat nyaman. Air bersih dan lancar, listrik stabil, tidak pernah mati. Harga sepadan.",assets/kos_photos/kos_0422.jpg,-6.189055,106.89229
KOS-0423,Kos Menteng 423,Jakarta Pusat,Menteng,2550000,Campur,15,0,1,0,1,1,0,0,1,4.3,Tarumanagara,1.3,4.1,29,146,"Hunian nyaman di jantung Jakarta Pusat. Kos campur dengan kamar mandi dalam, listrik termasuk, parkir, dan security 24 jam. Ukuran kamar 15m², cukup untuk bekerja dan beristirahat. Bebas banjir, akses 24 jam. Jarak ke transportasi umum hanya 1.3 km. Cocok untuk profesional muda yang aktif.","Baru 24 minggu tapi sudah betah banget. Kamar mandi pribadi sangat nyaman. Keamanan 24 jam membuat tenang. Air bersih dan lancar, listrik stabil, tidak pernah mati. Harga sepadan.",assets/kos_photos/kos_0423.jpg,-6.141567,106.843733
KOS-0424,Kos Senen 424,Jakarta Pusat,Senen,2850000,Campur,12,1,0,1,1,1,0,1,0,4.3,Tarumanagara,2.6,4.8,7,118,"Kos bersih dan terawat di Senen, Jakarta Pusat. Kamar campur berukuran 12m² tersedia dengan fasilitas AC, WiFi, listrik termasuk, parkir, dan laundry. Pengelolaan profesional, kontrak fleksibel per bulan. Jarak 4.3 km dari kampus, 2.6 km dari halte atau stasiun. Survei gratis, hubungi pemilik sekarang!","Baru 18 minggu tapi sudah betah banget. WiFi kencang dan stabil. AC dingin, tidak berisik. Air bersih dan lancar, listrik stabil, tidak pernah mati. Harga sepadan.",assets/kos_photos/kos_0424.jpg,-6.207544,106.846293
KOS-0425,Kos Senen 425,Jakarta Pusat,Senen,3000000,Campur,9,0,1,1,0,1,0,1,1,4.3,Universitas Indonesia Salemba,1.8,3.6,11,117,"Kos eksklusif campur area Senen! Fasilitas lengkap: kamar mandi dalam, WiFi, parkir, laundry, dan security 24 jam. Kamar 9m² dengan pencahayaan dan ventilasi optimal. Akses mudah ke pusat bisnis Jakarta Pusat. Penjaga aktif 24 jam, CCTV terpasang di area umum. Hanya 4.3 km ke kampus terdekat. Daftar sekarang!","Oke secara keseluruhan. WiFi kencang dan stabil. Kamar mandi pribadi sangat nyaman. Ada plus minusnya, tapi tidak mengecewakan. Lumayan untuk jangka panjang.",assets/kos_photos/kos_0425.jpg,-6.185194,106.80264
KOS-0426,Kos Senen 426,Jakarta Pusat,Senen,2750000,Putra,18,1,1,1,1,0,1,0,1,5.8,Trisakti,1.1,4.9,27,66,"Tersedia kamar kos putra di kawasan Senen, Jakarta Pusat. Luas kamar 18m², fasilitas: AC, kamar mandi dalam, WiFi, listrik termasuk, dapur bersama, dan security 24 jam. Dekat kampus (5.8 km) dan transportasi umum (1.1 km). Lingkungan tenang, pemilik kos ramah dan responsif. Harga sudah mencakup biaya perawatan fasilitas bersama. Ideal untuk pelajar yang baru merantau.","Lokasi sangat strategis, ke mana-mana mudah dijangkau. WiFi kencang dan stabil. AC dingin, tidak berisik. Harga sangat worth it untuk fasilitasnya. Teman sesama penghuni juga asik.",assets/kos_photos/kos_0426.jpg,-6.230391,106.837537
KOS-0427,Kos Kemayoran 427,Jakarta Pusat,Kemayoran,2550000,Putri,15,0,0,1,0,1,0,0,1,6.1,Universitas Indonesia Salemba,2.8,3.6,23,51,"Tersedia kamar kos putri di kawasan Kemayoran, Jakarta Pusat. Luas kamar 15m², fasilitas: WiFi, parkir, dan security 24 jam. Dekat kampus (6.1 km) dan transportasi umum (2.8 km). Lingkungan tenang, pemilik kos ramah dan responsif. Harga sudah mencakup biaya perawatan fasilitas bersama. Ideal untuk pelajar yang baru merantau.","Lumayan sesuai harga yang dibayar. WiFi kencang dan stabil. Keamanan 24 jam membuat tenang. Respons pemilik kadang agak lambat, tapi fasilitas tetap terjaga.",assets/kos_photos/kos_0427.jpg,-6.186535,106.77829
KOS-0428,Kos Johar Baru 428,Jakarta Pusat,Johar Baru,2350000,Putra,12,1,1,1,1,1,0,0,0,9.9,Tarumanagara,1.0,3.9,24,91,"Tersedia kamar kos putra di kawasan Johar Baru, Jakarta Pusat. Luas kamar 12m², fasilitas: AC, kamar mandi dalam, WiFi, listrik termasuk, dan parkir. Dekat kampus (9.9 km) dan transportasi umum (1.0 km). Lingkungan tenang, pemilik kos ramah dan responsif. Harga sudah mencakup biaya perawatan fasilitas bersama. Ideal untuk pelajar yang baru merantau.","Lumayan sesuai harga yang dibayar. WiFi kencang dan stabil. AC dingin, tidak berisik. Respons pemilik kadang agak lambat, tapi fasilitas tetap terjaga.",assets/kos_photos/kos_0428.jpg,-6.1338,106.798372
KOS-0429,Kos Gambir 429,Jakarta Pusat,Gambir,3150000,Putri,18,1,1,1,1,0,1,0,0,0.8,Universitas Indonesia Salemba,3.2,4.1,15,170,"Tersedia kamar kos putri di kawasan Gambir, Jakarta Pusat. Luas kamar 18m², fasilitas: AC, kamar mandi dalam, WiFi, listrik termasuk, dan dapur bersama. Dekat kampus (0.8 km) dan transportasi umum (3.2 km). Lingkungan tenang, pemilik kos ramah dan responsif. Harga sudah mencakup biaya perawatan fasilitas bersama. Ideal untuk pelajar yang baru merantau.","Kos paling nyaman selama kuliah di Jakarta. WiFi kencang dan stabil. AC dingin, tidak berisik. Lingkungan bersih dan aman, tidak pernah ada masalah keamanan. Sangat recommended untuk mahasiswa baru!",assets/kos_photos/kos_0429.jpg,-6.143554,106.846049
KOS-0430,Kos Senen 430,Jakarta Pusat,Senen,2400000,Putri,20,0,0,1,0,1,0,0,1,7.2,Universitas Indonesia Salemba,3.4,3.7,21,49,"Kos bersih dan terawat di Senen, Jakarta Pusat. Kamar putri berukuran 20m² tersedia dengan fasilitas WiFi, parkir, dan security 24 jam. Pengelolaan profesional, kontrak fleksibel per bulan. Jarak 7.2 km dari kampus, 3.4 km dari halte atau stasiun. Survei gratis, hubungi pemilik sekarang!","Lumayan sesuai harga yang dibayar. WiFi kencang dan stabil. Keamanan 24 jam membuat tenang. Respons pemilik kadang agak lambat, tapi fasilitas tetap terjaga.",assets/kos_photos/kos_0430.jpg,-6.177951,106.85424
KOS-0431,Kos Sawah Besar 431,Jakarta Pusat,Sawah Besar,3300000,Campur,18,0,1,1,0,1,0,1,1,4.1,Universitas Indonesia Salemba,1.3,3.8,22,99,"Kos bersih dan terawat di Sawah Besar, Jakarta Pusat. Kamar campur berukuran 18m² tersedia dengan fasilitas kamar mandi dalam, WiFi, parkir, laundry, dan security 24 jam. Pengelolaan profesional, kontrak fleksibel per bulan. Jarak 4.1 km dari kampus, 1.3 km dari halte atau stasiun. Survei gratis, hubungi pemilik sekarang!",Cukup nyaman untuk kebutuhan sehari-hari. WiFi kencang dan stabil. Kamar mandi pribadi sangat nyaman. Harga standar untuk area sini. Cocok untuk yang budget terbatas.,assets/kos_photos/kos_0431.jpg,-6.164249,106.800475
KOS-0432,Kos Menteng 432,Jakarta Pusat,Menteng,3500000,Campur,18,1,1,1,1,1,1,0,0,5.0,Universitas Indonesia Salemba,0.4,4.9,29,76,"Tersedia kamar kos campur di kawasan Menteng, Jakarta Pusat. Luas kamar 18m², fasilitas: AC, kamar mandi dalam, WiFi, listrik termasuk, parkir, dan dapur bersama. Dekat kampus (5.0 km) dan transportasi umum (0.4 km). Lingkungan tenang, pemilik kos ramah dan responsif. Harga sudah mencakup biaya perawatan fasilitas bersama. Ideal untuk pelajar yang baru merantau.","Baru 8 minggu tapi sudah betah banget. WiFi kencang dan stabil. AC dingin, tidak berisik. Air bersih dan lancar, listrik stabil, tidak pernah mati. Harga sepadan.",assets/kos_photos/kos_0432.jpg,-6.201607,106.834233
KOS-0433,Kos Sawah Besar 433,Jakarta Pusat,Sawah Besar,3400000,Putri,12,1,0,1,1,1,1,0,1,6.2,Universitas Indonesia Salemba,1.8,3.6,22,193,"Kos eksklusif putri area Sawah Besar! Fasilitas lengkap: AC, WiFi, listrik termasuk, parkir, dapur bersama, dan security 24 jam. Kamar 12m² dengan pencahayaan dan ventilasi optimal. Akses mudah ke pusat bisnis Jakarta Pusat. Penjaga aktif 24 jam, CCTV terpasang di area umum. Hanya 6.2 km ke kampus terdekat. Daftar sekarang!","Oke secara keseluruhan. WiFi kencang dan stabil. AC dingin, tidak berisik. Ada plus minusnya, tapi tidak mengecewakan. Lumayan untuk jangka panjang.",assets/kos_photos/kos_0433.jpg,-6.212993,106.82596
KOS-0434,Kos Kemayoran 434,Jakarta Pusat,Kemayoran,2400000,Putra,12,1,1,1,0,1,0,1,1,7.0,Tarumanagara,3.9,4.4,12,197,"Hunian nyaman di jantung Jakarta Pusat. Kos putra dengan AC, kamar mandi dalam, WiFi, parkir, laundry, dan security 24 jam. Ukuran kamar 12m², cukup untuk bekerja dan beristirahat. Bebas banjir, akses 24 jam. Jarak ke transportasi umum hanya 3.9 km. Cocok untuk profesional muda yang aktif.","Lokasi sangat strategis, ke mana-mana mudah dijangkau. WiFi kencang dan stabil. AC dingin, tidak berisik. Harga sangat worth it untuk fasilitasnya. Teman sesama penghuni juga asik.",assets/kos_photos/kos_0434.jpg,-6.214952,106.852599
KOS-0435,Kos Menteng 435,Jakarta Pusat,Menteng,2950000,Putra,15,0,0,1,0,1,1,1,0,0.8,Tarumanagara,3.7,4.6,17,114,"Tersedia kamar kos putra di kawasan Menteng, Jakarta Pusat. Luas kamar 15m², fasilitas: WiFi, parkir, dapur bersama, dan laundry. Dekat kampus (0.8 km) dan transportasi umum (3.7 km). Lingkungan tenang, pemilik kos ramah dan responsif. Harga sudah mencakup biaya perawatan fasilitas bersama. Ideal untuk pelajar yang baru merantau.","Lokasi sangat strategis, ke mana-mana mudah dijangkau. WiFi kencang dan stabil. Harga sangat worth it untuk fasilitasnya. Teman sesama penghuni juga asik.",assets/kos_photos/kos_0435.jpg,-6.200357,106.819185
KOS-0436,Kos Sawah Besar 436,Jakarta Pusat,Sawah Besar,3650000,Putri,15,1,1,1,1,1,0,0,1,5.1,Universitas Indonesia Salemba,0.6,4.0,10,161,"Kos putri strategis di Sawah Besar, Jakarta Pusat. Kamar 15m² dilengkapi AC, kamar mandi dalam, WiFi, listrik termasuk, parkir, dan security 24 jam. Lokasi hanya 5.1 km dari kampus dan 0.6 km dari moda transportasi umum. Suasana bersih, aman, dan nyaman. Cocok untuk mahasiswa maupun pekerja muda yang menginginkan hunian berkualitas dengan harga terjangkau.","Baru 3 minggu tapi sudah betah banget. WiFi kencang dan stabil. AC dingin, tidak berisik. Air bersih dan lancar, listrik stabil, tidak pernah mati. Harga sepadan.",assets/kos_photos/kos_0436.jpg,-6.191493,106.847268
KOS-0437,Kos Tanah Abang 437,Jakarta Pusat,Tanah Abang,3250000,Putra,15,1,0,1,1,0,0,1,1,1.4,Tarumanagara,0.4,4.7,23,58,"Kos putra strategis di Tanah Abang, Jakarta Pusat. Kamar 15m² dilengkapi AC, WiFi, listrik termasuk, laundry, dan security 24 jam. Lokasi hanya 1.4 km dari kampus dan 0.4 km dari moda transportasi umum. Suasana bersih, aman, dan nyaman. Cocok untuk mahasiswa maupun pekerja muda yang menginginkan hunian berkualitas dengan harga terjangkau.","Lokasi sangat strategis, ke mana-mana mudah dijangkau. WiFi kencang dan stabil. AC dingin, tidak berisik. Harga sangat worth it untuk fasilitasnya. Teman sesama penghuni juga asik.",assets/kos_photos/kos_0437.jpg,-6.187278,106.884738
KOS-0438,Kos Senen 438,Jakarta Pusat,Senen,2050000,Putra,15,1,0,0,0,1,0,0,0,1.9,Universitas Indonesia Salemba,3.3,3.8,26,198,"Kos putra strategis di Senen, Jakarta Pusat. Kamar 15m² dilengkapi AC dan parkir. Lokasi hanya 1.9 km dari kampus dan 3.3 km dari moda transportasi umum. Suasana bersih, aman, dan nyaman. Cocok untuk mahasiswa maupun pekerja muda yang menginginkan hunian berkualitas dengan harga terjangkau.","Lumayan sesuai harga yang dibayar. AC dingin, tidak berisik. Respons pemilik kadang agak lambat, tapi fasilitas tetap terjaga.",assets/kos_photos/kos_0438.jpg,-6.172497,106.85719
KOS-0439,Kos Sawah Besar 439,Jakarta Pusat,Sawah Besar,3050000,Putra,18,0,1,1,0,1,0,1,0,5.9,Universitas Indonesia Salemba,2.7,3.7,16,60,"Kos putra strategis di Sawah Besar, Jakarta Pusat. Kamar 18m² dilengkapi kamar mandi dalam, WiFi, parkir, dan laundry. Lokasi hanya 5.9 km dari kampus dan 2.7 km dari moda transportasi umum. Suasana bersih, aman, dan nyaman. Cocok untuk mahasiswa maupun pekerja muda yang menginginkan hunian berkualitas dengan harga terjangkau.","Lumayan sesuai harga yang dibayar. WiFi kencang dan stabil. Kamar mandi pribadi sangat nyaman. Respons pemilik kadang agak lambat, tapi fasilitas tetap terjaga.",assets/kos_photos/kos_0439.jpg,-6.228258,106.840057
KOS-0440,Kos Tanah Abang 440,Jakarta Pusat,Tanah Abang,3050000,Putri,18,1,1,1,0,0,0,1,0,8.9,Trisakti,2.7,4.9,22,86,"Kos eksklusif putri area Tanah Abang! Fasilitas lengkap: AC, kamar mandi dalam, WiFi, dan laundry. Kamar 18m² dengan pencahayaan dan ventilasi optimal. Akses mudah ke pusat bisnis Jakarta Pusat. Penjaga aktif 24 jam, CCTV terpasang di area umum. Hanya 8.9 km ke kampus terdekat. Daftar sekarang!","Baru 24 minggu tapi sudah betah banget. WiFi kencang dan stabil. AC dingin, tidak berisik. Air bersih dan lancar, listrik stabil, tidak pernah mati. Harga sepadan.",assets/kos_photos/kos_0440.jpg,-6.194079,106.786437
KOS-0441,Kos Senen 441,Jakarta Pusat,Senen,3050000,Campur,15,0,0,1,1,1,1,0,1,3.7,Tarumanagara,2.5,4.9,7,105,"Kos bersih dan terawat di Senen, Jakarta Pusat. Kamar campur berukuran 15m² tersedia dengan fasilitas WiFi, listrik termasuk, parkir, dapur bersama, dan security 24 jam. Pengelolaan profesional, kontrak fleksibel per bulan. Jarak 3.7 km dari kampus, 2.5 km dari halte atau stasiun. Survei gratis, hubungi pemilik sekarang!","Sudah 8 tahun tinggal di sini dan tidak mau pindah. WiFi kencang dan stabil. Keamanan 24 jam membuat tenang. Lingkungan aman dan nyaman, penghuni dipilih secara selektif.",assets/kos_photos/kos_0441.jpg,-6.254942,106.828947
KOS-0442,Kos Kemayoran 442,Jakarta Pusat,Kemayoran,2850000,Putri,18,1,1,1,1,0,1,0,0,5.3,Tarumanagara,3.5,4.9,14,95,"Hunian nyaman di jantung Jakarta Pusat. Kos putri dengan AC, kamar mandi dalam, WiFi, listrik termasuk, dan dapur bersama. Ukuran kamar 18m², cukup untuk bekerja dan beristirahat. Bebas banjir, akses 24 jam. Jarak ke transportasi umum hanya 3.5 km. Cocok untuk profesional muda yang aktif.","Baru 2 minggu tapi sudah betah banget. WiFi kencang dan stabil. AC dingin, tidak berisik. Air bersih dan lancar, listrik stabil, tidak pernah mati. Harga sepadan.",assets/kos_photos/kos_0442.jpg,-6.159228,106.864763
KOS-0443,Kos Senen 443,Jakarta Pusat,Senen,2400000,Putri,12,0,0,1,1,0,0,1,1,4.1,Tarumanagara,5.0,4.8,29,119,"Kos eksklusif putri area Senen! Fasilitas lengkap: WiFi, listrik termasuk, laundry, dan security 24 jam. Kamar 12m² dengan pencahayaan dan ventilasi optimal. Akses mudah ke pusat bisnis Jakarta Pusat. Penjaga aktif 24 jam, CCTV terpasang di area umum. Hanya 4.1 km ke kampus terdekat. Daftar sekarang!","Kos paling nyaman selama kuliah di Jakarta. WiFi kencang dan stabil. Keamanan 24 jam membuat tenang. Lingkungan bersih dan aman, tidak pernah ada masalah keamanan. Sangat recommended untuk mahasiswa baru!",assets/kos_photos/kos_0443.jpg,-6.239567,106.850232
KOS-0444,Kos Senen 444,Jakarta Pusat,Senen,3500000,Campur,12,1,1,1,1,1,1,0,1,7.3,Universitas Indonesia Salemba,2.9,3.8,16,72,"Kos eksklusif campur area Senen! Fasilitas lengkap: AC, kamar mandi dalam, WiFi, listrik termasuk, parkir, dapur bersama, dan security 24 jam. Kamar 12m² dengan pencahayaan dan ventilasi optimal. Akses mudah ke pusat bisnis Jakarta Pusat. Penjaga aktif 24 jam, CCTV terpasang di area umum. Hanya 7.3 km ke kampus terdekat. Daftar sekarang!","Lumayan sesuai harga yang dibayar. WiFi kencang dan stabil. AC dingin, tidak berisik. Respons pemilik kadang agak lambat, tapi fasilitas tetap terjaga.",assets/kos_photos/kos_0444.jpg,-6.161663,106.805679
KOS-0445,Kos Menteng 445,Jakarta Pusat,Menteng,2900000,Campur,12,1,0,1,0,1,1,0,1,4.4,Tarumanagara,1.3,4.5,17,186,"Kos campur strategis di Menteng, Jakarta Pusat. Kamar 12m² dilengkapi AC, WiFi, parkir, dapur bersama, dan security 24 jam. Lokasi hanya 4.4 km dari kampus dan 1.3 km dari moda transportasi umum. Suasana bersih, aman, dan nyaman. Cocok untuk mahasiswa maupun pekerja muda yang menginginkan hunian berkualitas dengan harga terjangkau.","Sudah 18 tahun tinggal di sini dan tidak mau pindah. WiFi kencang dan stabil. AC dingin, tidak berisik. Lingkungan aman dan nyaman, penghuni dipilih secara selektif.",assets/kos_photos/kos_0445.jpg,-6.210186,106.853531
KOS-0446,Kos Sawah Besar 446,Jakarta Pusat,Sawah Besar,2400000,Putri,12,0,1,0,1,0,1,0,0,6.8,Universitas Indonesia Salemba,4.4,3.5,28,138,"Kos bersih dan terawat di Sawah Besar, Jakarta Pusat. Kamar putri berukuran 12m² tersedia dengan fasilitas kamar mandi dalam, listrik termasuk, dan dapur bersama. Pengelolaan profesional, kontrak fleksibel per bulan. Jarak 6.8 km dari kampus, 4.4 km dari halte atau stasiun. Survei gratis, hubungi pemilik sekarang!",Cukup nyaman untuk kebutuhan sehari-hari. Kamar mandi pribadi sangat nyaman. Harga standar untuk area sini. Cocok untuk yang budget terbatas.,assets/kos_photos/kos_0446.jpg,-6.148291,106.828278
KOS-0447,Kos Senen 447,Jakarta Pusat,Senen,2350000,Campur,12,1,0,1,0,0,1,0,1,5.7,Trisakti,3.3,3.6,10,143,"Kos bersih dan terawat di Senen, Jakarta Pusat. Kamar campur berukuran 12m² tersedia dengan fasilitas AC, WiFi, dapur bersama, dan security 24 jam. Pengelolaan profesional, kontrak fleksibel per bulan. Jarak 5.7 km dari kampus, 3.3 km dari halte atau stasiun. Survei gratis, hubungi pemilik sekarang!","Oke secara keseluruhan. WiFi kencang dan stabil. AC dingin, tidak berisik. Ada plus minusnya, tapi tidak mengecewakan. Lumayan untuk jangka panjang.",assets/kos_photos/kos_0447.jpg,-6.180276,106.832176
KOS-0448,Kos Tanah Abang 448,Jakarta Pusat,Tanah Abang,2850000,Putra,12,1,1,0,1,0,0,0,1,8.1,Tarumanagara,2.3,4.6,13,25,"Kos bersih dan terawat di Tanah Abang, Jakarta Pusat. Kamar putra berukuran 12m² tersedia dengan fasilitas AC, kamar mandi dalam, listrik termasuk, dan security 24 jam. Pengelolaan profesional, kontrak fleksibel per bulan. Jarak 8.1 km dari kampus, 2.3 km dari halte atau stasiun. Survei gratis, hubungi pemilik sekarang!","Baru 6 minggu tapi sudah betah banget. AC dingin, tidak berisik. Kamar mandi pribadi sangat nyaman. Air bersih dan lancar, listrik stabil, tidak pernah mati. Harga sepadan.",assets/kos_photos/kos_0448.jpg,-6.230718,106.814719
KOS-0449,Kos Senen 449,Jakarta Pusat,Senen,2800000,Campur,9,1,0,1,1,1,0,0,0,8.2,Universitas Indonesia Salemba,3.4,4.5,21,161,"Hunian nyaman di jantung Jakarta Pusat. Kos campur dengan AC, WiFi, listrik termasuk, dan parkir. Ukuran kamar 9m², cukup untuk bekerja dan beristirahat. Bebas banjir, akses 24 jam. Jarak ke transportasi umum hanya 3.4 km. Cocok untuk profesional muda yang aktif.","Sudah 12 bulan di sini, sangat puas! Kamar bersih dan wangi. WiFi kencang dan stabil. AC dingin, tidak berisik. Pemilik kos sigap menangani keluhan. Sangat direkomendasikan!",assets/kos_photos/kos_0449.jpg,-6.176312,106.795624
KOS-0450,Kos Tanah Abang 450,Jakarta Pusat,Tanah Abang,2350000,Putra,18,0,0,1,1,1,0,0,1,8.7,Tarumanagara,3.9,4.7,17,138,"Kos bersih dan terawat di Tanah Abang, Jakarta Pusat. Kamar putra berukuran 18m² tersedia dengan fasilitas WiFi, listrik termasuk, parkir, dan security 24 jam. Pengelolaan profesional, kontrak fleksibel per bulan. Jarak 8.7 km dari kampus, 3.9 km dari halte atau stasiun. Survei gratis, hubungi pemilik sekarang!","Sudah 12 bulan di sini, sangat puas! Kamar bersih dan wangi. WiFi kencang dan stabil. Keamanan 24 jam membuat tenang. Pemilik kos sigap menangani keluhan. Sangat direkomendasikan!",assets/kos_photos/kos_0450.jpg,-6.195337,106.800402
KOS-0451,Kos Menteng 451,Jakarta Pusat,Menteng,3300000,Putra,12,0,1,1,0,1,0,0,1,1.8,Tarumanagara,3.2,3.9,8,139,"Tersedia kamar kos putra di kawasan Menteng, Jakarta Pusat. Luas kamar 12m², fasilitas: kamar mandi dalam, WiFi, parkir, dan security 24 jam. Dekat kampus (1.8 km) dan transportasi umum (3.2 km). Lingkungan tenang, pemilik kos ramah dan responsif. Harga sudah mencakup biaya perawatan fasilitas bersama. Ideal untuk pelajar yang baru merantau.","Lumayan sesuai harga yang dibayar. WiFi kencang dan stabil. Kamar mandi pribadi sangat nyaman. Respons pemilik kadang agak lambat, tapi fasilitas tetap terjaga.",assets/kos_photos/kos_0451.jpg,-6.204415,106.854088
KOS-0452,Kos Tanah Abang 452,Jakarta Pusat,Tanah Abang,2850000,Campur,12,1,0,1,1,1,1,0,0,1.7,Trisakti,2.4,3.9,23,41,"Tersedia kamar kos campur di kawasan Tanah Abang, Jakarta Pusat. Luas kamar 12m², fasilitas: AC, WiFi, listrik termasuk, parkir, dan dapur bersama. Dekat kampus (1.7 km) dan transportasi umum (2.4 km). Lingkungan tenang, pemilik kos ramah dan responsif. Harga sudah mencakup biaya perawatan fasilitas bersama. Ideal untuk pelajar yang baru merantau.","Cukup nyaman untuk kebutuhan sehari-hari. WiFi kencang dan stabil. AC dingin, tidak berisik. Harga standar untuk area sini. Cocok untuk yang budget terbatas.",assets/kos_photos/kos_0452.jpg,-6.196001,106.838298
KOS-0453,Kos Gambir 453,Jakarta Pusat,Gambir,2200000,Putra,18,0,0,0,0,1,0,0,0,6.3,Tarumanagara,3.8,4.2,17,97,"Kos bersih dan terawat di Gambir, Jakarta Pusat. Kamar putra berukuran 18m² tersedia dengan fasilitas parkir. Pengelolaan profesional, kontrak fleksibel per bulan. Jarak 6.3 km dari kampus, 3.8 km dari halte atau stasiun. Survei gratis, hubungi pemilik sekarang!","Lokasi sangat strategis, ke mana-mana mudah dijangkau. Fasilitas standar terpenuhi. Harga sangat worth it untuk fasilitasnya. Teman sesama penghuni juga asik.",assets/kos_photos/kos_0453.jpg,-6.214871,106.811294
KOS-0454,Kos Gambir 454,Jakarta Pusat,Gambir,3200000,Putri,9,0,1,0,1,1,1,0,1,3.3,Trisakti,3.6,4.0,21,27,"Kos bersih dan terawat di Gambir, Jakarta Pusat. Kamar putri berukuran 9m² tersedia dengan fasilitas kamar mandi dalam, listrik termasuk, parkir, dapur bersama, dan security 24 jam. Pengelolaan profesional, kontrak fleksibel per bulan. Jarak 3.3 km dari kampus, 3.6 km dari halte atau stasiun. Survei gratis, hubungi pemilik sekarang!","Sudah 8 tahun tinggal di sini dan tidak mau pindah. Kamar mandi pribadi sangat nyaman. Keamanan 24 jam membuat tenang. Lingkungan aman dan nyaman, penghuni dipilih secara selektif.",assets/kos_photos/kos_0454.jpg,-6.182149,106.853043
KOS-0455,Kos Sawah Besar 455,Jakarta Pusat,Sawah Besar,2500000,Putri,12,0,1,0,1,0,1,1,0,3.4,Tarumanagara,4.1,3.8,27,164,"Hunian nyaman di jantung Jakarta Pusat. Kos putri dengan kamar mandi dalam, listrik termasuk, dapur bersama, dan laundry. Ukuran kamar 12m², cukup untuk bekerja dan beristirahat. Bebas banjir, akses 24 jam. Jarak ke transportasi umum hanya 4.1 km. Cocok untuk profesional muda yang aktif.","Lumayan sesuai harga yang dibayar. Kamar mandi pribadi sangat nyaman. Respons pemilik kadang agak lambat, tapi fasilitas tetap terjaga.",assets/kos_photos/kos_0455.jpg,-6.185572,106.829302
KOS-0456,Kos Senen 456,Jakarta Pusat,Senen,3250000,Putri,12,1,1,1,0,0,1,1,0,8.0,Trisakti,4.4,3.9,10,159,"Tersedia kamar kos putri di kawasan Senen, Jakarta Pusat. Luas kamar 12m², fasilitas: AC, kamar mandi dalam, WiFi, dapur bersama, dan laundry. Dekat kampus (8.0 km) dan transportasi umum (4.4 km). Lingkungan tenang, pemilik kos ramah dan responsif. Harga sudah mencakup biaya perawatan fasilitas bersama. Ideal untuk pelajar yang baru merantau.","Lumayan sesuai harga yang dibayar. WiFi kencang dan stabil. AC dingin, tidak berisik. Respons pemilik kadang agak lambat, tapi fasilitas tetap terjaga.",assets/kos_photos/kos_0456.jpg,-6.22254,106.80324
KOS-0457,Kos Senen 457,Jakarta Pusat,Senen,3400000,Putri,15,0,1,1,1,0,1,1,0,4.7,Tarumanagara,0.7,4.5,5,74,"Kos bersih dan terawat di Senen, Jakarta Pusat. Kamar putri berukuran 15m² tersedia dengan fasilitas kamar mandi dalam, WiFi, listrik termasuk, dapur bersama, dan laundry. Pengelolaan profesional, kontrak fleksibel per bulan. Jarak 4.7 km dari kampus, 0.7 km dari halte atau stasiun. Survei gratis, hubungi pemilik sekarang!","Sudah 3 bulan di sini, sangat puas! Kamar bersih dan wangi. WiFi kencang dan stabil. Kamar mandi pribadi sangat nyaman. Pemilik kos sigap menangani keluhan. Sangat direkomendasikan!",assets/kos_photos/kos_0457.jpg,-6.16048,106.779445
KOS-0458,Kos Sawah Besar 458,Jakarta Pusat,Sawah Besar,2900000,Putra,12,0,1,1,1,0,1,0,1,3.7,Universitas Indonesia Salemba,2.4,4.1,6,67,"Tersedia kamar kos putra di kawasan Sawah Besar, Jakarta Pusat. Luas kamar 12m², fasilitas: kamar mandi dalam, WiFi, listrik termasuk, dapur bersama, dan security 24 jam. Dekat kampus (3.7 km) dan transportasi umum (2.4 km). Lingkungan tenang, pemilik kos ramah dan responsif. Harga sudah mencakup biaya perawatan fasilitas bersama. Ideal untuk pelajar yang baru merantau.","Baru 2 minggu tapi sudah betah banget. WiFi kencang dan stabil. Kamar mandi pribadi sangat nyaman. Air bersih dan lancar, listrik stabil, tidak pernah mati. Harga sepadan.",assets/kos_photos/kos_0458.jpg,-6.190026,106.848555
KOS-0459,Kos Kemayoran 459,Jakarta Pusat,Kemayoran,3200000,Putri,18,0,1,1,1,1,1,0,1,4.8,Trisakti,2.7,3.8,26,81,"Kos putri strategis di Kemayoran, Jakarta Pusat. Kamar 18m² dilengkapi kamar mandi dalam, WiFi, listrik termasuk, parkir, dapur bersama, dan security 24 jam. Lokasi hanya 4.8 km dari kampus dan 2.7 km dari moda transportasi umum. Suasana bersih, aman, dan nyaman. Cocok untuk mahasiswa maupun pekerja muda yang menginginkan hunian berkualitas dengan harga terjangkau.","Oke secara keseluruhan. WiFi kencang dan stabil. Kamar mandi pribadi sangat nyaman. Ada plus minusnya, tapi tidak mengecewakan. Lumayan untuk jangka panjang.",assets/kos_photos/kos_0459.jpg,-6.189184,106.794277
KOS-0460,Kos Sawah Besar 460,Jakarta Pusat,Sawah Besar,3300000,Putra,18,0,1,0,0,1,0,1,0,7.7,Trisakti,2.1,4.9,29,70,"Kos putra strategis di Sawah Besar, Jakarta Pusat. Kamar 18m² dilengkapi kamar mandi dalam, parkir, dan laundry. Lokasi hanya 7.7 km dari kampus dan 2.1 km dari moda transportasi umum. Suasana bersih, aman, dan nyaman. Cocok untuk mahasiswa maupun pekerja muda yang menginginkan hunian berkualitas dengan harga terjangkau.","Kos paling nyaman selama kuliah di Jakarta. Kamar mandi pribadi sangat nyaman. Lingkungan bersih dan aman, tidak pernah ada masalah keamanan. Sangat recommended untuk mahasiswa baru!",assets/kos_photos/kos_0460.jpg,-6.210825,106.823412
KOS-0461,Kos Tanah Abang 461,Jakarta Pusat,Tanah Abang,3100000,Putra,9,1,1,1,1,1,0,0,1,5.5,Tarumanagara,1.6,4.5,29,162,"Hunian nyaman di jantung Jakarta Pusat. Kos putra dengan AC, kamar mandi dalam, WiFi, listrik termasuk, parkir, dan security 24 jam. Ukuran kamar 9m², cukup untuk bekerja dan beristirahat. Bebas banjir, akses 24 jam. Jarak ke transportasi umum hanya 1.6 km. Cocok untuk profesional muda yang aktif.","Baru 2 minggu tapi sudah betah banget. WiFi kencang dan stabil. AC dingin, tidak berisik. Air bersih dan lancar, listrik stabil, tidak pernah mati. Harga sepadan.",assets/kos_photos/kos_0461.jpg,-6.221449,106.830454
KOS-0462,Kos Cempaka Putih 462,Jakarta Pusat,Cempaka Putih,2650000,Putra,12,0,1,0,1,1,0,0,1,6.3,Trisakti,3.5,4.1,23,138,"Kos bersih dan terawat di Cempaka Putih, Jakarta Pusat. Kamar putra berukuran 12m² tersedia dengan fasilitas kamar mandi dalam, listrik termasuk, parkir, dan security 24 jam. Pengelolaan profesional, kontrak fleksibel per bulan. Jarak 6.3 km dari kampus, 3.5 km dari halte atau stasiun. Survei gratis, hubungi pemilik sekarang!","Lokasi sangat strategis, ke mana-mana mudah dijangkau. Kamar mandi pribadi sangat nyaman. Keamanan 24 jam membuat tenang. Harga sangat worth it untuk fasilitasnya. Teman sesama penghuni juga asik.",assets/kos_photos/kos_0462.jpg,-6.174887,106.842821
KOS-0463,Kos Johar Baru 463,Jakarta Pusat,Johar Baru,3150000,Putra,20,1,0,1,1,1,0,0,1,8.1,Tarumanagara,1.1,4.1,20,185,"Kos putra strategis di Johar Baru, Jakarta Pusat. Kamar 20m² dilengkapi AC, WiFi, listrik termasuk, parkir, dan security 24 jam. Lokasi hanya 8.1 km dari kampus dan 1.1 km dari moda transportasi umum. Suasana bersih, aman, dan nyaman. Cocok untuk mahasiswa maupun pekerja muda yang menginginkan hunian berkualitas dengan harga terjangkau.","Baru 24 minggu tapi sudah betah banget. WiFi kencang dan stabil. AC dingin, tidak berisik. Air bersih dan lancar, listrik stabil, tidak pernah mati. Harga sepadan.",assets/kos_photos/kos_0463.jpg,-6.146756,106.80811
KOS-0464,Kos Gambir 464,Jakarta Pusat,Gambir,2650000,Putra,18,0,1,1,0,1,0,0,1,8.1,Universitas Indonesia Salemba,2.5,3.9,12,55,"Kos putra strategis di Gambir, Jakarta Pusat. Kamar 18m² dilengkapi kamar mandi dalam, WiFi, parkir, dan security 24 jam. Lokasi hanya 8.1 km dari kampus dan 2.5 km dari moda transportasi umum. Suasana bersih, aman, dan nyaman. Cocok untuk mahasiswa maupun pekerja muda yang menginginkan hunian berkualitas dengan harga terjangkau.",Cukup nyaman untuk kebutuhan sehari-hari. WiFi kencang dan stabil. Kamar mandi pribadi sangat nyaman. Harga standar untuk area sini. Cocok untuk yang budget terbatas.,assets/kos_photos/kos_0464.jpg,-6.154587,106.799256
KOS-0465,Kos Gambir 465,Jakarta Pusat,Gambir,2650000,Putra,20,0,0,0,0,0,1,0,0,5.4,Trisakti,2.0,4.0,21,161,"Kos putra strategis di Gambir, Jakarta Pusat. Kamar 20m² dilengkapi dapur bersama. Lokasi hanya 5.4 km dari kampus dan 2.0 km dari moda transportasi umum. Suasana bersih, aman, dan nyaman. Cocok untuk mahasiswa maupun pekerja muda yang menginginkan hunian berkualitas dengan harga terjangkau.","Baru 3 minggu tapi sudah betah banget. Fasilitas standar terpenuhi. Air bersih dan lancar, listrik stabil, tidak pernah mati. Harga sepadan.",assets/kos_photos/kos_0465.jpg,-6.152247,106.847502
KOS-0466,Kos Sawah Besar 466,Jakarta Pusat,Sawah Besar,2300000,Putra,9,1,0,0,0,1,0,0,0,3.4,Universitas Indonesia Salemba,1.0,3.5,16,52,"Kos bersih dan terawat di Sawah Besar, Jakarta Pusat. Kamar putra berukuran 9m² tersedia dengan fasilitas AC dan parkir. Pengelolaan profesional, kontrak fleksibel per bulan. Jarak 3.4 km dari kampus, 1.0 km dari halte atau stasiun. Survei gratis, hubungi pemilik sekarang!","Oke secara keseluruhan. AC dingin, tidak berisik. Ada plus minusnya, tapi tidak mengecewakan. Lumayan untuk jangka panjang.",assets/kos_photos/kos_0466.jpg,-6.195795,106.842005
KOS-0467,Kos Senen 467,Jakarta Pusat,Senen,2950000,Putra,9,0,1,1,1,1,1,0,0,6.0,Universitas Indonesia Salemba,4.9,3.5,28,75,"Kos putra strategis di Senen, Jakarta Pusat. Kamar 9m² dilengkapi kamar mandi dalam, WiFi, listrik termasuk, parkir, dan dapur bersama. Lokasi hanya 6.0 km dari kampus dan 4.9 km dari moda transportasi umum. Suasana bersih, aman, dan nyaman. Cocok untuk mahasiswa maupun pekerja muda yang menginginkan hunian berkualitas dengan harga terjangkau.","Lumayan sesuai harga yang dibayar. WiFi kencang dan stabil. Kamar mandi pribadi sangat nyaman. Respons pemilik kadang agak lambat, tapi fasilitas tetap terjaga.",assets/kos_photos/kos_0467.jpg,-6.187264,106.836765
KOS-0468,Kos Menteng 468,Jakarta Pusat,Menteng,2600000,Putra,15,1,0,1,0,1,0,0,0,7.4,Tarumanagara,2.4,4.5,7,39,"Kos eksklusif putra area Menteng! Fasilitas lengkap: AC, WiFi, dan parkir. Kamar 15m² dengan pencahayaan dan ventilasi optimal. Akses mudah ke pusat bisnis Jakarta Pusat. Penjaga aktif 24 jam, CCTV terpasang di area umum. Hanya 7.4 km ke kampus terdekat. Daftar sekarang!","Baru 6 minggu tapi sudah betah banget. WiFi kencang dan stabil. AC dingin, tidak berisik. Air bersih dan lancar, listrik stabil, tidak pernah mati. Harga sepadan.",assets/kos_photos/kos_0468.jpg,-6.113344,106.790375
KOS-0469,Kos Senen 469,Jakarta Pusat,Senen,2800000,Putra,12,1,1,1,0,0,1,0,0,2.5,Tarumanagara,2.6,3.6,23,78,"Hunian nyaman di jantung Jakarta Pusat. Kos putra dengan AC, kamar mandi dalam, WiFi, dan dapur bersama. Ukuran kamar 12m², cukup untuk bekerja dan beristirahat. Bebas banjir, akses 24 jam. Jarak ke transportasi umum hanya 2.6 km. Cocok untuk profesional muda yang aktif.","Oke secara keseluruhan. WiFi kencang dan stabil. AC dingin, tidak berisik. Ada plus minusnya, tapi tidak mengecewakan. Lumayan untuk jangka panjang.",assets/kos_photos/kos_0469.jpg,-6.205205,106.849235
KOS-0470,Kos Kemayoran 470,Jakarta Pusat,Kemayoran,3500000,Putri,9,1,1,1,0,1,0,0,1,0.8,Tarumanagara,0.9,3.8,11,138,"Hunian nyaman di jantung Jakarta Pusat. Kos putri dengan AC, kamar mandi dalam, WiFi, parkir, dan security 24 jam. Ukuran kamar 9m², cukup untuk bekerja dan beristirahat. Bebas banjir, akses 24 jam. Jarak ke transportasi umum hanya 0.9 km. Cocok untuk profesional muda yang aktif.","Oke secara keseluruhan. WiFi kencang dan stabil. AC dingin, tidak berisik. Ada plus minusnya, tapi tidak mengecewakan. Lumayan untuk jangka panjang.",assets/kos_photos/kos_0470.jpg,-6.156812,106.839611
KOS-0471,Kos Tanah Abang 471,Jakarta Pusat,Tanah Abang,3300000,Putra,12,1,0,1,1,1,0,0,1,8.4,Tarumanagara,4.2,3.8,17,110,"Kos eksklusif putra area Tanah Abang! Fasilitas lengkap: AC, WiFi, listrik termasuk, parkir, dan security 24 jam. Kamar 12m² dengan pencahayaan dan ventilasi optimal. Akses mudah ke pusat bisnis Jakarta Pusat. Penjaga aktif 24 jam, CCTV terpasang di area umum. Hanya 8.4 km ke kampus terdekat. Daftar sekarang!","Cukup nyaman untuk kebutuhan sehari-hari. WiFi kencang dan stabil. AC dingin, tidak berisik. Harga standar untuk area sini. Cocok untuk yang budget terbatas.",assets/kos_photos/kos_0471.jpg,-6.244807,106.874561
KOS-0472,Kos Menteng 472,Jakarta Pusat,Menteng,3550000,Putri,24,1,0,0,1,1,1,1,1,6.6,Tarumanagara,4.3,4.1,29,62,"Kos bersih dan terawat di Menteng, Jakarta Pusat. Kamar putri berukuran 24m² tersedia dengan fasilitas AC, listrik termasuk, parkir, dapur bersama, laundry, dan security 24 jam. Pengelolaan profesional, kontrak fleksibel per bulan. Jarak 6.6 km dari kampus, 4.3 km dari halte atau stasiun. Survei gratis, hubungi pemilik sekarang!","Kos paling nyaman selama kuliah di Jakarta. AC dingin, tidak berisik. Keamanan 24 jam membuat tenang. Lingkungan bersih dan aman, tidak pernah ada masalah keamanan. Sangat recommended untuk mahasiswa baru!",assets/kos_photos/kos_0472.jpg,-6.216697,106.814031
KOS-0473,Kos Senen 473,Jakarta Pusat,Senen,2150000,Putri,12,0,0,0,0,1,1,0,1,9.1,Trisakti,0.7,3.7,14,193,"Kos putri strategis di Senen, Jakarta Pusat. Kamar 12m² dilengkapi parkir, dapur bersama, dan security 24 jam. Lokasi hanya 9.1 km dari kampus dan 0.7 km dari moda transportasi umum. Suasana bersih, aman, dan nyaman. Cocok untuk mahasiswa maupun pekerja muda yang menginginkan hunian berkualitas dengan harga terjangkau.","Lumayan sesuai harga yang dibayar. Keamanan 24 jam membuat tenang. Respons pemilik kadang agak lambat, tapi fasilitas tetap terjaga.",assets/kos_photos/kos_0473.jpg,-6.186626,106.841877
KOS-0474,Kos Kemayoran 474,Jakarta Pusat,Kemayoran,3200000,Putra,18,0,0,1,1,1,0,0,0,0.9,Tarumanagara,3.7,4.2,20,120,"Hunian nyaman di jantung Jakarta Pusat. Kos putra dengan WiFi, listrik termasuk, dan parkir. Ukuran kamar 18m², cukup untuk bekerja dan beristirahat. Bebas banjir, akses 24 jam. Jarak ke transportasi umum hanya 3.7 km. Cocok untuk profesional muda yang aktif.","Sudah 8 bulan di sini, sangat puas! Kamar bersih dan wangi. WiFi kencang dan stabil. Pemilik kos sigap menangani keluhan. Sangat direkomendasikan!",assets/kos_photos/kos_0474.jpg,-6.161855,106.835007
KOS-0475,Kos Menteng 475,Jakarta Pusat,Menteng,3400000,Campur,12,1,1,1,0,1,0,0,1,0.6,Trisakti,3.2,5.0,21,75,"Kos campur strategis di Menteng, Jakarta Pusat. Kamar 12m² dilengkapi AC, kamar mandi dalam, WiFi, parkir, dan security 24 jam. Lokasi hanya 0.6 km dari kampus dan 3.2 km dari moda transportasi umum. Suasana bersih, aman, dan nyaman. Cocok untuk mahasiswa maupun pekerja muda yang menginginkan hunian berkualitas dengan harga terjangkau.","Baru 12 minggu tapi sudah betah banget. WiFi kencang dan stabil. AC dingin, tidak berisik. Air bersih dan lancar, listrik stabil, tidak pernah mati. Harga sepadan.",assets/kos_photos/kos_0475.jpg,-6.222978,106.847376
KOS-0476,Kos Johar Baru 476,Jakarta Pusat,Johar Baru,2900000,Putri,9,0,1,1,1,1,0,0,0,3.7,Universitas Indonesia Salemba,1.8,4.7,26,29,"Tersedia kamar kos putri di kawasan Johar Baru, Jakarta Pusat. Luas kamar 9m², fasilitas: kamar mandi dalam, WiFi, listrik termasuk, dan parkir. Dekat kampus (3.7 km) dan transportasi umum (1.8 km). Lingkungan tenang, pemilik kos ramah dan responsif. Harga sudah mencakup biaya perawatan fasilitas bersama. Ideal untuk pelajar yang baru merantau.","Lokasi sangat strategis, ke mana-mana mudah dijangkau. WiFi kencang dan stabil. Kamar mandi pribadi sangat nyaman. Harga sangat worth it untuk fasilitasnya. Teman sesama penghuni juga asik.",assets/kos_photos/kos_0476.jpg,-6.16999,106.797497
KOS-0477,Kos Senen 477,Jakarta Pusat,Senen,3600000,Putri,18,0,1,0,1,1,1,1,1,9.6,Universitas Indonesia Salemba,2.6,4.3,11,138,"Kos bersih dan terawat di Senen, Jakarta Pusat. Kamar putri berukuran 18m² tersedia dengan fasilitas kamar mandi dalam, listrik termasuk, parkir, dapur bersama, laundry, dan security 24 jam. Pengelolaan profesional, kontrak fleksibel per bulan. Jarak 9.6 km dari kampus, 2.6 km dari halte atau stasiun. Survei gratis, hubungi pemilik sekarang!","Lokasi sangat strategis, ke mana-mana mudah dijangkau. Kamar mandi pribadi sangat nyaman. Keamanan 24 jam membuat tenang. Harga sangat worth it untuk fasilitasnya. Teman sesama penghuni juga asik.",assets/kos_photos/kos_0477.jpg,-6.189179,106.864038
KOS-0478,Kos Kemayoran 478,Jakarta Pusat,Kemayoran,3450000,Campur,18,1,0,0,1,1,1,1,1,3.5,Trisakti,1.0,4.2,19,127,"Hunian nyaman di jantung Jakarta Pusat. Kos campur dengan AC, listrik termasuk, parkir, dapur bersama, laundry, dan security 24 jam. Ukuran kamar 18m², cukup untuk bekerja dan beristirahat. Bebas banjir, akses 24 jam. Jarak ke transportasi umum hanya 1.0 km. Cocok untuk profesional muda yang aktif.","Baru 18 minggu tapi sudah betah banget. AC dingin, tidak berisik. Keamanan 24 jam membuat tenang. Air bersih dan lancar, listrik stabil, tidak pernah mati. Harga sepadan.",assets/kos_photos/kos_0478.jpg,-6.198865,106.866622
KOS-0479,Kos Tanah Abang 479,Jakarta Pusat,Tanah Abang,2100000,Campur,24,1,0,1,0,0,0,0,0,2.8,Universitas Indonesia Salemba,2.4,4.1,25,109,"Hunian nyaman di jantung Jakarta Pusat. Kos campur dengan AC dan WiFi. Ukuran kamar 24m², cukup untuk bekerja dan beristirahat. Bebas banjir, akses 24 jam. Jarak ke transportasi umum hanya 2.4 km. Cocok untuk profesional muda yang aktif.","Sudah 6 bulan di sini, sangat puas! Kamar bersih dan wangi. WiFi kencang dan stabil. AC dingin, tidak berisik. Pemilik kos sigap menangani keluhan. Sangat direkomendasikan!",assets/kos_photos/kos_0479.jpg,-6.195841,106.828889
KOS-0480,Kos Senen 480,Jakarta Pusat,Senen,2500000,Putra,15,1,0,1,1,1,0,1,1,4.7,Universitas Indonesia Salemba,4.7,4.1,5,177,"Hunian nyaman di jantung Jakarta Pusat. Kos putra dengan AC, WiFi, listrik termasuk, parkir, laundry, dan security 24 jam. Ukuran kamar 15m², cukup untuk bekerja dan beristirahat. Bebas banjir, akses 24 jam. Jarak ke transportasi umum hanya 4.7 km. Cocok untuk profesional muda yang aktif.","Sudah 24 tahun tinggal di sini dan tidak mau pindah. WiFi kencang dan stabil. AC dingin, tidak berisik. Lingkungan aman dan nyaman, penghuni dipilih secara selektif.",assets/kos_photos/kos_0480.jpg,-6.230195,106.853595
KOS-0481,Kos Kemayoran 481,Jakarta Pusat,Kemayoran,3950000,Putra,9,1,1,1,1,0,0,0,1,1.0,Universitas Indonesia Salemba,0.5,4.5,26,51,"Tersedia kamar kos putra di kawasan Kemayoran, Jakarta Pusat. Luas kamar 9m², fasilitas: AC, kamar mandi dalam, WiFi, listrik termasuk, dan security 24 jam. Dekat kampus (1.0 km) dan transportasi umum (0.5 km). Lingkungan tenang, pemilik kos ramah dan responsif. Harga sudah mencakup biaya perawatan fasilitas bersama. Ideal untuk pelajar yang baru merantau.","Baru 12 minggu tapi sudah betah banget. WiFi kencang dan stabil. AC dingin, tidak berisik. Air bersih dan lancar, listrik stabil, tidak pernah mati. Harga sepadan.",assets/kos_photos/kos_0481.jpg,-6.126526,106.807297
KOS-0482,Kos Cempaka Putih 482,Jakarta Pusat,Cempaka Putih,2750000,Putra,9,0,0,1,1,1,1,0,1,8.2,Trisakti,0.8,3.8,24,72,"Kos eksklusif putra area Cempaka Putih! Fasilitas lengkap: WiFi, listrik termasuk, parkir, dapur bersama, dan security 24 jam. Kamar 9m² dengan pencahayaan dan ventilasi optimal. Akses mudah ke pusat bisnis Jakarta Pusat. Penjaga aktif 24 jam, CCTV terpasang di area umum. Hanya 8.2 km ke kampus terdekat. Daftar sekarang!","Oke secara keseluruhan. WiFi kencang dan stabil. Keamanan 24 jam membuat tenang. Ada plus minusnya, tapi tidak mengecewakan. Lumayan untuk jangka panjang.",assets/kos_photos/kos_0482.jpg,-6.156415,106.817395
KOS-0483,Kos Sawah Besar 483,Jakarta Pusat,Sawah Besar,2250000,Putri,9,1,0,1,0,1,0,1,0,6.2,Tarumanagara,4.6,4.5,28,174,"Kos eksklusif putri area Sawah Besar! Fasilitas lengkap: AC, WiFi, parkir, dan laundry. Kamar 9m² dengan pencahayaan dan ventilasi optimal. Akses mudah ke pusat bisnis Jakarta Pusat. Penjaga aktif 24 jam, CCTV terpasang di area umum. Hanya 6.2 km ke kampus terdekat. Daftar sekarang!","Baru 12 minggu tapi sudah betah banget. WiFi kencang dan stabil. AC dingin, tidak berisik. Air bersih dan lancar, listrik stabil, tidak pernah mati. Harga sepadan.",assets/kos_photos/kos_0483.jpg,-6.18615,106.841849
KOS-0484,Kos Kemayoran 484,Jakarta Pusat,Kemayoran,2900000,Putra,12,1,0,1,1,1,1,0,1,5.6,Universitas Indonesia Salemba,0.3,4.5,12,147,"Tersedia kamar kos putra di kawasan Kemayoran, Jakarta Pusat. Luas kamar 12m², fasilitas: AC, WiFi, listrik termasuk, parkir, dapur bersama, dan security 24 jam. Dekat kampus (5.6 km) dan transportasi umum (0.3 km). Lingkungan tenang, pemilik kos ramah dan responsif. Harga sudah mencakup biaya perawatan fasilitas bersama. Ideal untuk pelajar yang baru merantau.","Baru 6 minggu tapi sudah betah banget. WiFi kencang dan stabil. AC dingin, tidak berisik. Air bersih dan lancar, listrik stabil, tidak pernah mati. Harga sepadan.",assets/kos_photos/kos_0484.jpg,-6.226151,106.838178
KOS-0485,Kos Cempaka Putih 485,Jakarta Pusat,Cempaka Putih,3500000,Putri,18,1,1,1,0,0,0,1,1,1.7,Trisakti,4.3,4.7,19,155,"Tersedia kamar kos putri di kawasan Cempaka Putih, Jakarta Pusat. Luas kamar 18m², fasilitas: AC, kamar mandi dalam, WiFi, laundry, dan security 24 jam. Dekat kampus (1.7 km) dan transportasi umum (4.3 km). Lingkungan tenang, pemilik kos ramah dan responsif. Harga sudah mencakup biaya perawatan fasilitas bersama. Ideal untuk pelajar yang baru merantau.","Baru 6 minggu tapi sudah betah banget. WiFi kencang dan stabil. AC dingin, tidak berisik. Air bersih dan lancar, listrik stabil, tidak pernah mati. Harga sepadan.",assets/kos_photos/kos_0485.jpg,-6.191885,106.794424
KOS-0486,Kos Senen 486,Jakarta Pusat,Senen,2850000,Putri,9,0,1,1,0,0,0,1,1,2.9,Tarumanagara,3.4,4.5,24,47,"Hunian nyaman di jantung Jakarta Pusat. Kos putri dengan kamar mandi dalam, WiFi, laundry, dan security 24 jam. Ukuran kamar 9m², cukup untuk bekerja dan beristirahat. Bebas banjir, akses 24 jam. Jarak ke transportasi umum hanya 3.4 km. Cocok untuk profesional muda yang aktif.","Kos paling nyaman selama kuliah di Jakarta. WiFi kencang dan stabil. Kamar mandi pribadi sangat nyaman. Lingkungan bersih dan aman, tidak pernah ada masalah keamanan. Sangat recommended untuk mahasiswa baru!",assets/kos_photos/kos_0486.jpg,-6.20435,106.827785
KOS-0487,Kos Kemayoran 487,Jakarta Pusat,Kemayoran,3000000,Putra,24,0,1,1,0,1,0,0,0,3.0,Tarumanagara,1.8,3.8,22,135,"Hunian nyaman di jantung Jakarta Pusat. Kos putra dengan kamar mandi dalam, WiFi, dan parkir. Ukuran kamar 24m², cukup untuk bekerja dan beristirahat. Bebas banjir, akses 24 jam. Jarak ke transportasi umum hanya 1.8 km. Cocok untuk profesional muda yang aktif.","Oke secara keseluruhan. WiFi kencang dan stabil. Kamar mandi pribadi sangat nyaman. Ada plus minusnya, tapi tidak mengecewakan. Lumayan untuk jangka panjang.",assets/kos_photos/kos_0487.jpg,-6.211835,106.821355
KOS-0488,Kos Menteng 488,Jakarta Pusat,Menteng,1700000,Putra,15,0,0,1,0,1,1,0,0,6.2,Trisakti,3.3,3.6,21,69,"Kos putra strategis di Menteng, Jakarta Pusat. Kamar 15m² dilengkapi WiFi, parkir, dan dapur bersama. Lokasi hanya 6.2 km dari kampus dan 3.3 km dari moda transportasi umum. Suasana bersih, aman, dan nyaman. Cocok untuk mahasiswa maupun pekerja muda yang menginginkan hunian berkualitas dengan harga terjangkau.","Lumayan sesuai harga yang dibayar. WiFi kencang dan stabil. Respons pemilik kadang agak lambat, tapi fasilitas tetap terjaga.",assets/kos_photos/kos_0488.jpg,-6.170195,106.821342
KOS-0489,Kos Gambir 489,Jakarta Pusat,Gambir,2800000,Putri,9,0,1,1,1,1,0,0,0,4.0,Trisakti,1.8,4.9,18,144,"Kos bersih dan terawat di Gambir, Jakarta Pusat. Kamar putri berukuran 9m² tersedia dengan fasilitas kamar mandi dalam, WiFi, listrik termasuk, dan parkir. Pengelolaan profesional, kontrak fleksibel per bulan. Jarak 4.0 km dari kampus, 1.8 km dari halte atau stasiun. Survei gratis, hubungi pemilik sekarang!","Sudah 6 bulan di sini, sangat puas! Kamar bersih dan wangi. WiFi kencang dan stabil. Kamar mandi pribadi sangat nyaman. Pemilik kos sigap menangani keluhan. Sangat direkomendasikan!",assets/kos_photos/kos_0489.jpg,-6.189735,106.856626
KOS-0490,Kos Tanah Abang 490,Jakarta Pusat,Tanah Abang,2550000,Putri,9,0,0,0,1,0,0,1,0,8.7,Trisakti,1.6,3.8,5,132,"Hunian nyaman di jantung Jakarta Pusat. Kos putri dengan listrik termasuk dan laundry. Ukuran kamar 9m², cukup untuk bekerja dan beristirahat. Bebas banjir, akses 24 jam. Jarak ke transportasi umum hanya 1.6 km. Cocok untuk profesional muda yang aktif.",Cukup nyaman untuk kebutuhan sehari-hari. Fasilitas standar terpenuhi. Harga standar untuk area sini. Cocok untuk yang budget terbatas.,assets/kos_photos/kos_0490.jpg,-6.190081,106.800251
KOS-0491,Kos Cempaka Putih 491,Jakarta Pusat,Cempaka Putih,2550000,Putra,9,0,1,1,0,1,1,1,1,5.6,Universitas Indonesia Salemba,2.4,4.6,16,143,"Kos eksklusif putra area Cempaka Putih! Fasilitas lengkap: kamar mandi dalam, WiFi, parkir, dapur bersama, laundry, dan security 24 jam. Kamar 9m² dengan pencahayaan dan ventilasi optimal. Akses mudah ke pusat bisnis Jakarta Pusat. Penjaga aktif 24 jam, CCTV terpasang di area umum. Hanya 5.6 km ke kampus terdekat. Daftar sekarang!","Kos paling nyaman selama kuliah di Jakarta. WiFi kencang dan stabil. Kamar mandi pribadi sangat nyaman. Lingkungan bersih dan aman, tidak pernah ada masalah keamanan. Sangat recommended untuk mahasiswa baru!",assets/kos_photos/kos_0491.jpg,-6.181739,106.803574
KOS-0492,Kos Senen 492,Jakarta Pusat,Senen,2750000,Campur,12,1,0,1,0,1,0,0,0,4.4,Universitas Indonesia Salemba,0.4,4.3,10,19,"Hunian nyaman di jantung Jakarta Pusat. Kos campur dengan AC, WiFi, dan parkir. Ukuran kamar 12m², cukup untuk bekerja dan beristirahat. Bebas banjir, akses 24 jam. Jarak ke transportasi umum hanya 0.4 km. Cocok untuk profesional muda yang aktif.","Kos paling nyaman selama kuliah di Jakarta. WiFi kencang dan stabil. AC dingin, tidak berisik. Lingkungan bersih dan aman, tidak pernah ada masalah keamanan. Sangat recommended untuk mahasiswa baru!",assets/kos_photos/kos_0492.jpg,-6.126835,106.791357
KOS-0493,Kos Kemayoran 493,Jakarta Pusat,Kemayoran,2150000,Putra,15,0,1,1,0,1,0,0,0,5.6,Universitas Indonesia Salemba,0.9,3.8,19,186,"Kos putra strategis di Kemayoran, Jakarta Pusat. Kamar 15m² dilengkapi kamar mandi dalam, WiFi, dan parkir. Lokasi hanya 5.6 km dari kampus dan 0.9 km dari moda transportasi umum. Suasana bersih, aman, dan nyaman. Cocok untuk mahasiswa maupun pekerja muda yang menginginkan hunian berkualitas dengan harga terjangkau.","Oke secara keseluruhan. WiFi kencang dan stabil. Kamar mandi pribadi sangat nyaman. Ada plus minusnya, tapi tidak mengecewakan. Lumayan untuk jangka panjang.",assets/kos_photos/kos_0493.jpg,-6.214399,106.822465
KOS-0494,Kos Tanah Abang 494,Jakarta Pusat,Tanah Abang,2300000,Putra,12,1,0,0,0,0,0,0,0,6.3,Trisakti,4.8,4.4,13,90,"Hunian nyaman di jantung Jakarta Pusat. Kos putra dengan AC. Ukuran kamar 12m², cukup untuk bekerja dan beristirahat. Bebas banjir, akses 24 jam. Jarak ke transportasi umum hanya 4.8 km. Cocok untuk profesional muda yang aktif.","Sudah 8 bulan di sini, sangat puas! Kamar bersih dan wangi. AC dingin, tidak berisik. Pemilik kos sigap menangani keluhan. Sangat direkomendasikan!",assets/kos_photos/kos_0494.jpg,-6.180279,106.882373
KOS-0495,Kos Sawah Besar 495,Jakarta Pusat,Sawah Besar,3450000,Putri,15,1,1,1,1,1,1,0,1,8.4,Universitas Indonesia Salemba,3.8,3.5,9,40,"Kos putri strategis di Sawah Besar, Jakarta Pusat. Kamar 15m² dilengkapi AC, kamar mandi dalam, WiFi, listrik termasuk, parkir, dapur bersama, dan security 24 jam. Lokasi hanya 8.4 km dari kampus dan 3.8 km dari moda transportasi umum. Suasana bersih, aman, dan nyaman. Cocok untuk mahasiswa maupun pekerja muda yang menginginkan hunian berkualitas dengan harga terjangkau.","Lumayan sesuai harga yang dibayar. WiFi kencang dan stabil. AC dingin, tidak berisik. Respons pemilik kadang agak lambat, tapi fasilitas tetap terjaga.",assets/kos_photos/kos_0495.jpg,-6.179705,106.860423
KOS-0496,Kos Menteng 496,Jakarta Pusat,Menteng,3350000,Putri,12,1,1,1,1,1,1,0,0,2.0,Trisakti,4.1,3.9,18,125,"Kos bersih dan terawat di Menteng, Jakarta Pusat. Kamar putri berukuran 12m² tersedia dengan fasilitas AC, kamar mandi dalam, WiFi, listrik termasuk, parkir, dan dapur bersama. Pengelolaan profesional, kontrak fleksibel per bulan. Jarak 2.0 km dari kampus, 4.1 km dari halte atau stasiun. Survei gratis, hubungi pemilik sekarang!","Cukup nyaman untuk kebutuhan sehari-hari. WiFi kencang dan stabil. AC dingin, tidak berisik. Harga standar untuk area sini. Cocok untuk yang budget terbatas.",assets/kos_photos/kos_0496.jpg,-6.243093,106.850825
KOS-0497,Kos Gambir 497,Jakarta Pusat,Gambir,3200000,Putra,9,0,1,1,0,1,0,0,1,1.7,Tarumanagara,0.7,3.9,18,58,"Hunian nyaman di jantung Jakarta Pusat. Kos putra dengan kamar mandi dalam, WiFi, parkir, dan security 24 jam. Ukuran kamar 9m², cukup untuk bekerja dan beristirahat. Bebas banjir, akses 24 jam. Jarak ke transportasi umum hanya 0.7 km. Cocok untuk profesional muda yang aktif.","Lumayan sesuai harga yang dibayar. WiFi kencang dan stabil. Kamar mandi pribadi sangat nyaman. Respons pemilik kadang agak lambat, tapi fasilitas tetap terjaga.",assets/kos_photos/kos_0497.jpg,-6.211517,106.837965
KOS-0498,Kos Tanah Abang 498,Jakarta Pusat,Tanah Abang,2450000,Putra,12,0,0,1,0,1,0,1,0,1.2,Tarumanagara,0.3,4.9,11,58,"Tersedia kamar kos putra di kawasan Tanah Abang, Jakarta Pusat. Luas kamar 12m², fasilitas: WiFi, parkir, dan laundry. Dekat kampus (1.2 km) dan transportasi umum (0.3 km). Lingkungan tenang, pemilik kos ramah dan responsif. Harga sudah mencakup biaya perawatan fasilitas bersama. Ideal untuk pelajar yang baru merantau.","Sudah 2 bulan di sini, sangat puas! Kamar bersih dan wangi. WiFi kencang dan stabil. Pemilik kos sigap menangani keluhan. Sangat direkomendasikan!",assets/kos_photos/kos_0498.jpg,-6.171043,106.80134
KOS-0499,Kos Johar Baru 499,Jakarta Pusat,Johar Baru,2600000,Campur,12,1,1,0,1,0,1,0,0,6.8,Tarumanagara,2.9,4.6,25,100,"Kos campur strategis di Johar Baru, Jakarta Pusat. Kamar 12m² dilengkapi AC, kamar mandi dalam, listrik termasuk, dan dapur bersama. Lokasi hanya 6.8 km dari kampus dan 2.9 km dari moda transportasi umum. Suasana bersih, aman, dan nyaman. Cocok untuk mahasiswa maupun pekerja muda yang menginginkan hunian berkualitas dengan harga terjangkau.","Sudah 2 tahun tinggal di sini dan tidak mau pindah. AC dingin, tidak berisik. Kamar mandi pribadi sangat nyaman. Lingkungan aman dan nyaman, penghuni dipilih secara selektif.",assets/kos_photos/kos_0499.jpg,-6.221142,106.818232
KOS-0500,Kos Tanah Abang 500,Jakarta Pusat,Tanah Abang,2700000,Putra,12,1,0,0,1,1,0,0,1,7.8,Trisakti,1.4,4.5,28,18,"Kos putra strategis di Tanah Abang, Jakarta Pusat. Kamar 12m² dilengkapi AC, listrik termasuk, parkir, dan security 24 jam. Lokasi hanya 7.8 km dari kampus dan 1.4 km dari moda transportasi umum. Suasana bersih, aman, dan nyaman. Cocok untuk mahasiswa maupun pekerja muda yang menginginkan hunian berkualitas dengan harga terjangkau.","Baru 12 minggu tapi sudah betah banget. AC dingin, tidak berisik. Keamanan 24 jam membuat tenang. Air bersih dan lancar, listrik stabil, tidak pernah mati. Harga sepadan.",assets/kos_photos/kos_0500.jpg,-6.18376,106.811287
KOS-0501,Kos Cempaka Putih 501,Jakarta Pusat,Cempaka Putih,2300000,Putra,15,1,0,1,1,0,0,0,0,3.5,Tarumanagara,2.4,4.0,28,58,"Kos eksklusif putra area Cempaka Putih! Fasilitas lengkap: AC, WiFi, dan listrik termasuk. Kamar 15m² dengan pencahayaan dan ventilasi optimal. Akses mudah ke pusat bisnis Jakarta Pusat. Penjaga aktif 24 jam, CCTV terpasang di area umum. Hanya 3.5 km ke kampus terdekat. Daftar sekarang!","Sudah 6 tahun tinggal di sini dan tidak mau pindah. WiFi kencang dan stabil. AC dingin, tidak berisik. Lingkungan aman dan nyaman, penghuni dipilih secara selektif.",assets/kos_photos/kos_0501.jpg,-6.184368,106.835738
KOS-0502,Kos Johar Baru 502,Jakarta Pusat,Johar Baru,3550000,Putri,20,1,1,1,0,0,0,0,1,0.9,Universitas Indonesia Salemba,2.6,3.6,24,166,"Hunian nyaman di jantung Jakarta Pusat. Kos putri dengan AC, kamar mandi dalam, WiFi, dan security 24 jam. Ukuran kamar 20m², cukup untuk bekerja dan beristirahat. Bebas banjir, akses 24 jam. Jarak ke transportasi umum hanya 2.6 km. Cocok untuk profesional muda yang aktif.","Oke secara keseluruhan. WiFi kencang dan stabil. AC dingin, tidak berisik. Ada plus minusnya, tapi tidak mengecewakan. Lumayan untuk jangka panjang.",assets/kos_photos/kos_0502.jpg,-6.191559,106.798751
KOS-0503,Kos Senen 503,Jakarta Pusat,Senen,2750000,Campur,12,0,1,0,1,1,1,0,0,0.8,Tarumanagara,3.5,3.8,23,178,"Kos campur strategis di Senen, Jakarta Pusat. Kamar 12m² dilengkapi kamar mandi dalam, listrik termasuk, parkir, dan dapur bersama. Lokasi hanya 0.8 km dari kampus dan 3.5 km dari moda transportasi umum. Suasana bersih, aman, dan nyaman. Cocok untuk mahasiswa maupun pekerja muda yang menginginkan hunian berkualitas dengan harga terjangkau.",Cukup nyaman untuk kebutuhan sehari-hari. Kamar mandi pribadi sangat nyaman. Harga standar untuk area sini. Cocok untuk yang budget terbatas.,assets/kos_photos/kos_0503.jpg,-6.163334,106.800592
KOS-0504,Kos Menteng 504,Jakarta Pusat,Menteng,2300000,Putri,15,1,0,1,1,1,1,1,0,6.6,Tarumanagara,3.6,4.9,15,51,"Hunian nyaman di jantung Jakarta Pusat. Kos putri dengan AC, WiFi, listrik termasuk, parkir, dapur bersama, dan laundry. Ukuran kamar 15m², cukup untuk bekerja dan beristirahat. Bebas banjir, akses 24 jam. Jarak ke transportasi umum hanya 3.6 km. Cocok untuk profesional muda yang aktif.","Baru 3 minggu tapi sudah betah banget. WiFi kencang dan stabil. AC dingin, tidak berisik. Air bersih dan lancar, listrik stabil, tidak pernah mati. Harga sepadan.",assets/kos_photos/kos_0504.jpg,-6.183416,106.825084
KOS-0505,Kos Kemayoran 505,Jakarta Pusat,Kemayoran,2600000,Putra,12,0,1,1,1,1,0,0,0,4.3,Tarumanagara,1.1,4.8,16,120,"Kos bersih dan terawat di Kemayoran, Jakarta Pusat. Kamar putra berukuran 12m² tersedia dengan fasilitas kamar mandi dalam, WiFi, listrik termasuk, dan parkir. Pengelolaan profesional, kontrak fleksibel per bulan. Jarak 4.3 km dari kampus, 1.1 km dari halte atau stasiun. Survei gratis, hubungi pemilik sekarang!","Baru 12 minggu tapi sudah betah banget. WiFi kencang dan stabil. Kamar mandi pribadi sangat nyaman. Air bersih dan lancar, listrik stabil, tidak pernah mati. Harga sepadan.",assets/kos_photos/kos_0505.jpg,-6.173535,106.802005
KOS-0506,Kos Menteng 506,Jakarta Pusat,Menteng,2100000,Putri,12,1,0,1,1,1,0,0,0,8.8,Trisakti,3.5,4.1,27,138,"Kos bersih dan terawat di Menteng, Jakarta Pusat. Kamar putri berukuran 12m² tersedia dengan fasilitas AC, WiFi, listrik termasuk, dan parkir. Pengelolaan profesional, kontrak fleksibel per bulan. Jarak 8.8 km dari kampus, 3.5 km dari halte atau stasiun. Survei gratis, hubungi pemilik sekarang!","Lokasi sangat strategis, ke mana-mana mudah dijangkau. WiFi kencang dan stabil. AC dingin, tidak berisik. Harga sangat worth it untuk fasilitasnya. Teman sesama penghuni juga asik.",assets/kos_photos/kos_0506.jpg,-6.200625,106.842645
KOS-0507,Kos Tanah Abang 507,Jakarta Pusat,Tanah Abang,2150000,Campur,15,0,1,0,1,1,1,0,1,5.3,Universitas Indonesia Salemba,3.7,4.8,15,104,"Hunian nyaman di jantung Jakarta Pusat. Kos campur dengan kamar mandi dalam, listrik termasuk, parkir, dapur bersama, dan security 24 jam. Ukuran kamar 15m², cukup untuk bekerja dan beristirahat. Bebas banjir, akses 24 jam. Jarak ke transportasi umum hanya 3.7 km. Cocok untuk profesional muda yang aktif.","Sudah 2 tahun tinggal di sini dan tidak mau pindah. Kamar mandi pribadi sangat nyaman. Keamanan 24 jam membuat tenang. Lingkungan aman dan nyaman, penghuni dipilih secara selektif.",assets/kos_photos/kos_0507.jpg,-6.163879,106.815437
KOS-0508,Kos Kemayoran 508,Jakarta Pusat,Kemayoran,2500000,Putri,12,0,1,1,1,0,1,0,0,8.7,Trisakti,4.7,4.7,17,88,"Tersedia kamar kos putri di kawasan Kemayoran, Jakarta Pusat. Luas kamar 12m², fasilitas: kamar mandi dalam, WiFi, listrik termasuk, dan dapur bersama. Dekat kampus (8.7 km) dan transportasi umum (4.7 km). Lingkungan tenang, pemilik kos ramah dan responsif. Harga sudah mencakup biaya perawatan fasilitas bersama. Ideal untuk pelajar yang baru merantau.","Lokasi sangat strategis, ke mana-mana mudah dijangkau. WiFi kencang dan stabil. Kamar mandi pribadi sangat nyaman. Harga sangat worth it untuk fasilitasnya. Teman sesama penghuni juga asik.",assets/kos_photos/kos_0508.jpg,-6.200341,106.86228
KOS-0509,Kos Menteng 509,Jakarta Pusat,Menteng,3000000,Putri,18,0,1,0,1,1,0,0,1,3.0,Universitas Indonesia Salemba,2.7,4.3,21,141,"Kos putri strategis di Menteng, Jakarta Pusat. Kamar 18m² dilengkapi kamar mandi dalam, listrik termasuk, parkir, dan security 24 jam. Lokasi hanya 3.0 km dari kampus dan 2.7 km dari moda transportasi umum. Suasana bersih, aman, dan nyaman. Cocok untuk mahasiswa maupun pekerja muda yang menginginkan hunian berkualitas dengan harga terjangkau.","Baru 24 minggu tapi sudah betah banget. Kamar mandi pribadi sangat nyaman. Keamanan 24 jam membuat tenang. Air bersih dan lancar, listrik stabil, tidak pernah mati. Harga sepadan.",assets/kos_photos/kos_0509.jpg,-6.143451,106.891491
KOS-0510,Kos Kemayoran 510,Jakarta Pusat,Kemayoran,2500000,Putri,15,0,1,1,1,1,0,0,0,7.0,Tarumanagara,2.0,4.7,14,35,"Kos putri strategis di Kemayoran, Jakarta Pusat. Kamar 15m² dilengkapi kamar mandi dalam, WiFi, listrik termasuk, dan parkir. Lokasi hanya 7.0 km dari kampus dan 2.0 km dari moda transportasi umum. Suasana bersih, aman, dan nyaman. Cocok untuk mahasiswa maupun pekerja muda yang menginginkan hunian berkualitas dengan harga terjangkau.","Kos paling nyaman selama kuliah di Jakarta. WiFi kencang dan stabil. Kamar mandi pribadi sangat nyaman. Lingkungan bersih dan aman, tidak pernah ada masalah keamanan. Sangat recommended untuk mahasiswa baru!",assets/kos_photos/kos_0510.jpg,-6.215605,106.81536
KOS-0511,Kos Sawah Besar 511,Jakarta Pusat,Sawah Besar,3700000,Putri,15,1,1,1,1,1,0,0,1,1.4,Trisakti,4.8,4.3,9,83,"Kos putri strategis di Sawah Besar, Jakarta Pusat. Kamar 15m² dilengkapi AC, kamar mandi dalam, WiFi, listrik termasuk, parkir, dan security 24 jam. Lokasi hanya 1.4 km dari kampus dan 4.8 km dari moda transportasi umum. Suasana bersih, aman, dan nyaman. Cocok untuk mahasiswa maupun pekerja muda yang menginginkan hunian berkualitas dengan harga terjangkau.","Kos paling nyaman selama kuliah di Jakarta. WiFi kencang dan stabil. AC dingin, tidak berisik. Lingkungan bersih dan aman, tidak pernah ada masalah keamanan. Sangat recommended untuk mahasiswa baru!",assets/kos_photos/kos_0511.jpg,-6.212629,106.808503
KOS-0512,Kos Senen 512,Jakarta Pusat,Senen,2950000,Putra,12,1,1,1,0,1,0,0,1,1.3,Trisakti,0.5,3.7,5,114,"Kos putra strategis di Senen, Jakarta Pusat. Kamar 12m² dilengkapi AC, kamar mandi dalam, WiFi, parkir, dan security 24 jam. Lokasi hanya 1.3 km dari kampus dan 0.5 km dari moda transportasi umum. Suasana bersih, aman, dan nyaman. Cocok untuk mahasiswa maupun pekerja muda yang menginginkan hunian berkualitas dengan harga terjangkau.","Lumayan sesuai harga yang dibayar. WiFi kencang dan stabil. AC dingin, tidak berisik. Respons pemilik kadang agak lambat, tapi fasilitas tetap terjaga.",assets/kos_photos/kos_0512.jpg,-6.165147,106.811856
KOS-0513,Kos Gambir 513,Jakarta Pusat,Gambir,3150000,Putra,24,1,0,1,0,1,0,0,1,4.5,Trisakti,1.9,4.7,24,54,"Kos bersih dan terawat di Gambir, Jakarta Pusat. Kamar putra berukuran 24m² tersedia dengan fasilitas AC, WiFi, parkir, dan security 24 jam. Pengelolaan profesional, kontrak fleksibel per bulan. Jarak 4.5 km dari kampus, 1.9 km dari halte atau stasiun. Survei gratis, hubungi pemilik sekarang!","Kos paling nyaman selama kuliah di Jakarta. WiFi kencang dan stabil. AC dingin, tidak berisik. Lingkungan bersih dan aman, tidak pernah ada masalah keamanan. Sangat recommended untuk mahasiswa baru!",assets/kos_photos/kos_0513.jpg,-6.197485,106.8366
KOS-0514,Kos Sawah Besar 514,Jakarta Pusat,Sawah Besar,3700000,Putri,12,1,1,1,1,0,0,0,1,5.4,Trisakti,2.3,4.0,15,58,"Kos eksklusif putri area Sawah Besar! Fasilitas lengkap: AC, kamar mandi dalam, WiFi, listrik termasuk, dan security 24 jam. Kamar 12m² dengan pencahayaan dan ventilasi optimal. Akses mudah ke pusat bisnis Jakarta Pusat. Penjaga aktif 24 jam, CCTV terpasang di area umum. Hanya 5.4 km ke kampus terdekat. Daftar sekarang!","Sudah 8 tahun tinggal di sini dan tidak mau pindah. WiFi kencang dan stabil. AC dingin, tidak berisik. Lingkungan aman dan nyaman, penghuni dipilih secara selektif.",assets/kos_photos/kos_0514.jpg,-6.158212,106.842223
KOS-0515,Kos Johar Baru 515,Jakarta Pusat,Johar Baru,3050000,Campur,15,1,0,1,1,1,0,0,1,7.5,Tarumanagara,1.1,4.9,13,38,"Kos bersih dan terawat di Johar Baru, Jakarta Pusat. Kamar campur berukuran 15m² tersedia dengan fasilitas AC, WiFi, listrik termasuk, parkir, dan security 24 jam. Pengelolaan profesional, kontrak fleksibel per bulan. Jarak 7.5 km dari kampus, 1.1 km dari halte atau stasiun. Survei gratis, hubungi pemilik sekarang!","Baru 2 minggu tapi sudah betah banget. WiFi kencang dan stabil. AC dingin, tidak berisik. Air bersih dan lancar, listrik stabil, tidak pernah mati. Harga sepadan.",assets/kos_photos/kos_0515.jpg,-6.180933,106.806764
KOS-0516,Kos Menteng 516,Jakarta Pusat,Menteng,3300000,Putra,12,1,1,1,0,1,1,1,1,5.0,Trisakti,1.8,3.7,17,9,"Kos putra strategis di Menteng, Jakarta Pusat. Kamar 12m² dilengkapi AC, kamar mandi dalam, WiFi, parkir, dapur bersama, laundry, dan security 24 jam. Lokasi hanya 5.0 km dari kampus dan 1.8 km dari moda transportasi umum. Suasana bersih, aman, dan nyaman. Cocok untuk mahasiswa maupun pekerja muda yang menginginkan hunian berkualitas dengan harga terjangkau.","Oke secara keseluruhan. WiFi kencang dan stabil. AC dingin, tidak berisik. Ada plus minusnya, tapi tidak mengecewakan. Lumayan untuk jangka panjang.",assets/kos_photos/kos_0516.jpg,-6.183814,106.773891
KOS-0517,Kos Senen 517,Jakarta Pusat,Senen,2800000,Putra,9,0,1,1,0,1,1,0,1,9.4,Tarumanagara,2.0,4.0,14,74,"Kos bersih dan terawat di Senen, Jakarta Pusat. Kamar putra berukuran 9m² tersedia dengan fasilitas kamar mandi dalam, WiFi, parkir, dapur bersama, dan security 24 jam. Pengelolaan profesional, kontrak fleksibel per bulan. Jarak 9.4 km dari kampus, 2.0 km dari halte atau stasiun. Survei gratis, hubungi pemilik sekarang!","Sudah 8 tahun tinggal di sini dan tidak mau pindah. WiFi kencang dan stabil. Kamar mandi pribadi sangat nyaman. Lingkungan aman dan nyaman, penghuni dipilih secara selektif.",assets/kos_photos/kos_0517.jpg,-6.169006,106.865122
KOS-0518,Kos Sawah Besar 518,Jakarta Pusat,Sawah Besar,3100000,Putri,12,0,0,1,0,1,1,0,1,5.0,Universitas Indonesia Salemba,3.1,4.8,6,117,"Kos eksklusif putri area Sawah Besar! Fasilitas lengkap: WiFi, parkir, dapur bersama, dan security 24 jam. Kamar 12m² dengan pencahayaan dan ventilasi optimal. Akses mudah ke pusat bisnis Jakarta Pusat. Penjaga aktif 24 jam, CCTV terpasang di area umum. Hanya 5.0 km ke kampus terdekat. Daftar sekarang!","Sudah 2 bulan di sini, sangat puas! Kamar bersih dan wangi. WiFi kencang dan stabil. Keamanan 24 jam membuat tenang. Pemilik kos sigap menangani keluhan. Sangat direkomendasikan!",assets/kos_photos/kos_0518.jpg,-6.178661,106.860188
KOS-0519,Kos Kemayoran 519,Jakarta Pusat,Kemayoran,2800000,Putri,12,1,0,1,0,1,1,1,0,3.1,Trisakti,3.9,4.0,22,110,"Tersedia kamar kos putri di kawasan Kemayoran, Jakarta Pusat. Luas kamar 12m², fasilitas: AC, WiFi, parkir, dapur bersama, dan laundry. Dekat kampus (3.1 km) dan transportasi umum (3.9 km). Lingkungan tenang, pemilik kos ramah dan responsif. Harga sudah mencakup biaya perawatan fasilitas bersama. Ideal untuk pelajar yang baru merantau.","Baru 8 minggu tapi sudah betah banget. WiFi kencang dan stabil. AC dingin, tidak berisik. Air bersih dan lancar, listrik stabil, tidak pernah mati. Harga sepadan.",assets/kos_photos/kos_0519.jpg,-6.186398,106.841646
KOS-0520,Kos Cempaka Putih 520,Jakarta Pusat,Cempaka Putih,2200000,Putra,15,0,0,1,0,1,0,1,1,8.3,Universitas Indonesia Salemba,3.3,3.8,29,128,"Hunian nyaman di jantung Jakarta Pusat. Kos putra dengan WiFi, parkir, laundry, dan security 24 jam. Ukuran kamar 15m², cukup untuk bekerja dan beristirahat. Bebas banjir, akses 24 jam. Jarak ke transportasi umum hanya 3.3 km. Cocok untuk profesional muda yang aktif.","Lumayan sesuai harga yang dibayar. WiFi kencang dan stabil. Keamanan 24 jam membuat tenang. Respons pemilik kadang agak lambat, tapi fasilitas tetap terjaga.",assets/kos_photos/kos_0520.jpg,-6.194342,106.826617
KOS-0521,Kos Cempaka Putih 521,Jakarta Pusat,Cempaka Putih,2100000,Putra,9,1,0,1,0,0,0,0,1,3.0,Tarumanagara,2.3,4.4,24,169,"Kos eksklusif putra area Cempaka Putih! Fasilitas lengkap: AC, WiFi, dan security 24 jam. Kamar 9m² dengan pencahayaan dan ventilasi optimal. Akses mudah ke pusat bisnis Jakarta Pusat. Penjaga aktif 24 jam, CCTV terpasang di area umum. Hanya 3.0 km ke kampus terdekat. Daftar sekarang!","Baru 3 minggu tapi sudah betah banget. WiFi kencang dan stabil. AC dingin, tidak berisik. Air bersih dan lancar, listrik stabil, tidak pernah mati. Harga sepadan.",assets/kos_photos/kos_0521.jpg,-6.200287,106.823725
KOS-0522,Kos Tanah Abang 522,Jakarta Pusat,Tanah Abang,3750000,Putri,24,1,1,0,0,0,0,0,1,2.7,Trisakti,1.7,4.2,24,32,"Tersedia kamar kos putri di kawasan Tanah Abang, Jakarta Pusat. Luas kamar 24m², fasilitas: AC, kamar mandi dalam, dan security 24 jam. Dekat kampus (2.7 km) dan transportasi umum (1.7 km). Lingkungan tenang, pemilik kos ramah dan responsif. Harga sudah mencakup biaya perawatan fasilitas bersama. Ideal untuk pelajar yang baru merantau.","Lokasi sangat strategis, ke mana-mana mudah dijangkau. AC dingin, tidak berisik. Kamar mandi pribadi sangat nyaman. Harga sangat worth it untuk fasilitasnya. Teman sesama penghuni juga asik.",assets/kos_photos/kos_0522.jpg,-6.193811,106.824559
KOS-0523,Kos Menteng 523,Jakarta Pusat,Menteng,3100000,Putri,12,1,0,1,1,1,0,1,1,9.4,Trisakti,0.6,4.7,16,73,"Kos bersih dan terawat di Menteng, Jakarta Pusat. Kamar putri berukuran 12m² tersedia dengan fasilitas AC, WiFi, listrik termasuk, parkir, laundry, dan security 24 jam. Pengelolaan profesional, kontrak fleksibel per bulan. Jarak 9.4 km dari kampus, 0.6 km dari halte atau stasiun. Survei gratis, hubungi pemilik sekarang!","Kos paling nyaman selama kuliah di Jakarta. WiFi kencang dan stabil. AC dingin, tidak berisik. Lingkungan bersih dan aman, tidak pernah ada masalah keamanan. Sangat recommended untuk mahasiswa baru!",assets/kos_photos/kos_0523.jpg,-6.234223,106.846726
KOS-0524,Kos Tanah Abang 524,Jakarta Pusat,Tanah Abang,2400000,Putra,9,1,0,1,0,1,0,1,1,6.1,Tarumanagara,2.8,4.9,16,74,"Hunian nyaman di jantung Jakarta Pusat. Kos putra dengan AC, WiFi, parkir, laundry, dan security 24 jam. Ukuran kamar 9m², cukup untuk bekerja dan beristirahat. Bebas banjir, akses 24 jam. Jarak ke transportasi umum hanya 2.8 km. Cocok untuk profesional muda yang aktif.","Sudah 3 tahun tinggal di sini dan tidak mau pindah. WiFi kencang dan stabil. AC dingin, tidak berisik. Lingkungan aman dan nyaman, penghuni dipilih secara selektif.",assets/kos_photos/kos_0524.jpg,-6.162182,106.78598
KOS-0525,Kos Sawah Besar 525,Jakarta Pusat,Sawah Besar,2600000,Putra,9,1,1,1,0,1,0,1,0,5.2,Universitas Indonesia Salemba,3.5,4.5,26,150,"Hunian nyaman di jantung Jakarta Pusat. Kos putra dengan AC, kamar mandi dalam, WiFi, parkir, dan laundry. Ukuran kamar 9m², cukup untuk bekerja dan beristirahat. Bebas banjir, akses 24 jam. Jarak ke transportasi umum hanya 3.5 km. Cocok untuk profesional muda yang aktif.","Lokasi sangat strategis, ke mana-mana mudah dijangkau. WiFi kencang dan stabil. AC dingin, tidak berisik. Harga sangat worth it untuk fasilitasnya. Teman sesama penghuni juga asik.",assets/kos_photos/kos_0525.jpg,-6.179355,106.834622
KOS-0526,Kos Kemayoran 526,Jakarta Pusat,Kemayoran,3000000,Putri,12,1,1,0,0,0,1,0,0,2.8,Tarumanagara,1.0,4.2,19,7,"Kos eksklusif putri area Kemayoran! Fasilitas lengkap: AC, kamar mandi dalam, dan dapur bersama. Kamar 12m² dengan pencahayaan dan ventilasi optimal. Akses mudah ke pusat bisnis Jakarta Pusat. Penjaga aktif 24 jam, CCTV terpasang di area umum. Hanya 2.8 km ke kampus terdekat. Daftar sekarang!","Sudah 8 bulan di sini, sangat puas! Kamar bersih dan wangi. AC dingin, tidak berisik. Kamar mandi pribadi sangat nyaman. Pemilik kos sigap menangani keluhan. Sangat direkomendasikan!",assets/kos_photos/kos_0526.jpg,-6.169591,106.858116
KOS-0527,Kos Tanah Abang 527,Jakarta Pusat,Tanah Abang,2500000,Putri,15,1,1,0,0,0,0,0,0,4.1,Trisakti,3.7,4.3,19,84,"Kos eksklusif putri area Tanah Abang! Fasilitas lengkap: AC dan kamar mandi dalam. Kamar 15m² dengan pencahayaan dan ventilasi optimal. Akses mudah ke pusat bisnis Jakarta Pusat. Penjaga aktif 24 jam, CCTV terpasang di area umum. Hanya 4.1 km ke kampus terdekat. Daftar sekarang!","Sudah 6 tahun tinggal di sini dan tidak mau pindah. AC dingin, tidak berisik. Kamar mandi pribadi sangat nyaman. Lingkungan aman dan nyaman, penghuni dipilih secara selektif.",assets/kos_photos/kos_0527.jpg,-6.192721,106.782108
KOS-0528,Kos Cempaka Putih 528,Jakarta Pusat,Cempaka Putih,3200000,Putri,15,1,1,1,1,1,1,0,1,9.7,Universitas Indonesia Salemba,2.4,4.5,9,74,"Tersedia kamar kos putri di kawasan Cempaka Putih, Jakarta Pusat. Luas kamar 15m², fasilitas: AC, kamar mandi dalam, WiFi, listrik termasuk, parkir, dapur bersama, dan security 24 jam. Dekat kampus (9.7 km) dan transportasi umum (2.4 km). Lingkungan tenang, pemilik kos ramah dan responsif. Harga sudah mencakup biaya perawatan fasilitas bersama. Ideal untuk pelajar yang baru merantau.","Lokasi sangat strategis, ke mana-mana mudah dijangkau. WiFi kencang dan stabil. AC dingin, tidak berisik. Harga sangat worth it untuk fasilitasnya. Teman sesama penghuni juga asik.",assets/kos_photos/kos_0528.jpg,-6.170086,106.812809
KOS-0529,Kos Johar Baru 529,Jakarta Pusat,Johar Baru,2150000,Putri,12,1,0,0,1,0,0,0,0,8.9,Universitas Indonesia Salemba,2.1,4.6,5,46,"Kos eksklusif putri area Johar Baru! Fasilitas lengkap: AC dan listrik termasuk. Kamar 12m² dengan pencahayaan dan ventilasi optimal. Akses mudah ke pusat bisnis Jakarta Pusat. Penjaga aktif 24 jam, CCTV terpasang di area umum. Hanya 8.9 km ke kampus terdekat. Daftar sekarang!","Sudah 24 tahun tinggal di sini dan tidak mau pindah. AC dingin, tidak berisik. Lingkungan aman dan nyaman, penghuni dipilih secara selektif.",assets/kos_photos/kos_0529.jpg,-6.164687,106.87377
KOS-0530,Kos Senen 530,Jakarta Pusat,Senen,3650000,Campur,12,1,1,1,1,1,0,0,1,1.2,Tarumanagara,4.9,4.9,19,51,"Kos bersih dan terawat di Senen, Jakarta Pusat. Kamar campur berukuran 12m² tersedia dengan fasilitas AC, kamar mandi dalam, WiFi, listrik termasuk, parkir, dan security 24 jam. Pengelolaan profesional, kontrak fleksibel per bulan. Jarak 1.2 km dari kampus, 4.9 km dari halte atau stasiun. Survei gratis, hubungi pemilik sekarang!","Sudah 6 bulan di sini, sangat puas! Kamar bersih dan wangi. WiFi kencang dan stabil. AC dingin, tidak berisik. Pemilik kos sigap menangani keluhan. Sangat direkomendasikan!",assets/kos_photos/kos_0530.jpg,-6.167518,106.836235
KOS-0531,Kos Sawah Besar 531,Jakarta Pusat,Sawah Besar,2550000,Putra,15,1,1,0,0,1,0,0,1,8.9,Universitas Indonesia Salemba,2.5,4.4,5,185,"Kos putra strategis di Sawah Besar, Jakarta Pusat. Kamar 15m² dilengkapi AC, kamar mandi dalam, parkir, dan security 24 jam. Lokasi hanya 8.9 km dari kampus dan 2.5 km dari moda transportasi umum. Suasana bersih, aman, dan nyaman. Cocok untuk mahasiswa maupun pekerja muda yang menginginkan hunian berkualitas dengan harga terjangkau.","Kos paling nyaman selama kuliah di Jakarta. AC dingin, tidak berisik. Kamar mandi pribadi sangat nyaman. Lingkungan bersih dan aman, tidak pernah ada masalah keamanan. Sangat recommended untuk mahasiswa baru!",assets/kos_photos/kos_0531.jpg,-6.175835,106.849267
KOS-0532,Kos Johar Baru 532,Jakarta Pusat,Johar Baru,3250000,Putra,18,1,0,1,1,0,0,1,1,7.0,Trisakti,2.7,3.8,23,115,"Hunian nyaman di jantung Jakarta Pusat. Kos putra dengan AC, WiFi, listrik termasuk, laundry, dan security 24 jam. Ukuran kamar 18m², cukup untuk bekerja dan beristirahat. Bebas banjir, akses 24 jam. Jarak ke transportasi umum hanya 2.7 km. Cocok untuk profesional muda yang aktif.","Lumayan sesuai harga yang dibayar. WiFi kencang dan stabil. AC dingin, tidak berisik. Respons pemilik kadang agak lambat, tapi fasilitas tetap terjaga.",assets/kos_photos/kos_0532.jpg,-6.192668,106.871757
KOS-0533,Kos Tanah Abang 533,Jakarta Pusat,Tanah Abang,2600000,Putra,15,1,1,1,1,0,0,1,0,4.4,Tarumanagara,4.4,4.0,27,69,"Kos eksklusif putra area Tanah Abang! Fasilitas lengkap: AC, kamar mandi dalam, WiFi, listrik termasuk, dan laundry. Kamar 15m² dengan pencahayaan dan ventilasi optimal. Akses mudah ke pusat bisnis Jakarta Pusat. Penjaga aktif 24 jam, CCTV terpasang di area umum. Hanya 4.4 km ke kampus terdekat. Daftar sekarang!","Sudah 8 bulan di sini, sangat puas! Kamar bersih dan wangi. WiFi kencang dan stabil. AC dingin, tidak berisik. Pemilik kos sigap menangani keluhan. Sangat direkomendasikan!",assets/kos_photos/kos_0533.jpg,-6.200883,106.835075
KOS-0534,Kos Kemayoran 534,Jakarta Pusat,Kemayoran,2650000,Putra,15,1,1,1,0,1,0,1,1,4.1,Tarumanagara,0.2,4.2,20,174,"Kos bersih dan terawat di Kemayoran, Jakarta Pusat. Kamar putra berukuran 15m² tersedia dengan fasilitas AC, kamar mandi dalam, WiFi, parkir, laundry, dan security 24 jam. Pengelolaan profesional, kontrak fleksibel per bulan. Jarak 4.1 km dari kampus, 0.2 km dari halte atau stasiun. Survei gratis, hubungi pemilik sekarang!","Sudah 18 bulan di sini, sangat puas! Kamar bersih dan wangi. WiFi kencang dan stabil. AC dingin, tidak berisik. Pemilik kos sigap menangani keluhan. Sangat direkomendasikan!",assets/kos_photos/kos_0534.jpg,-6.218957,106.783857
KOS-0535,Kos Gambir 535,Jakarta Pusat,Gambir,2150000,Putri,9,0,1,1,0,1,0,0,0,6.9,Trisakti,3.8,3.6,7,20,"Kos bersih dan terawat di Gambir, Jakarta Pusat. Kamar putri berukuran 9m² tersedia dengan fasilitas kamar mandi dalam, WiFi, dan parkir. Pengelolaan profesional, kontrak fleksibel per bulan. Jarak 6.9 km dari kampus, 3.8 km dari halte atau stasiun. Survei gratis, hubungi pemilik sekarang!",Cukup nyaman untuk kebutuhan sehari-hari. WiFi kencang dan stabil. Kamar mandi pribadi sangat nyaman. Harga standar untuk area sini. Cocok untuk yang budget terbatas.,assets/kos_photos/kos_0535.jpg,-6.214158,106.825186
KOS-0536,Kos Johar Baru 536,Jakarta Pusat,Johar Baru,3750000,Putra,18,1,1,1,1,1,0,1,1,4.6,Trisakti,4.2,4.6,15,116,"Kos putra strategis di Johar Baru, Jakarta Pusat. Kamar 18m² dilengkapi AC, kamar mandi dalam, WiFi, listrik termasuk, parkir, laundry, dan security 24 jam. Lokasi hanya 4.6 km dari kampus dan 4.2 km dari moda transportasi umum. Suasana bersih, aman, dan nyaman. Cocok untuk mahasiswa maupun pekerja muda yang menginginkan hunian berkualitas dengan harga terjangkau.","Baru 2 minggu tapi sudah betah banget. WiFi kencang dan stabil. AC dingin, tidak berisik. Air bersih dan lancar, listrik stabil, tidak pernah mati. Harga sepadan.",assets/kos_photos/kos_0536.jpg,-6.180418,106.827317
KOS-0537,Kos Cempaka Putih 537,Jakarta Pusat,Cempaka Putih,2150000,Campur,9,1,1,0,0,1,0,1,0,6.2,Trisakti,2.9,4.7,12,154,"Kos bersih dan terawat di Cempaka Putih, Jakarta Pusat. Kamar campur berukuran 9m² tersedia dengan fasilitas AC, kamar mandi dalam, parkir, dan laundry. Pengelolaan profesional, kontrak fleksibel per bulan. Jarak 6.2 km dari kampus, 2.9 km dari halte atau stasiun. Survei gratis, hubungi pemilik sekarang!","Sudah 2 bulan di sini, sangat puas! Kamar bersih dan wangi. AC dingin, tidak berisik. Kamar mandi pribadi sangat nyaman. Pemilik kos sigap menangani keluhan. Sangat direkomendasikan!",assets/kos_photos/kos_0537.jpg,-6.174322,106.817502
KOS-0538,Kos Sawah Besar 538,Jakarta Pusat,Sawah Besar,3300000,Putra,15,0,1,1,0,1,1,0,1,5.1,Tarumanagara,4.1,4.9,17,20,"Kos bersih dan terawat di Sawah Besar, Jakarta Pusat. Kamar putra berukuran 15m² tersedia dengan fasilitas kamar mandi dalam, WiFi, parkir, dapur bersama, dan security 24 jam. Pengelolaan profesional, kontrak fleksibel per bulan. Jarak 5.1 km dari kampus, 4.1 km dari halte atau stasiun. Survei gratis, hubungi pemilik sekarang!","Lokasi sangat strategis, ke mana-mana mudah dijangkau. WiFi kencang dan stabil. Kamar mandi pribadi sangat nyaman. Harga sangat worth it untuk fasilitasnya. Teman sesama penghuni juga asik.",assets/kos_photos/kos_0538.jpg,-6.176366,106.799876
KOS-0539,Kos Johar Baru 539,Jakarta Pusat,Johar Baru,2050000,Putri,15,1,0,0,0,1,1,0,0,6.9,Universitas Indonesia Salemba,1.0,3.7,19,20,"Kos eksklusif putri area Johar Baru! Fasilitas lengkap: AC, parkir, dan dapur bersama. Kamar 15m² dengan pencahayaan dan ventilasi optimal. Akses mudah ke pusat bisnis Jakarta Pusat. Penjaga aktif 24 jam, CCTV terpasang di area umum. Hanya 6.9 km ke kampus terdekat. Daftar sekarang!","Lumayan sesuai harga yang dibayar. AC dingin, tidak berisik. Respons pemilik kadang agak lambat, tapi fasilitas tetap terjaga.",assets/kos_photos/kos_0539.jpg,-6.213315,106.870113
KOS-0540,Kos Cempaka Putih 540,Jakarta Pusat,Cempaka Putih,3400000,Putri,24,1,1,0,0,0,1,0,1,2.5,Trisakti,2.7,4.9,9,42,"Kos bersih dan terawat di Cempaka Putih, Jakarta Pusat. Kamar putri berukuran 24m² tersedia dengan fasilitas AC, kamar mandi dalam, dapur bersama, dan security 24 jam. Pengelolaan profesional, kontrak fleksibel per bulan. Jarak 2.5 km dari kampus, 2.7 km dari halte atau stasiun. Survei gratis, hubungi pemilik sekarang!","Kos paling nyaman selama kuliah di Jakarta. AC dingin, tidak berisik. Kamar mandi pribadi sangat nyaman. Lingkungan bersih dan aman, tidak pernah ada masalah keamanan. Sangat recommended untuk mahasiswa baru!",assets/kos_photos/kos_0540.jpg,-6.182269,106.829574
KOS-0541,Kos Kemayoran 541,Jakarta Pusat,Kemayoran,2900000,Putri,9,0,1,1,0,1,0,0,1,5.0,Tarumanagara,3.7,4.0,16,107,"Kos bersih dan terawat di Kemayoran, Jakarta Pusat. Kamar putri berukuran 9m² tersedia dengan fasilitas kamar mandi dalam, WiFi, parkir, dan security 24 jam. Pengelolaan profesional, kontrak fleksibel per bulan. Jarak 5.0 km dari kampus, 3.7 km dari halte atau stasiun. Survei gratis, hubungi pemilik sekarang!","Lokasi sangat strategis, ke mana-mana mudah dijangkau. WiFi kencang dan stabil. Kamar mandi pribadi sangat nyaman. Harga sangat worth it untuk fasilitasnya. Teman sesama penghuni juga asik.",assets/kos_photos/kos_0541.jpg,-6.195469,106.840689
KOS-0542,Kos Sawah Besar 542,Jakarta Pusat,Sawah Besar,2450000,Campur,12,1,0,1,1,0,1,1,0,8.5,Tarumanagara,2.2,4.7,11,168,"Hunian nyaman di jantung Jakarta Pusat. Kos campur dengan AC, WiFi, listrik termasuk, dapur bersama, dan laundry. Ukuran kamar 12m², cukup untuk bekerja dan beristirahat. Bebas banjir, akses 24 jam. Jarak ke transportasi umum hanya 2.2 km. Cocok untuk profesional muda yang aktif.","Sudah 24 tahun tinggal di sini dan tidak mau pindah. WiFi kencang dan stabil. AC dingin, tidak berisik. Lingkungan aman dan nyaman, penghuni dipilih secara selektif.",assets/kos_photos/kos_0542.jpg,-6.201605,106.804941
KOS-0543,Kos Sawah Besar 543,Jakarta Pusat,Sawah Besar,3150000,Putra,15,0,1,0,0,1,0,0,1,3.7,Trisakti,1.7,4.5,24,110,"Kos bersih dan terawat di Sawah Besar, Jakarta Pusat. Kamar putra berukuran 15m² tersedia dengan fasilitas kamar mandi dalam, parkir, dan security 24 jam. Pengelolaan profesional, kontrak fleksibel per bulan. Jarak 3.7 km dari kampus, 1.7 km dari halte atau stasiun. Survei gratis, hubungi pemilik sekarang!","Kos paling nyaman selama kuliah di Jakarta. Kamar mandi pribadi sangat nyaman. Keamanan 24 jam membuat tenang. Lingkungan bersih dan aman, tidak pernah ada masalah keamanan. Sangat recommended untuk mahasiswa baru!",assets/kos_photos/kos_0543.jpg,-6.23191,106.853046
KOS-0544,Kos Cempaka Putih 544,Jakarta Pusat,Cempaka Putih,3500000,Putri,18,1,1,1,1,0,1,1,0,5.2,Trisakti,1.7,3.8,16,154,"Tersedia kamar kos putri di kawasan Cempaka Putih, Jakarta Pusat. Luas kamar 18m², fasilitas: AC, kamar mandi dalam, WiFi, listrik termasuk, dapur bersama, dan laundry. Dekat kampus (5.2 km) dan transportasi umum (1.7 km). Lingkungan tenang, pemilik kos ramah dan responsif. Harga sudah mencakup biaya perawatan fasilitas bersama. Ideal untuk pelajar yang baru merantau.","Cukup nyaman untuk kebutuhan sehari-hari. WiFi kencang dan stabil. AC dingin, tidak berisik. Harga standar untuk area sini. Cocok untuk yang budget terbatas.",assets/kos_photos/kos_0544.jpg,-6.226852,106.852921
KOS-0545,Kos Tanah Abang 545,Jakarta Pusat,Tanah Abang,2750000,Campur,18,1,1,0,0,0,0,0,0,2.2,Trisakti,2.2,4.3,12,116,"Tersedia kamar kos campur di kawasan Tanah Abang, Jakarta Pusat. Luas kamar 18m², fasilitas: AC dan kamar mandi dalam. Dekat kampus (2.2 km) dan transportasi umum (2.2 km). Lingkungan tenang, pemilik kos ramah dan responsif. Harga sudah mencakup biaya perawatan fasilitas bersama. Ideal untuk pelajar yang baru merantau.","Kos paling nyaman selama kuliah di Jakarta. AC dingin, tidak berisik. Kamar mandi pribadi sangat nyaman. Lingkungan bersih dan aman, tidak pernah ada masalah keamanan. Sangat recommended untuk mahasiswa baru!",assets/kos_photos/kos_0545.jpg,-6.19762,106.837336
KOS-0546,Kos Tanah Abang 546,Jakarta Pusat,Tanah Abang,3200000,Putri,9,1,0,1,0,1,0,0,0,0.9,Trisakti,3.3,4.2,11,12,"Hunian nyaman di jantung Jakarta Pusat. Kos putri dengan AC, WiFi, dan parkir. Ukuran kamar 9m², cukup untuk bekerja dan beristirahat. Bebas banjir, akses 24 jam. Jarak ke transportasi umum hanya 3.3 km. Cocok untuk profesional muda yang aktif.","Kos paling nyaman selama kuliah di Jakarta. WiFi kencang dan stabil. AC dingin, tidak berisik. Lingkungan bersih dan aman, tidak pernah ada masalah keamanan. Sangat recommended untuk mahasiswa baru!",assets/kos_photos/kos_0546.jpg,-6.212789,106.839791
KOS-0547,Kos Menteng 547,Jakarta Pusat,Menteng,3500000,Campur,12,1,1,1,1,1,1,0,0,3.1,Trisakti,2.5,4.3,23,180,"Kos bersih dan terawat di Menteng, Jakarta Pusat. Kamar campur berukuran 12m² tersedia dengan fasilitas AC, kamar mandi dalam, WiFi, listrik termasuk, parkir, dan dapur bersama. Pengelolaan profesional, kontrak fleksibel per bulan. Jarak 3.1 km dari kampus, 2.5 km dari halte atau stasiun. Survei gratis, hubungi pemilik sekarang!","Kos paling nyaman selama kuliah di Jakarta. WiFi kencang dan stabil. AC dingin, tidak berisik. Lingkungan bersih dan aman, tidak pernah ada masalah keamanan. Sangat recommended untuk mahasiswa baru!",assets/kos_photos/kos_0547.jpg,-6.172629,106.860413
KOS-0548,Kos Johar Baru 548,Jakarta Pusat,Johar Baru,3200000,Campur,20,0,1,1,1,1,0,1,0,6.2,Tarumanagara,4.1,4.5,6,10,"Hunian nyaman di jantung Jakarta Pusat. Kos campur dengan kamar mandi dalam, WiFi, listrik termasuk, parkir, dan laundry. Ukuran kamar 20m², cukup untuk bekerja dan beristirahat. Bebas banjir, akses 24 jam. Jarak ke transportasi umum hanya 4.1 km. Cocok untuk profesional muda yang aktif.","Sudah 3 tahun tinggal di sini dan tidak mau pindah. WiFi kencang dan stabil. Kamar mandi pribadi sangat nyaman. Lingkungan aman dan nyaman, penghuni dipilih secara selektif.",assets/kos_photos/kos_0548.jpg,-6.240101,106.82814
KOS-0549,Kos Tanah Abang 549,Jakarta Pusat,Tanah Abang,2400000,Putra,12,1,1,1,1,0,0,0,0,5.8,Universitas Indonesia Salemba,4.7,4.7,25,78,"Kos putra strategis di Tanah Abang, Jakarta Pusat. Kamar 12m² dilengkapi AC, kamar mandi dalam, WiFi, dan listrik termasuk. Lokasi hanya 5.8 km dari kampus dan 4.7 km dari moda transportasi umum. Suasana bersih, aman, dan nyaman. Cocok untuk mahasiswa maupun pekerja muda yang menginginkan hunian berkualitas dengan harga terjangkau.","Sudah 2 bulan di sini, sangat puas! Kamar bersih dan wangi. WiFi kencang dan stabil. AC dingin, tidak berisik. Pemilik kos sigap menangani keluhan. Sangat direkomendasikan!",assets/kos_photos/kos_0549.jpg,-6.224975,106.846125
KOS-0550,Kos Senen 550,Jakarta Pusat,Senen,2800000,Putri,15,0,0,1,1,0,0,1,1,4.2,Trisakti,1.0,4.9,11,99,"Kos bersih dan terawat di Senen, Jakarta Pusat. Kamar putri berukuran 15m² tersedia dengan fasilitas WiFi, listrik termasuk, laundry, dan security 24 jam. Pengelolaan profesional, kontrak fleksibel per bulan. Jarak 4.2 km dari kampus, 1.0 km dari halte atau stasiun. Survei gratis, hubungi pemilik sekarang!","Baru 24 minggu tapi sudah betah banget. WiFi kencang dan stabil. Keamanan 24 jam membuat tenang. Air bersih dan lancar, listrik stabil, tidak pernah mati. Harga sepadan.",assets/kos_photos/kos_0550.jpg,-6.200064,106.861583
KOS-0551,Kos Kemayoran 551,Jakarta Pusat,Kemayoran,2550000,Putra,9,1,0,1,0,1,0,0,0,1.5,Tarumanagara,3.4,3.8,23,5,"Kos eksklusif putra area Kemayoran! Fasilitas lengkap: AC, WiFi, dan parkir. Kamar 9m² dengan pencahayaan dan ventilasi optimal. Akses mudah ke pusat bisnis Jakarta Pusat. Penjaga aktif 24 jam, CCTV terpasang di area umum. Hanya 1.5 km ke kampus terdekat. Daftar sekarang!","Lumayan sesuai harga yang dibayar. WiFi kencang dan stabil. AC dingin, tidak berisik. Respons pemilik kadang agak lambat, tapi fasilitas tetap terjaga.",assets/kos_photos/kos_0551.jpg,-6.189451,106.850278
KOS-0552,Kos Sawah Besar 552,Jakarta Pusat,Sawah Besar,3000000,Campur,12,0,0,1,1,1,0,1,1,1.8,Universitas Indonesia Salemba,1.2,3.7,22,10,"Kos campur strategis di Sawah Besar, Jakarta Pusat. Kamar 12m² dilengkapi WiFi, listrik termasuk, parkir, laundry, dan security 24 jam. Lokasi hanya 1.8 km dari kampus dan 1.2 km dari moda transportasi umum. Suasana bersih, aman, dan nyaman. Cocok untuk mahasiswa maupun pekerja muda yang menginginkan hunian berkualitas dengan harga terjangkau.",Cukup nyaman untuk kebutuhan sehari-hari. WiFi kencang dan stabil. Keamanan 24 jam membuat tenang. Harga standar untuk area sini. Cocok untuk yang budget terbatas.,assets/kos_photos/kos_0552.jpg,-6.182517,106.823054
KOS-0553,Kos Cempaka Putih 553,Jakarta Pusat,Cempaka Putih,2050000,Putra,12,1,0,1,1,0,0,1,0,5.8,Trisakti,3.0,3.9,16,138,"Hunian nyaman di jantung Jakarta Pusat. Kos putra dengan AC, WiFi, listrik termasuk, dan laundry. Ukuran kamar 12m², cukup untuk bekerja dan beristirahat. Bebas banjir, akses 24 jam. Jarak ke transportasi umum hanya 3.0 km. Cocok untuk profesional muda yang aktif.","Cukup nyaman untuk kebutuhan sehari-hari. WiFi kencang dan stabil. AC dingin, tidak berisik. Harga standar untuk area sini. Cocok untuk yang budget terbatas.",assets/kos_photos/kos_0553.jpg,-6.205711,106.847546
KOS-0554,Kos Gambir 554,Jakarta Pusat,Gambir,2550000,Putri,9,1,1,0,0,1,0,0,1,7.0,Trisakti,4.0,4.9,9,136,"Kos bersih dan terawat di Gambir, Jakarta Pusat. Kamar putri berukuran 9m² tersedia dengan fasilitas AC, kamar mandi dalam, parkir, dan security 24 jam. Pengelolaan profesional, kontrak fleksibel per bulan. Jarak 7.0 km dari kampus, 4.0 km dari halte atau stasiun. Survei gratis, hubungi pemilik sekarang!","Kos paling nyaman selama kuliah di Jakarta. AC dingin, tidak berisik. Kamar mandi pribadi sangat nyaman. Lingkungan bersih dan aman, tidak pernah ada masalah keamanan. Sangat recommended untuk mahasiswa baru!",assets/kos_photos/kos_0554.jpg,-6.156442,106.758609
KOS-0555,Kos Tanah Abang 555,Jakarta Pusat,Tanah Abang,3150000,Campur,9,1,1,1,0,0,1,0,1,9.7,Universitas Indonesia Salemba,4.7,4.5,10,152,"Hunian nyaman di jantung Jakarta Pusat. Kos campur dengan AC, kamar mandi dalam, WiFi, dapur bersama, dan security 24 jam. Ukuran kamar 9m², cukup untuk bekerja dan beristirahat. Bebas banjir, akses 24 jam. Jarak ke transportasi umum hanya 4.7 km. Cocok untuk profesional muda yang aktif.","Baru 12 minggu tapi sudah betah banget. WiFi kencang dan stabil. AC dingin, tidak berisik. Air bersih dan lancar, listrik stabil, tidak pernah mati. Harga sepadan.",assets/kos_photos/kos_0555.jpg,-6.160566,106.826868
KOS-0556,Kos Kemayoran 556,Jakarta Pusat,Kemayoran,2550000,Campur,12,0,1,1,0,1,1,0,1,6.3,Universitas Indonesia Salemba,2.0,4.9,22,168,"Kos campur strategis di Kemayoran, Jakarta Pusat. Kamar 12m² dilengkapi kamar mandi dalam, WiFi, parkir, dapur bersama, dan security 24 jam. Lokasi hanya 6.3 km dari kampus dan 2.0 km dari moda transportasi umum. Suasana bersih, aman, dan nyaman. Cocok untuk mahasiswa maupun pekerja muda yang menginginkan hunian berkualitas dengan harga terjangkau.","Kos paling nyaman selama kuliah di Jakarta. WiFi kencang dan stabil. Kamar mandi pribadi sangat nyaman. Lingkungan bersih dan aman, tidak pernah ada masalah keamanan. Sangat recommended untuk mahasiswa baru!",assets/kos_photos/kos_0556.jpg,-6.160527,106.786762
KOS-0557,Kos Cempaka Putih 557,Jakarta Pusat,Cempaka Putih,3400000,Putri,20,0,1,0,0,1,0,0,1,6.6,Trisakti,2.2,3.8,8,29,"Kos bersih dan terawat di Cempaka Putih, Jakarta Pusat. Kamar putri berukuran 20m² tersedia dengan fasilitas kamar mandi dalam, parkir, dan security 24 jam. Pengelolaan profesional, kontrak fleksibel per bulan. Jarak 6.6 km dari kampus, 2.2 km dari halte atau stasiun. Survei gratis, hubungi pemilik sekarang!","Lumayan sesuai harga yang dibayar. Kamar mandi pribadi sangat nyaman. Keamanan 24 jam membuat tenang. Respons pemilik kadang agak lambat, tapi fasilitas tetap terjaga.",assets/kos_photos/kos_0557.jpg,-6.187578,106.80499
KOS-0558,Kos Tanah Abang 558,Jakarta Pusat,Tanah Abang,2650000,Putra,18,1,0,1,0,0,1,0,0,7.8,Universitas Indonesia Salemba,0.3,4.5,14,130,"Hunian nyaman di jantung Jakarta Pusat. Kos putra dengan AC, WiFi, dan dapur bersama. Ukuran kamar 18m², cukup untuk bekerja dan beristirahat. Bebas banjir, akses 24 jam. Jarak ke transportasi umum hanya 0.3 km. Cocok untuk profesional muda yang aktif.","Lokasi sangat strategis, ke mana-mana mudah dijangkau. WiFi kencang dan stabil. AC dingin, tidak berisik. Harga sangat worth it untuk fasilitasnya. Teman sesama penghuni juga asik.",assets/kos_photos/kos_0558.jpg,-6.164544,106.853111
KOS-0559,Kos Johar Baru 559,Jakarta Pusat,Johar Baru,2350000,Campur,9,0,1,1,0,1,1,0,1,10.0,Tarumanagara,0.8,3.9,26,83,"Kos eksklusif campur area Johar Baru! Fasilitas lengkap: kamar mandi dalam, WiFi, parkir, dapur bersama, dan security 24 jam. Kamar 9m² dengan pencahayaan dan ventilasi optimal. Akses mudah ke pusat bisnis Jakarta Pusat. Penjaga aktif 24 jam, CCTV terpasang di area umum. Hanya 10.0 km ke kampus terdekat. Daftar sekarang!","Lumayan sesuai harga yang dibayar. WiFi kencang dan stabil. Kamar mandi pribadi sangat nyaman. Respons pemilik kadang agak lambat, tapi fasilitas tetap terjaga.",assets/kos_photos/kos_0559.jpg,-6.19629,106.81322
KOS-0560,Kos Tanah Abang 560,Jakarta Pusat,Tanah Abang,3550000,Putra,20,1,1,1,1,1,0,0,0,5.5,Tarumanagara,3.7,4.8,6,113,"Tersedia kamar kos putra di kawasan Tanah Abang, Jakarta Pusat. Luas kamar 20m², fasilitas: AC, kamar mandi dalam, WiFi, listrik termasuk, dan parkir. Dekat kampus (5.5 km) dan transportasi umum (3.7 km). Lingkungan tenang, pemilik kos ramah dan responsif. Harga sudah mencakup biaya perawatan fasilitas bersama. Ideal untuk pelajar yang baru merantau.","Sudah 18 bulan di sini, sangat puas! Kamar bersih dan wangi. WiFi kencang dan stabil. AC dingin, tidak berisik. Pemilik kos sigap menangani keluhan. Sangat direkomendasikan!",assets/kos_photos/kos_0560.jpg,-6.146094,106.833968
KOS-0561,Kos Kemayoran 561,Jakarta Pusat,Kemayoran,3100000,Putra,20,0,1,1,1,1,1,0,1,2.2,Universitas Indonesia Salemba,1.6,3.8,6,29,"Kos eksklusif putra area Kemayoran! Fasilitas lengkap: kamar mandi dalam, WiFi, listrik termasuk, parkir, dapur bersama, dan security 24 jam. Kamar 20m² dengan pencahayaan dan ventilasi optimal. Akses mudah ke pusat bisnis Jakarta Pusat. Penjaga aktif 24 jam, CCTV terpasang di area umum. Hanya 2.2 km ke kampus terdekat. Daftar sekarang!","Lumayan sesuai harga yang dibayar. WiFi kencang dan stabil. Kamar mandi pribadi sangat nyaman. Respons pemilik kadang agak lambat, tapi fasilitas tetap terjaga.",assets/kos_photos/kos_0561.jpg,-6.203132,106.81476
KOS-0562,Kos Senen 562,Jakarta Pusat,Senen,2850000,Putri,18,1,1,1,0,1,0,1,0,8.1,Tarumanagara,1.1,3.6,22,32,"Tersedia kamar kos putri di kawasan Senen, Jakarta Pusat. Luas kamar 18m², fasilitas: AC, kamar mandi dalam, WiFi, parkir, dan laundry. Dekat kampus (8.1 km) dan transportasi umum (1.1 km). Lingkungan tenang, pemilik kos ramah dan responsif. Harga sudah mencakup biaya perawatan fasilitas bersama. Ideal untuk pelajar yang baru merantau.","Oke secara keseluruhan. WiFi kencang dan stabil. AC dingin, tidak berisik. Ada plus minusnya, tapi tidak mengecewakan. Lumayan untuk jangka panjang.",assets/kos_photos/kos_0562.jpg,-6.216898,106.780291
KOS-0563,Kos Tanah Abang 563,Jakarta Pusat,Tanah Abang,2850000,Putra,12,1,0,1,1,1,0,0,0,9.2,Tarumanagara,2.1,3.8,24,21,"Kos bersih dan terawat di Tanah Abang, Jakarta Pusat. Kamar putra berukuran 12m² tersedia dengan fasilitas AC, WiFi, listrik termasuk, dan parkir. Pengelolaan profesional, kontrak fleksibel per bulan. Jarak 9.2 km dari kampus, 2.1 km dari halte atau stasiun. Survei gratis, hubungi pemilik sekarang!","Oke secara keseluruhan. WiFi kencang dan stabil. AC dingin, tidak berisik. Ada plus minusnya, tapi tidak mengecewakan. Lumayan untuk jangka panjang.",assets/kos_photos/kos_0563.jpg,-6.231271,106.815996
KOS-0564,Kos Sawah Besar 564,Jakarta Pusat,Sawah Besar,2850000,Putra,18,0,1,1,1,0,0,0,1,6.2,Universitas Indonesia Salemba,3.1,4.2,19,45,"Kos putra strategis di Sawah Besar, Jakarta Pusat. Kamar 18m² dilengkapi kamar mandi dalam, WiFi, listrik termasuk, dan security 24 jam. Lokasi hanya 6.2 km dari kampus dan 3.1 km dari moda transportasi umum. Suasana bersih, aman, dan nyaman. Cocok untuk mahasiswa maupun pekerja muda yang menginginkan hunian berkualitas dengan harga terjangkau.","Sudah 3 bulan di sini, sangat puas! Kamar bersih dan wangi. WiFi kencang dan stabil. Kamar mandi pribadi sangat nyaman. Pemilik kos sigap menangani keluhan. Sangat direkomendasikan!",assets/kos_photos/kos_0564.jpg,-6.136176,106.83621
KOS-0565,Kos Sawah Besar 565,Jakarta Pusat,Sawah Besar,2300000,Putri,18,1,1,0,0,0,0,0,1,7.6,Tarumanagara,4.7,4.5,28,60,"Hunian nyaman di jantung Jakarta Pusat. Kos putri dengan AC, kamar mandi dalam, dan security 24 jam. Ukuran kamar 18m², cukup untuk bekerja dan beristirahat. Bebas banjir, akses 24 jam. Jarak ke transportasi umum hanya 4.7 km. Cocok untuk profesional muda yang aktif.","Kos paling nyaman selama kuliah di Jakarta. AC dingin, tidak berisik. Kamar mandi pribadi sangat nyaman. Lingkungan bersih dan aman, tidak pernah ada masalah keamanan. Sangat recommended untuk mahasiswa baru!",assets/kos_photos/kos_0565.jpg,-6.23061,106.818451
KOS-0566,Kos Kalideres 566,Jakarta Barat,Kalideres,2800000,Putra,15,1,1,1,1,1,0,1,1,8.1,Trisakti,4.0,4.7,14,28,"Kos bersih dan terawat di Kalideres, Jakarta Barat. Kamar putra berukuran 15m² tersedia dengan fasilitas AC, kamar mandi dalam, WiFi, listrik termasuk, parkir, laundry, dan security 24 jam. Pengelolaan profesional, kontrak fleksibel per bulan. Jarak 8.1 km dari kampus, 4.0 km dari halte atau stasiun. Survei gratis, hubungi pemilik sekarang!","Lokasi sangat strategis, ke mana-mana mudah dijangkau. WiFi kencang dan stabil. AC dingin, tidak berisik. Harga sangat worth it untuk fasilitasnya. Teman sesama penghuni juga asik.",assets/kos_photos/kos_0566.jpg,-6.151698,106.732833
KOS-0567,Kos Kalideres 567,Jakarta Barat,Kalideres,2050000,Campur,15,1,1,1,0,1,0,0,1,8.5,Binus Kemanggisan,2.5,4.4,23,96,"Hunian nyaman di jantung Jakarta Barat. Kos campur dengan AC, kamar mandi dalam, WiFi, parkir, dan security 24 jam. Ukuran kamar 15m², cukup untuk bekerja dan beristirahat. Bebas banjir, akses 24 jam. Jarak ke transportasi umum hanya 2.5 km. Cocok untuk profesional muda yang aktif.","Kos paling nyaman selama kuliah di Jakarta. WiFi kencang dan stabil. AC dingin, tidak berisik. Lingkungan bersih dan aman, tidak pernah ada masalah keamanan. Sangat recommended untuk mahasiswa baru!",assets/kos_photos/kos_0567.jpg,-6.189051,106.767008
KOS-0568,Kos Kalideres 568,Jakarta Barat,Kalideres,2650000,Putra,12,1,1,1,0,0,0,1,1,8.3,Universitas Tarumanagara,0.8,4.9,9,108,"Kos putra strategis di Kalideres, Jakarta Barat. Kamar 12m² dilengkapi AC, kamar mandi dalam, WiFi, laundry, dan security 24 jam. Lokasi hanya 8.3 km dari kampus dan 0.8 km dari moda transportasi umum. Suasana bersih, aman, dan nyaman. Cocok untuk mahasiswa maupun pekerja muda yang menginginkan hunian berkualitas dengan harga terjangkau.","Sudah 2 bulan di sini, sangat puas! Kamar bersih dan wangi. WiFi kencang dan stabil. AC dingin, tidak berisik. Pemilik kos sigap menangani keluhan. Sangat direkomendasikan!",assets/kos_photos/kos_0568.jpg,-6.180303,106.74454
KOS-0569,Kos Taman Sari 569,Jakarta Barat,Taman Sari,2300000,Putri,15,1,0,0,1,1,1,0,1,8.9,Trisakti,3.7,4.3,15,60,"Tersedia kamar kos putri di kawasan Taman Sari, Jakarta Barat. Luas kamar 15m², fasilitas: AC, listrik termasuk, parkir, dapur bersama, dan security 24 jam. Dekat kampus (8.9 km) dan transportasi umum (3.7 km). Lingkungan tenang, pemilik kos ramah dan responsif. Harga sudah mencakup biaya perawatan fasilitas bersama. Ideal untuk pelajar yang baru merantau.","Kos paling nyaman selama kuliah di Jakarta. AC dingin, tidak berisik. Keamanan 24 jam membuat tenang. Lingkungan bersih dan aman, tidak pernah ada masalah keamanan. Sangat recommended untuk mahasiswa baru!",assets/kos_photos/kos_0569.jpg,-6.16844,106.760685
KOS-0570,Kos Kalideres 570,Jakarta Barat,Kalideres,2050000,Putri,9,1,1,1,1,1,0,0,0,6.0,Universitas Tarumanagara,1.2,5.0,6,30,"Kos eksklusif putri area Kalideres! Fasilitas lengkap: AC, kamar mandi dalam, WiFi, listrik termasuk, dan parkir. Kamar 9m² dengan pencahayaan dan ventilasi optimal. Akses mudah ke pusat bisnis Jakarta Barat. Penjaga aktif 24 jam, CCTV terpasang di area umum. Hanya 6.0 km ke kampus terdekat. Daftar sekarang!","Kos paling nyaman selama kuliah di Jakarta. WiFi kencang dan stabil. AC dingin, tidak berisik. Lingkungan bersih dan aman, tidak pernah ada masalah keamanan. Sangat recommended untuk mahasiswa baru!",assets/kos_photos/kos_0570.jpg,-6.180296,106.755233
KOS-0571,Kos Kembangan 571,Jakarta Barat,Kembangan,1700000,Putri,12,0,0,1,1,1,1,0,0,1.6,Binus Kemanggisan,2.0,4.8,17,137,"Tersedia kamar kos putri di kawasan Kembangan, Jakarta Barat. Luas kamar 12m², fasilitas: WiFi, listrik termasuk, parkir, dan dapur bersama. Dekat kampus (1.6 km) dan transportasi umum (2.0 km). Lingkungan tenang, pemilik kos ramah dan responsif. Harga sudah mencakup biaya perawatan fasilitas bersama. Ideal untuk pelajar yang baru merantau.","Baru 18 minggu tapi sudah betah banget. WiFi kencang dan stabil. Air bersih dan lancar, listrik stabil, tidak pernah mati. Harga sepadan.",assets/kos_photos/kos_0571.jpg,-6.131985,106.729391
KOS-0572,Kos Taman Sari 572,Jakarta Barat,Taman Sari,2500000,Putra,12,1,1,1,0,1,0,0,0,2.7,Binus Kemanggisan,0.9,4.6,6,51,"Kos putra strategis di Taman Sari, Jakarta Barat. Kamar 12m² dilengkapi AC, kamar mandi dalam, WiFi, dan parkir. Lokasi hanya 2.7 km dari kampus dan 0.9 km dari moda transportasi umum. Suasana bersih, aman, dan nyaman. Cocok untuk mahasiswa maupun pekerja muda yang menginginkan hunian berkualitas dengan harga terjangkau.","Lokasi sangat strategis, ke mana-mana mudah dijangkau. WiFi kencang dan stabil. AC dingin, tidak berisik. Harga sangat worth it untuk fasilitasnya. Teman sesama penghuni juga asik.",assets/kos_photos/kos_0572.jpg,-6.168968,106.802277
KOS-0573,Kos Taman Sari 573,Jakarta Barat,Taman Sari,2450000,Putra,24,1,1,1,0,1,0,0,1,6.1,Trisakti,2.9,3.5,18,85,"Kos putra strategis di Taman Sari, Jakarta Barat. Kamar 24m² dilengkapi AC, kamar mandi dalam, WiFi, parkir, dan security 24 jam. Lokasi hanya 6.1 km dari kampus dan 2.9 km dari moda transportasi umum. Suasana bersih, aman, dan nyaman. Cocok untuk mahasiswa maupun pekerja muda yang menginginkan hunian berkualitas dengan harga terjangkau.","Oke secara keseluruhan. WiFi kencang dan stabil. AC dingin, tidak berisik. Ada plus minusnya, tapi tidak mengecewakan. Lumayan untuk jangka panjang.",assets/kos_photos/kos_0573.jpg,-6.170134,106.748889
KOS-0574,Kos Grogol Petamburan 574,Jakarta Barat,Grogol Petamburan,2000000,Putri,9,0,0,1,0,1,0,1,1,3.4,Universitas Tarumanagara,1.5,4.2,27,194,"Kos eksklusif putri area Grogol Petamburan! Fasilitas lengkap: WiFi, parkir, laundry, dan security 24 jam. Kamar 9m² dengan pencahayaan dan ventilasi optimal. Akses mudah ke pusat bisnis Jakarta Barat. Penjaga aktif 24 jam, CCTV terpasang di area umum. Hanya 3.4 km ke kampus terdekat. Daftar sekarang!","Baru 8 minggu tapi sudah betah banget. WiFi kencang dan stabil. Keamanan 24 jam membuat tenang. Air bersih dan lancar, listrik stabil, tidak pernah mati. Harga sepadan.",assets/kos_photos/kos_0574.jpg,-6.194049,106.755653
KOS-0575,Kos Kalideres 575,Jakarta Barat,Kalideres,2300000,Putra,15,1,0,1,1,1,0,0,0,2.9,Universitas Tarumanagara,3.4,4.9,6,43,"Hunian nyaman di jantung Jakarta Barat. Kos putra dengan AC, WiFi, listrik termasuk, dan parkir. Ukuran kamar 15m², cukup untuk bekerja dan beristirahat. Bebas banjir, akses 24 jam. Jarak ke transportasi umum hanya 3.4 km. Cocok untuk profesional muda yang aktif.","Sudah 2 bulan di sini, sangat puas! Kamar bersih dan wangi. WiFi kencang dan stabil. AC dingin, tidak berisik. Pemilik kos sigap menangani keluhan. Sangat direkomendasikan!",assets/kos_photos/kos_0575.jpg,-6.19358,106.742743
KOS-0576,Kos Kalideres 576,Jakarta Barat,Kalideres,1750000,Putra,15,1,0,1,0,1,1,0,1,4.9,Binus Kemanggisan,0.4,4.5,28,92,"Hunian nyaman di jantung Jakarta Barat. Kos putra dengan AC, WiFi, parkir, dapur bersama, dan security 24 jam. Ukuran kamar 15m², cukup untuk bekerja dan beristirahat. Bebas banjir, akses 24 jam. Jarak ke transportasi umum hanya 0.4 km. Cocok untuk profesional muda yang aktif.","Sudah 12 tahun tinggal di sini dan tidak mau pindah. WiFi kencang dan stabil. AC dingin, tidak berisik. Lingkungan aman dan nyaman, penghuni dipilih secara selektif.",assets/kos_photos/kos_0576.jpg,-6.160767,106.768692
KOS-0577,Kos Taman Sari 577,Jakarta Barat,Taman Sari,1750000,Campur,12,0,1,1,0,1,1,1,1,8.9,Trisakti,1.4,4.7,25,148,"Hunian nyaman di jantung Jakarta Barat. Kos campur dengan kamar mandi dalam, WiFi, parkir, dapur bersama, laundry, dan security 24 jam. Ukuran kamar 12m², cukup untuk bekerja dan beristirahat. Bebas banjir, akses 24 jam. Jarak ke transportasi umum hanya 1.4 km. Cocok untuk profesional muda yang aktif.","Baru 8 minggu tapi sudah betah banget. WiFi kencang dan stabil. Kamar mandi pribadi sangat nyaman. Air bersih dan lancar, listrik stabil, tidak pernah mati. Harga sepadan.",assets/kos_photos/kos_0577.jpg,-6.172203,106.7727
KOS-0578,Kos Palmerah 578,Jakarta Barat,Palmerah,2250000,Putri,12,1,1,1,1,1,0,1,0,5.2,Trisakti,2.4,4.3,10,183,"Hunian nyaman di jantung Jakarta Barat. Kos putri dengan AC, kamar mandi dalam, WiFi, listrik termasuk, parkir, dan laundry. Ukuran kamar 12m², cukup untuk bekerja dan beristirahat. Bebas banjir, akses 24 jam. Jarak ke transportasi umum hanya 2.4 km. Cocok untuk profesional muda yang aktif.","Baru 2 minggu tapi sudah betah banget. WiFi kencang dan stabil. AC dingin, tidak berisik. Air bersih dan lancar, listrik stabil, tidak pernah mati. Harga sepadan.",assets/kos_photos/kos_0578.jpg,-6.187671,106.818254
KOS-0579,Kos Cengkareng 579,Jakarta Barat,Cengkareng,2100000,Campur,12,1,1,1,0,1,0,0,0,1.9,Universitas Tarumanagara,0.7,3.8,25,12,"Kos eksklusif campur area Cengkareng! Fasilitas lengkap: AC, kamar mandi dalam, WiFi, dan parkir. Kamar 12m² dengan pencahayaan dan ventilasi optimal. Akses mudah ke pusat bisnis Jakarta Barat. Penjaga aktif 24 jam, CCTV terpasang di area umum. Hanya 1.9 km ke kampus terdekat. Daftar sekarang!","Cukup nyaman untuk kebutuhan sehari-hari. WiFi kencang dan stabil. AC dingin, tidak berisik. Harga standar untuk area sini. Cocok untuk yang budget terbatas.",assets/kos_photos/kos_0579.jpg,-6.191047,106.77375
KOS-0580,Kos Kembangan 580,Jakarta Barat,Kembangan,2150000,Putra,12,0,1,1,1,0,0,0,0,2.0,Binus Kemanggisan,1.2,3.5,25,53,"Tersedia kamar kos putra di kawasan Kembangan, Jakarta Barat. Luas kamar 12m², fasilitas: kamar mandi dalam, WiFi, dan listrik termasuk. Dekat kampus (2.0 km) dan transportasi umum (1.2 km). Lingkungan tenang, pemilik kos ramah dan responsif. Harga sudah mencakup biaya perawatan fasilitas bersama. Ideal untuk pelajar yang baru merantau.",Cukup nyaman untuk kebutuhan sehari-hari. WiFi kencang dan stabil. Kamar mandi pribadi sangat nyaman. Harga standar untuk area sini. Cocok untuk yang budget terbatas.,assets/kos_photos/kos_0580.jpg,-6.146333,106.760545
KOS-0581,Kos Kalideres 581,Jakarta Barat,Kalideres,2750000,Putra,9,1,1,1,1,1,0,0,1,2.8,Binus Kemanggisan,4.4,4.2,21,182,"Kos putra strategis di Kalideres, Jakarta Barat. Kamar 9m² dilengkapi AC, kamar mandi dalam, WiFi, listrik termasuk, parkir, dan security 24 jam. Lokasi hanya 2.8 km dari kampus dan 4.4 km dari moda transportasi umum. Suasana bersih, aman, dan nyaman. Cocok untuk mahasiswa maupun pekerja muda yang menginginkan hunian berkualitas dengan harga terjangkau.","Kos paling nyaman selama kuliah di Jakarta. WiFi kencang dan stabil. AC dingin, tidak berisik. Lingkungan bersih dan aman, tidak pernah ada masalah keamanan. Sangat recommended untuk mahasiswa baru!",assets/kos_photos/kos_0581.jpg,-6.14468,106.778542
KOS-0582,Kos Cengkareng 582,Jakarta Barat,Cengkareng,2000000,Putra,12,1,0,1,1,1,0,1,0,0.7,Trisakti,2.0,4.0,23,157,"Kos bersih dan terawat di Cengkareng, Jakarta Barat. Kamar putra berukuran 12m² tersedia dengan fasilitas AC, WiFi, listrik termasuk, parkir, dan laundry. Pengelolaan profesional, kontrak fleksibel per bulan. Jarak 0.7 km dari kampus, 2.0 km dari halte atau stasiun. Survei gratis, hubungi pemilik sekarang!","Baru 24 minggu tapi sudah betah banget. WiFi kencang dan stabil. AC dingin, tidak berisik. Air bersih dan lancar, listrik stabil, tidak pernah mati. Harga sepadan.",assets/kos_photos/kos_0582.jpg,-6.15793,106.762645
KOS-0583,Kos Taman Sari 583,Jakarta Barat,Taman Sari,1900000,Campur,15,0,1,0,1,1,0,1,1,2.7,Binus Kemanggisan,4.5,3.9,17,20,"Kos campur strategis di Taman Sari, Jakarta Barat. Kamar 15m² dilengkapi kamar mandi dalam, listrik termasuk, parkir, laundry, dan security 24 jam. Lokasi hanya 2.7 km dari kampus dan 4.5 km dari moda transportasi umum. Suasana bersih, aman, dan nyaman. Cocok untuk mahasiswa maupun pekerja muda yang menginginkan hunian berkualitas dengan harga terjangkau.",Cukup nyaman untuk kebutuhan sehari-hari. Kamar mandi pribadi sangat nyaman. Keamanan 24 jam membuat tenang. Harga standar untuk area sini. Cocok untuk yang budget terbatas.,assets/kos_photos/kos_0583.jpg,-6.170418,106.762198
KOS-0584,Kos Kebon Jeruk 584,Jakarta Barat,Kebon Jeruk,1950000,Putri,15,1,1,0,1,1,0,0,1,7.3,Universitas Tarumanagara,2.6,3.6,25,96,"Kos eksklusif putri area Kebon Jeruk! Fasilitas lengkap: AC, kamar mandi dalam, listrik termasuk, parkir, dan security 24 jam. Kamar 15m² dengan pencahayaan dan ventilasi optimal. Akses mudah ke pusat bisnis Jakarta Barat. Penjaga aktif 24 jam, CCTV terpasang di area umum. Hanya 7.3 km ke kampus terdekat. Daftar sekarang!","Lumayan sesuai harga yang dibayar. AC dingin, tidak berisik. Kamar mandi pribadi sangat nyaman. Respons pemilik kadang agak lambat, tapi fasilitas tetap terjaga.",assets/kos_photos/kos_0584.jpg,-6.162485,106.763267
KOS-0585,Kos Tambora 585,Jakarta Barat,Tambora,1950000,Putri,9,1,0,1,1,0,0,0,0,5.5,Binus Kemanggisan,0.2,4.2,7,40,"Hunian nyaman di jantung Jakarta Barat. Kos putri dengan AC, WiFi, dan listrik termasuk. Ukuran kamar 9m², cukup untuk bekerja dan beristirahat. Bebas banjir, akses 24 jam. Jarak ke transportasi umum hanya 0.2 km. Cocok untuk profesional muda yang aktif.","Sudah 3 tahun tinggal di sini dan tidak mau pindah. WiFi kencang dan stabil. AC dingin, tidak berisik. Lingkungan aman dan nyaman, penghuni dipilih secara selektif.",assets/kos_photos/kos_0585.jpg,-6.171152,106.761155
KOS-0586,Kos Kebon Jeruk 586,Jakarta Barat,Kebon Jeruk,2300000,Putri,20,1,0,1,1,1,0,1,0,2.7,Universitas Tarumanagara,4.6,3.9,25,57,"Kos eksklusif putri area Kebon Jeruk! Fasilitas lengkap: AC, WiFi, listrik termasuk, parkir, dan laundry. Kamar 20m² dengan pencahayaan dan ventilasi optimal. Akses mudah ke pusat bisnis Jakarta Barat. Penjaga aktif 24 jam, CCTV terpasang di area umum. Hanya 2.7 km ke kampus terdekat. Daftar sekarang!","Lumayan sesuai harga yang dibayar. WiFi kencang dan stabil. AC dingin, tidak berisik. Respons pemilik kadang agak lambat, tapi fasilitas tetap terjaga.",assets/kos_photos/kos_0586.jpg,-6.160271,106.697853
KOS-0587,Kos Tambora 587,Jakarta Barat,Tambora,2550000,Putri,15,1,1,1,0,1,0,1,0,9.8,Trisakti,0.5,4.3,22,64,"Tersedia kamar kos putri di kawasan Tambora, Jakarta Barat. Luas kamar 15m², fasilitas: AC, kamar mandi dalam, WiFi, parkir, dan laundry. Dekat kampus (9.8 km) dan transportasi umum (0.5 km). Lingkungan tenang, pemilik kos ramah dan responsif. Harga sudah mencakup biaya perawatan fasilitas bersama. Ideal untuk pelajar yang baru merantau.","Sudah 12 bulan di sini, sangat puas! Kamar bersih dan wangi. WiFi kencang dan stabil. AC dingin, tidak berisik. Pemilik kos sigap menangani keluhan. Sangat direkomendasikan!",assets/kos_photos/kos_0587.jpg,-6.186352,106.795606
KOS-0588,Kos Grogol Petamburan 588,Jakarta Barat,Grogol Petamburan,2100000,Putri,15,1,0,0,0,1,1,1,0,9.7,Trisakti,2.4,4.8,18,76,"Tersedia kamar kos putri di kawasan Grogol Petamburan, Jakarta Barat. Luas kamar 15m², fasilitas: AC, parkir, dapur bersama, dan laundry. Dekat kampus (9.7 km) dan transportasi umum (2.4 km). Lingkungan tenang, pemilik kos ramah dan responsif. Harga sudah mencakup biaya perawatan fasilitas bersama. Ideal untuk pelajar yang baru merantau.","Kos paling nyaman selama kuliah di Jakarta. AC dingin, tidak berisik. Lingkungan bersih dan aman, tidak pernah ada masalah keamanan. Sangat recommended untuk mahasiswa baru!",assets/kos_photos/kos_0588.jpg,-6.184323,106.765744
KOS-0589,Kos Kalideres 589,Jakarta Barat,Kalideres,2550000,Putri,15,1,1,1,0,1,0,0,1,2.0,Universitas Tarumanagara,3.8,4.7,5,82,"Kos eksklusif putri area Kalideres! Fasilitas lengkap: AC, kamar mandi dalam, WiFi, parkir, dan security 24 jam. Kamar 15m² dengan pencahayaan dan ventilasi optimal. Akses mudah ke pusat bisnis Jakarta Barat. Penjaga aktif 24 jam, CCTV terpasang di area umum. Hanya 2.0 km ke kampus terdekat. Daftar sekarang!","Baru 6 minggu tapi sudah betah banget. WiFi kencang dan stabil. AC dingin, tidak berisik. Air bersih dan lancar, listrik stabil, tidak pernah mati. Harga sepadan.",assets/kos_photos/kos_0589.jpg,-6.185964,106.787814
KOS-0590,Kos Kalideres 590,Jakarta Barat,Kalideres,1800000,Putra,12,1,0,1,1,0,1,0,0,6.5,Trisakti,0.5,3.6,7,116,"Tersedia kamar kos putra di kawasan Kalideres, Jakarta Barat. Luas kamar 12m², fasilitas: AC, WiFi, listrik termasuk, dan dapur bersama. Dekat kampus (6.5 km) dan transportasi umum (0.5 km). Lingkungan tenang, pemilik kos ramah dan responsif. Harga sudah mencakup biaya perawatan fasilitas bersama. Ideal untuk pelajar yang baru merantau.","Cukup nyaman untuk kebutuhan sehari-hari. WiFi kencang dan stabil. AC dingin, tidak berisik. Harga standar untuk area sini. Cocok untuk yang budget terbatas.",assets/kos_photos/kos_0590.jpg,-6.151334,106.779401
KOS-0591,Kos Kalideres 591,Jakarta Barat,Kalideres,2600000,Putri,15,1,1,0,0,1,1,1,1,5.7,Universitas Tarumanagara,0.4,4.5,28,42,"Kos putri strategis di Kalideres, Jakarta Barat. Kamar 15m² dilengkapi AC, kamar mandi dalam, parkir, dapur bersama, laundry, dan security 24 jam. Lokasi hanya 5.7 km dari kampus dan 0.4 km dari moda transportasi umum. Suasana bersih, aman, dan nyaman. Cocok untuk mahasiswa maupun pekerja muda yang menginginkan hunian berkualitas dengan harga terjangkau.","Sudah 2 tahun tinggal di sini dan tidak mau pindah. AC dingin, tidak berisik. Kamar mandi pribadi sangat nyaman. Lingkungan aman dan nyaman, penghuni dipilih secara selektif.",assets/kos_photos/kos_0591.jpg,-6.193486,106.728421
KOS-0592,Kos Kembangan 592,Jakarta Barat,Kembangan,1650000,Campur,12,1,0,1,0,1,0,0,0,9.5,Binus Kemanggisan,0.5,4.3,27,168,"Kos eksklusif campur area Kembangan! Fasilitas lengkap: AC, WiFi, dan parkir. Kamar 12m² dengan pencahayaan dan ventilasi optimal. Akses mudah ke pusat bisnis Jakarta Barat. Penjaga aktif 24 jam, CCTV terpasang di area umum. Hanya 9.5 km ke kampus terdekat. Daftar sekarang!","Kos paling nyaman selama kuliah di Jakarta. WiFi kencang dan stabil. AC dingin, tidak berisik. Lingkungan bersih dan aman, tidak pernah ada masalah keamanan. Sangat recommended untuk mahasiswa baru!",assets/kos_photos/kos_0592.jpg,-6.161952,106.765456
KOS-0593,Kos Palmerah 593,Jakarta Barat,Palmerah,2500000,Campur,12,1,0,1,1,0,0,0,1,3.3,Trisakti,4.5,5.0,26,124,"Kos eksklusif campur area Palmerah! Fasilitas lengkap: AC, WiFi, listrik termasuk, dan security 24 jam. Kamar 12m² dengan pencahayaan dan ventilasi optimal. Akses mudah ke pusat bisnis Jakarta Barat. Penjaga aktif 24 jam, CCTV terpasang di area umum. Hanya 3.3 km ke kampus terdekat. Daftar sekarang!","Sudah 24 bulan di sini, sangat puas! Kamar bersih dan wangi. WiFi kencang dan stabil. AC dingin, tidak berisik. Pemilik kos sigap menangani keluhan. Sangat direkomendasikan!",assets/kos_photos/kos_0593.jpg,-6.155228,106.732282
KOS-0594,Kos Tambora 594,Jakarta Barat,Tambora,1600000,Putra,9,1,1,0,1,1,1,0,0,6.3,Universitas Tarumanagara,4.7,4.4,23,171,"Tersedia kamar kos putra di kawasan Tambora, Jakarta Barat. Luas kamar 9m², fasilitas: AC, kamar mandi dalam, listrik termasuk, parkir, dan dapur bersama. Dekat kampus (6.3 km) dan transportasi umum (4.7 km). Lingkungan tenang, pemilik kos ramah dan responsif. Harga sudah mencakup biaya perawatan fasilitas bersama. Ideal untuk pelajar yang baru merantau.","Sudah 24 tahun tinggal di sini dan tidak mau pindah. AC dingin, tidak berisik. Kamar mandi pribadi sangat nyaman. Lingkungan aman dan nyaman, penghuni dipilih secara selektif.",assets/kos_photos/kos_0594.jpg,-6.165239,106.777478
KOS-0595,Kos Kebon Jeruk 595,Jakarta Barat,Kebon Jeruk,2150000,Putra,9,1,0,1,0,1,0,0,1,5.4,Trisakti,3.5,3.7,23,54,"Kos eksklusif putra area Kebon Jeruk! Fasilitas lengkap: AC, WiFi, parkir, dan security 24 jam. Kamar 9m² dengan pencahayaan dan ventilasi optimal. Akses mudah ke pusat bisnis Jakarta Barat. Penjaga aktif 24 jam, CCTV terpasang di area umum. Hanya 5.4 km ke kampus terdekat. Daftar sekarang!","Lumayan sesuai harga yang dibayar. WiFi kencang dan stabil. AC dingin, tidak berisik. Respons pemilik kadang agak lambat, tapi fasilitas tetap terjaga.",assets/kos_photos/kos_0595.jpg,-6.219655,106.747832
KOS-0596,Kos Kalideres 596,Jakarta Barat,Kalideres,2000000,Putri,9,1,1,0,1,1,0,0,1,7.1,Trisakti,3.9,4.8,12,46,"Kos bersih dan terawat di Kalideres, Jakarta Barat. Kamar putri berukuran 9m² tersedia dengan fasilitas AC, kamar mandi dalam, listrik termasuk, parkir, dan security 24 jam. Pengelolaan profesional, kontrak fleksibel per bulan. Jarak 7.1 km dari kampus, 3.9 km dari halte atau stasiun. Survei gratis, hubungi pemilik sekarang!","Sudah 8 bulan di sini, sangat puas! Kamar bersih dan wangi. AC dingin, tidak berisik. Kamar mandi pribadi sangat nyaman. Pemilik kos sigap menangani keluhan. Sangat direkomendasikan!",assets/kos_photos/kos_0596.jpg,-6.131341,106.769722
KOS-0597,Kos Cengkareng 597,Jakarta Barat,Cengkareng,1900000,Putri,9,1,0,0,0,0,1,0,1,0.8,Universitas Tarumanagara,0.4,4.0,13,59,"Kos eksklusif putri area Cengkareng! Fasilitas lengkap: AC, dapur bersama, dan security 24 jam. Kamar 9m² dengan pencahayaan dan ventilasi optimal. Akses mudah ke pusat bisnis Jakarta Barat. Penjaga aktif 24 jam, CCTV terpasang di area umum. Hanya 0.8 km ke kampus terdekat. Daftar sekarang!","Baru 6 minggu tapi sudah betah banget. AC dingin, tidak berisik. Keamanan 24 jam membuat tenang. Air bersih dan lancar, listrik stabil, tidak pernah mati. Harga sepadan.",assets/kos_photos/kos_0597.jpg,-6.182126,106.758578
KOS-0598,Kos Cengkareng 598,Jakarta Barat,Cengkareng,2050000,Putri,12,1,0,0,1,1,0,0,1,7.5,Universitas Tarumanagara,3.6,4.8,15,68,"Kos putri strategis di Cengkareng, Jakarta Barat. Kamar 12m² dilengkapi AC, listrik termasuk, parkir, dan security 24 jam. Lokasi hanya 7.5 km dari kampus dan 3.6 km dari moda transportasi umum. Suasana bersih, aman, dan nyaman. Cocok untuk mahasiswa maupun pekerja muda yang menginginkan hunian berkualitas dengan harga terjangkau.","Lokasi sangat strategis, ke mana-mana mudah dijangkau. AC dingin, tidak berisik. Keamanan 24 jam membuat tenang. Harga sangat worth it untuk fasilitasnya. Teman sesama penghuni juga asik.",assets/kos_photos/kos_0598.jpg,-6.161133,106.758
KOS-0599,Kos Kalideres 599,Jakarta Barat,Kalideres,2000000,Putra,12,1,1,0,1,0,1,1,1,4.6,Binus Kemanggisan,1.8,4.2,10,117,"Tersedia kamar kos putra di kawasan Kalideres, Jakarta Barat. Luas kamar 12m², fasilitas: AC, kamar mandi dalam, listrik termasuk, dapur bersama, laundry, dan security 24 jam. Dekat kampus (4.6 km) dan transportasi umum (1.8 km). Lingkungan tenang, pemilik kos ramah dan responsif. Harga sudah mencakup biaya perawatan fasilitas bersama. Ideal untuk pelajar yang baru merantau.","Lokasi sangat strategis, ke mana-mana mudah dijangkau. AC dingin, tidak berisik. Kamar mandi pribadi sangat nyaman. Harga sangat worth it untuk fasilitasnya. Teman sesama penghuni juga asik.",assets/kos_photos/kos_0599.jpg,-6.209573,106.713456
KOS-0600,Kos Kembangan 600,Jakarta Barat,Kembangan,2250000,Putri,9,1,0,1,1,1,0,0,1,6.7,Binus Kemanggisan,0.6,3.5,22,99,"Kos putri strategis di Kembangan, Jakarta Barat. Kamar 9m² dilengkapi AC, WiFi, listrik termasuk, parkir, dan security 24 jam. Lokasi hanya 6.7 km dari kampus dan 0.6 km dari moda transportasi umum. Suasana bersih, aman, dan nyaman. Cocok untuk mahasiswa maupun pekerja muda yang menginginkan hunian berkualitas dengan harga terjangkau.","Lumayan sesuai harga yang dibayar. WiFi kencang dan stabil. AC dingin, tidak berisik. Respons pemilik kadang agak lambat, tapi fasilitas tetap terjaga.",assets/kos_photos/kos_0600.jpg,-6.188741,106.730747
KOS-0601,Kos Grogol Petamburan 601,Jakarta Barat,Grogol Petamburan,2100000,Putra,12,1,1,1,1,1,0,0,0,2.3,Trisakti,1.3,4.5,16,88,"Tersedia kamar kos putra di kawasan Grogol Petamburan, Jakarta Barat. Luas kamar 12m², fasilitas: AC, kamar mandi dalam, WiFi, listrik termasuk, dan parkir. Dekat kampus (2.3 km) dan transportasi umum (1.3 km). Lingkungan tenang, pemilik kos ramah dan responsif. Harga sudah mencakup biaya perawatan fasilitas bersama. Ideal untuk pelajar yang baru merantau.","Lokasi sangat strategis, ke mana-mana mudah dijangkau. WiFi kencang dan stabil. AC dingin, tidak berisik. Harga sangat worth it untuk fasilitasnya. Teman sesama penghuni juga asik.",assets/kos_photos/kos_0601.jpg,-6.173056,106.709
KOS-0602,Kos Taman Sari 602,Jakarta Barat,Taman Sari,2200000,Campur,9,1,1,1,1,1,0,0,1,7.9,Trisakti,3.2,4.8,26,104,"Kos campur strategis di Taman Sari, Jakarta Barat. Kamar 9m² dilengkapi AC, kamar mandi dalam, WiFi, listrik termasuk, parkir, dan security 24 jam. Lokasi hanya 7.9 km dari kampus dan 3.2 km dari moda transportasi umum. Suasana bersih, aman, dan nyaman. Cocok untuk mahasiswa maupun pekerja muda yang menginginkan hunian berkualitas dengan harga terjangkau.","Lokasi sangat strategis, ke mana-mana mudah dijangkau. WiFi kencang dan stabil. AC dingin, tidak berisik. Harga sangat worth it untuk fasilitasnya. Teman sesama penghuni juga asik.",assets/kos_photos/kos_0602.jpg,-6.164724,106.734058
KOS-0603,Kos Grogol Petamburan 603,Jakarta Barat,Grogol Petamburan,2550000,Campur,9,0,1,1,1,1,0,1,1,3.4,Binus Kemanggisan,3.4,4.9,9,96,"Kos campur strategis di Grogol Petamburan, Jakarta Barat. Kamar 9m² dilengkapi kamar mandi dalam, WiFi, listrik termasuk, parkir, laundry, dan security 24 jam. Lokasi hanya 3.4 km dari kampus dan 3.4 km dari moda transportasi umum. Suasana bersih, aman, dan nyaman. Cocok untuk mahasiswa maupun pekerja muda yang menginginkan hunian berkualitas dengan harga terjangkau.","Kos paling nyaman selama kuliah di Jakarta. WiFi kencang dan stabil. Kamar mandi pribadi sangat nyaman. Lingkungan bersih dan aman, tidak pernah ada masalah keamanan. Sangat recommended untuk mahasiswa baru!",assets/kos_photos/kos_0603.jpg,-6.14884,106.782327
KOS-0604,Kos Kembangan 604,Jakarta Barat,Kembangan,1800000,Putra,12,1,0,1,1,1,0,0,1,3.4,Binus Kemanggisan,3.6,4.4,19,105,"Kos eksklusif putra area Kembangan! Fasilitas lengkap: AC, WiFi, listrik termasuk, parkir, dan security 24 jam. Kamar 12m² dengan pencahayaan dan ventilasi optimal. Akses mudah ke pusat bisnis Jakarta Barat. Penjaga aktif 24 jam, CCTV terpasang di area umum. Hanya 3.4 km ke kampus terdekat. Daftar sekarang!","Sudah 18 bulan di sini, sangat puas! Kamar bersih dan wangi. WiFi kencang dan stabil. AC dingin, tidak berisik. Pemilik kos sigap menangani keluhan. Sangat direkomendasikan!",assets/kos_photos/kos_0604.jpg,-6.190134,106.774595
KOS-0605,Kos Tambora 605,Jakarta Barat,Tambora,1600000,Campur,12,1,0,1,0,1,1,0,1,9.5,Binus Kemanggisan,1.2,4.8,22,73,"Kos campur strategis di Tambora, Jakarta Barat. Kamar 12m² dilengkapi AC, WiFi, parkir, dapur bersama, dan security 24 jam. Lokasi hanya 9.5 km dari kampus dan 1.2 km dari moda transportasi umum. Suasana bersih, aman, dan nyaman. Cocok untuk mahasiswa maupun pekerja muda yang menginginkan hunian berkualitas dengan harga terjangkau.","Kos paling nyaman selama kuliah di Jakarta. WiFi kencang dan stabil. AC dingin, tidak berisik. Lingkungan bersih dan aman, tidak pernah ada masalah keamanan. Sangat recommended untuk mahasiswa baru!",assets/kos_photos/kos_0605.jpg,-6.158665,106.766197
KOS-0606,Kos Palmerah 606,Jakarta Barat,Palmerah,3050000,Putri,12,1,1,1,1,1,1,0,1,5.0,Binus Kemanggisan,0.4,4.4,13,180,"Hunian nyaman di jantung Jakarta Barat. Kos putri dengan AC, kamar mandi dalam, WiFi, listrik termasuk, parkir, dapur bersama, dan security 24 jam. Ukuran kamar 12m², cukup untuk bekerja dan beristirahat. Bebas banjir, akses 24 jam. Jarak ke transportasi umum hanya 0.4 km. Cocok untuk profesional muda yang aktif.","Sudah 24 bulan di sini, sangat puas! Kamar bersih dan wangi. WiFi kencang dan stabil. AC dingin, tidak berisik. Pemilik kos sigap menangani keluhan. Sangat direkomendasikan!",assets/kos_photos/kos_0606.jpg,-6.154783,106.784671
KOS-0607,Kos Grogol Petamburan 607,Jakarta Barat,Grogol Petamburan,1850000,Putri,18,0,1,0,1,0,0,0,0,6.3,Trisakti,1.1,4.9,11,116,"Kos eksklusif putri area Grogol Petamburan! Fasilitas lengkap: kamar mandi dalam dan listrik termasuk. Kamar 18m² dengan pencahayaan dan ventilasi optimal. Akses mudah ke pusat bisnis Jakarta Barat. Penjaga aktif 24 jam, CCTV terpasang di area umum. Hanya 6.3 km ke kampus terdekat. Daftar sekarang!","Baru 2 minggu tapi sudah betah banget. Kamar mandi pribadi sangat nyaman. Air bersih dan lancar, listrik stabil, tidak pernah mati. Harga sepadan.",assets/kos_photos/kos_0607.jpg,-6.219604,106.801487
KOS-0608,Kos Kalideres 608,Jakarta Barat,Kalideres,2500000,Campur,18,1,0,1,0,1,0,0,0,1.2,Trisakti,0.4,3.7,8,135,"Kos campur strategis di Kalideres, Jakarta Barat. Kamar 18m² dilengkapi AC, WiFi, dan parkir. Lokasi hanya 1.2 km dari kampus dan 0.4 km dari moda transportasi umum. Suasana bersih, aman, dan nyaman. Cocok untuk mahasiswa maupun pekerja muda yang menginginkan hunian berkualitas dengan harga terjangkau.","Lumayan sesuai harga yang dibayar. WiFi kencang dan stabil. AC dingin, tidak berisik. Respons pemilik kadang agak lambat, tapi fasilitas tetap terjaga.",assets/kos_photos/kos_0608.jpg,-6.192245,106.782197
KOS-0609,Kos Kebon Jeruk 609,Jakarta Barat,Kebon Jeruk,1850000,Putra,15,0,0,1,1,1,1,0,1,1.8,Binus Kemanggisan,4.5,4.9,8,36,"Kos eksklusif putra area Kebon Jeruk! Fasilitas lengkap: WiFi, listrik termasuk, parkir, dapur bersama, dan security 24 jam. Kamar 15m² dengan pencahayaan dan ventilasi optimal. Akses mudah ke pusat bisnis Jakarta Barat. Penjaga aktif 24 jam, CCTV terpasang di area umum. Hanya 1.8 km ke kampus terdekat. Daftar sekarang!","Sudah 6 tahun tinggal di sini dan tidak mau pindah. WiFi kencang dan stabil. Keamanan 24 jam membuat tenang. Lingkungan aman dan nyaman, penghuni dipilih secara selektif.",assets/kos_photos/kos_0609.jpg,-6.187202,106.797922
KOS-0610,Kos Grogol Petamburan 610,Jakarta Barat,Grogol Petamburan,2400000,Putra,15,1,0,1,1,1,0,0,1,4.0,Universitas Tarumanagara,4.3,4.0,23,132,"Kos putra strategis di Grogol Petamburan, Jakarta Barat. Kamar 15m² dilengkapi AC, WiFi, listrik termasuk, parkir, dan security 24 jam. Lokasi hanya 4.0 km dari kampus dan 4.3 km dari moda transportasi umum. Suasana bersih, aman, dan nyaman. Cocok untuk mahasiswa maupun pekerja muda yang menginginkan hunian berkualitas dengan harga terjangkau.","Sudah 2 tahun tinggal di sini dan tidak mau pindah. WiFi kencang dan stabil. AC dingin, tidak berisik. Lingkungan aman dan nyaman, penghuni dipilih secara selektif.",assets/kos_photos/kos_0610.jpg,-6.169115,106.772661
KOS-0611,Kos Tambora 611,Jakarta Barat,Tambora,1650000,Putri,18,1,0,0,0,1,0,0,1,8.7,Universitas Tarumanagara,2.4,4.4,14,197,"Kos bersih dan terawat di Tambora, Jakarta Barat. Kamar putri berukuran 18m² tersedia dengan fasilitas AC, parkir, dan security 24 jam. Pengelolaan profesional, kontrak fleksibel per bulan. Jarak 8.7 km dari kampus, 2.4 km dari halte atau stasiun. Survei gratis, hubungi pemilik sekarang!","Lokasi sangat strategis, ke mana-mana mudah dijangkau. AC dingin, tidak berisik. Keamanan 24 jam membuat tenang. Harga sangat worth it untuk fasilitasnya. Teman sesama penghuni juga asik.",assets/kos_photos/kos_0611.jpg,-6.151619,106.767864
KOS-0612,Kos Kebon Jeruk 612,Jakarta Barat,Kebon Jeruk,1750000,Putra,15,1,0,1,0,1,0,0,1,6.5,Trisakti,3.0,4.4,29,137,"Kos eksklusif putra area Kebon Jeruk! Fasilitas lengkap: AC, WiFi, parkir, dan security 24 jam. Kamar 15m² dengan pencahayaan dan ventilasi optimal. Akses mudah ke pusat bisnis Jakarta Barat. Penjaga aktif 24 jam, CCTV terpasang di area umum. Hanya 6.5 km ke kampus terdekat. Daftar sekarang!","Sudah 24 tahun tinggal di sini dan tidak mau pindah. WiFi kencang dan stabil. AC dingin, tidak berisik. Lingkungan aman dan nyaman, penghuni dipilih secara selektif.",assets/kos_photos/kos_0612.jpg,-6.172833,106.765588
KOS-0613,Kos Cengkareng 613,Jakarta Barat,Cengkareng,2400000,Putra,12,0,1,1,1,1,0,0,1,3.5,Trisakti,1.9,3.8,25,154,"Hunian nyaman di jantung Jakarta Barat. Kos putra dengan kamar mandi dalam, WiFi, listrik termasuk, parkir, dan security 24 jam. Ukuran kamar 12m², cukup untuk bekerja dan beristirahat. Bebas banjir, akses 24 jam. Jarak ke transportasi umum hanya 1.9 km. Cocok untuk profesional muda yang aktif.","Oke secara keseluruhan. WiFi kencang dan stabil. Kamar mandi pribadi sangat nyaman. Ada plus minusnya, tapi tidak mengecewakan. Lumayan untuk jangka panjang.",assets/kos_photos/kos_0613.jpg,-6.155087,106.776779
KOS-0614,Kos Cengkareng 614,Jakarta Barat,Cengkareng,1600000,Putri,9,1,0,1,0,0,0,0,0,3.8,Binus Kemanggisan,4.2,5.0,6,16,"Kos eksklusif putri area Cengkareng! Fasilitas lengkap: AC dan WiFi. Kamar 9m² dengan pencahayaan dan ventilasi optimal. Akses mudah ke pusat bisnis Jakarta Barat. Penjaga aktif 24 jam, CCTV terpasang di area umum. Hanya 3.8 km ke kampus terdekat. Daftar sekarang!","Sudah 3 bulan di sini, sangat puas! Kamar bersih dan wangi. WiFi kencang dan stabil. AC dingin, tidak berisik. Pemilik kos sigap menangani keluhan. Sangat direkomendasikan!",assets/kos_photos/kos_0614.jpg,-6.172708,106.7622
KOS-0615,Kos Palmerah 615,Jakarta Barat,Palmerah,2600000,Putri,18,1,1,1,1,1,0,1,1,7.2,Trisakti,1.2,3.6,8,141,"Kos eksklusif putri area Palmerah! Fasilitas lengkap: AC, kamar mandi dalam, WiFi, listrik termasuk, parkir, laundry, dan security 24 jam. Kamar 18m² dengan pencahayaan dan ventilasi optimal. Akses mudah ke pusat bisnis Jakarta Barat. Penjaga aktif 24 jam, CCTV terpasang di area umum. Hanya 7.2 km ke kampus terdekat. Daftar sekarang!","Oke secara keseluruhan. WiFi kencang dan stabil. AC dingin, tidak berisik. Ada plus minusnya, tapi tidak mengecewakan. Lumayan untuk jangka panjang.",assets/kos_photos/kos_0615.jpg,-6.119237,106.749806
KOS-0616,Kos Tambora 616,Jakarta Barat,Tambora,2150000,Campur,12,1,1,1,0,0,1,0,0,8.1,Trisakti,0.4,4.7,12,108,"Kos bersih dan terawat di Tambora, Jakarta Barat. Kamar campur berukuran 12m² tersedia dengan fasilitas AC, kamar mandi dalam, WiFi, dan dapur bersama. Pengelolaan profesional, kontrak fleksibel per bulan. Jarak 8.1 km dari kampus, 0.4 km dari halte atau stasiun. Survei gratis, hubungi pemilik sekarang!","Sudah 18 bulan di sini, sangat puas! Kamar bersih dan wangi. WiFi kencang dan stabil. AC dingin, tidak berisik. Pemilik kos sigap menangani keluhan. Sangat direkomendasikan!",assets/kos_photos/kos_0616.jpg,-6.17195,106.821346
KOS-0617,Kos Kebon Jeruk 617,Jakarta Barat,Kebon Jeruk,2250000,Putri,12,1,1,1,0,0,1,0,1,8.6,Binus Kemanggisan,0.7,3.7,26,23,"Kos putri strategis di Kebon Jeruk, Jakarta Barat. Kamar 12m² dilengkapi AC, kamar mandi dalam, WiFi, dapur bersama, dan security 24 jam. Lokasi hanya 8.6 km dari kampus dan 0.7 km dari moda transportasi umum. Suasana bersih, aman, dan nyaman. Cocok untuk mahasiswa maupun pekerja muda yang menginginkan hunian berkualitas dengan harga terjangkau.","Cukup nyaman untuk kebutuhan sehari-hari. WiFi kencang dan stabil. AC dingin, tidak berisik. Harga standar untuk area sini. Cocok untuk yang budget terbatas.",assets/kos_photos/kos_0617.jpg,-6.166298,106.74293
KOS-0618,Kos Tambora 618,Jakarta Barat,Tambora,3000000,Putri,18,1,1,0,1,1,1,0,0,5.0,Universitas Tarumanagara,3.7,4.6,9,135,"Kos eksklusif putri area Tambora! Fasilitas lengkap: AC, kamar mandi dalam, listrik termasuk, parkir, dan dapur bersama. Kamar 18m² dengan pencahayaan dan ventilasi optimal. Akses mudah ke pusat bisnis Jakarta Barat. Penjaga aktif 24 jam, CCTV terpasang di area umum. Hanya 5.0 km ke kampus terdekat. Daftar sekarang!","Lokasi sangat strategis, ke mana-mana mudah dijangkau. AC dingin, tidak berisik. Kamar mandi pribadi sangat nyaman. Harga sangat worth it untuk fasilitasnya. Teman sesama penghuni juga asik.",assets/kos_photos/kos_0618.jpg,-6.153242,106.770877
KOS-0619,Kos Palmerah 619,Jakarta Barat,Palmerah,2250000,Putri,15,1,1,1,0,1,0,0,0,6.6,Trisakti,1.3,3.8,6,183,"Kos bersih dan terawat di Palmerah, Jakarta Barat. Kamar putri berukuran 15m² tersedia dengan fasilitas AC, kamar mandi dalam, WiFi, dan parkir. Pengelolaan profesional, kontrak fleksibel per bulan. Jarak 6.6 km dari kampus, 1.3 km dari halte atau stasiun. Survei gratis, hubungi pemilik sekarang!","Cukup nyaman untuk kebutuhan sehari-hari. WiFi kencang dan stabil. AC dingin, tidak berisik. Harga standar untuk area sini. Cocok untuk yang budget terbatas.",assets/kos_photos/kos_0619.jpg,-6.176774,106.754596
KOS-0620,Kos Kalideres 620,Jakarta Barat,Kalideres,1950000,Putri,15,1,1,1,0,0,1,1,1,5.2,Binus Kemanggisan,1.6,4.9,15,79,"Kos eksklusif putri area Kalideres! Fasilitas lengkap: AC, kamar mandi dalam, WiFi, dapur bersama, laundry, dan security 24 jam. Kamar 15m² dengan pencahayaan dan ventilasi optimal. Akses mudah ke pusat bisnis Jakarta Barat. Penjaga aktif 24 jam, CCTV terpasang di area umum. Hanya 5.2 km ke kampus terdekat. Daftar sekarang!","Lokasi sangat strategis, ke mana-mana mudah dijangkau. WiFi kencang dan stabil. AC dingin, tidak berisik. Harga sangat worth it untuk fasilitasnya. Teman sesama penghuni juga asik.",assets/kos_photos/kos_0620.jpg,-6.192387,106.745543
KOS-0621,Kos Cengkareng 621,Jakarta Barat,Cengkareng,1550000,Putra,15,1,0,1,1,0,0,0,1,6.2,Binus Kemanggisan,1.8,3.8,7,110,"Kos eksklusif putra area Cengkareng! Fasilitas lengkap: AC, WiFi, listrik termasuk, dan security 24 jam. Kamar 15m² dengan pencahayaan dan ventilasi optimal. Akses mudah ke pusat bisnis Jakarta Barat. Penjaga aktif 24 jam, CCTV terpasang di area umum. Hanya 6.2 km ke kampus terdekat. Daftar sekarang!","Oke secara keseluruhan. WiFi kencang dan stabil. AC dingin, tidak berisik. Ada plus minusnya, tapi tidak mengecewakan. Lumayan untuk jangka panjang.",assets/kos_photos/kos_0621.jpg,-6.150986,106.753791
KOS-0622,Kos Kebon Jeruk 622,Jakarta Barat,Kebon Jeruk,2550000,Campur,9,1,1,1,0,0,1,0,0,0.7,Binus Kemanggisan,0.3,4.0,22,181,"Tersedia kamar kos campur di kawasan Kebon Jeruk, Jakarta Barat. Luas kamar 9m², fasilitas: AC, kamar mandi dalam, WiFi, dan dapur bersama. Dekat kampus (0.7 km) dan transportasi umum (0.3 km). Lingkungan tenang, pemilik kos ramah dan responsif. Harga sudah mencakup biaya perawatan fasilitas bersama. Ideal untuk pelajar yang baru merantau.","Lokasi sangat strategis, ke mana-mana mudah dijangkau. WiFi kencang dan stabil. AC dingin, tidak berisik. Harga sangat worth it untuk fasilitasnya. Teman sesama penghuni juga asik.",assets/kos_photos/kos_0622.jpg,-6.156113,106.741731
KOS-0623,Kos Grogol Petamburan 623,Jakarta Barat,Grogol Petamburan,2100000,Putra,18,1,0,1,0,1,0,1,0,8.7,Universitas Tarumanagara,2.1,4.8,22,137,"Tersedia kamar kos putra di kawasan Grogol Petamburan, Jakarta Barat. Luas kamar 18m², fasilitas: AC, WiFi, parkir, dan laundry. Dekat kampus (8.7 km) dan transportasi umum (2.1 km). Lingkungan tenang, pemilik kos ramah dan responsif. Harga sudah mencakup biaya perawatan fasilitas bersama. Ideal untuk pelajar yang baru merantau.","Lokasi sangat strategis, ke mana-mana mudah dijangkau. WiFi kencang dan stabil. AC dingin, tidak berisik. Harga sangat worth it untuk fasilitasnya. Teman sesama penghuni juga asik.",assets/kos_photos/kos_0623.jpg,-6.168793,106.777924
KOS-0624,Kos Kembangan 624,Jakarta Barat,Kembangan,2000000,Putri,12,1,1,1,0,1,0,1,0,2.0,Trisakti,4.6,4.8,8,190,"Kos eksklusif putri area Kembangan! Fasilitas lengkap: AC, kamar mandi dalam, WiFi, parkir, dan laundry. Kamar 12m² dengan pencahayaan dan ventilasi optimal. Akses mudah ke pusat bisnis Jakarta Barat. Penjaga aktif 24 jam, CCTV terpasang di area umum. Hanya 2.0 km ke kampus terdekat. Daftar sekarang!","Kos paling nyaman selama kuliah di Jakarta. WiFi kencang dan stabil. AC dingin, tidak berisik. Lingkungan bersih dan aman, tidak pernah ada masalah keamanan. Sangat recommended untuk mahasiswa baru!",assets/kos_photos/kos_0624.jpg,-6.157463,106.744303
KOS-0625,Kos Kembangan 625,Jakarta Barat,Kembangan,2200000,Campur,15,1,1,1,0,0,0,0,0,6.8,Binus Kemanggisan,3.2,4.8,12,119,"Tersedia kamar kos campur di kawasan Kembangan, Jakarta Barat. Luas kamar 15m², fasilitas: AC, kamar mandi dalam, dan WiFi. Dekat kampus (6.8 km) dan transportasi umum (3.2 km). Lingkungan tenang, pemilik kos ramah dan responsif. Harga sudah mencakup biaya perawatan fasilitas bersama. Ideal untuk pelajar yang baru merantau.","Kos paling nyaman selama kuliah di Jakarta. WiFi kencang dan stabil. AC dingin, tidak berisik. Lingkungan bersih dan aman, tidak pernah ada masalah keamanan. Sangat recommended untuk mahasiswa baru!",assets/kos_photos/kos_0625.jpg,-6.197999,106.795429
KOS-0626,Kos Taman Sari 626,Jakarta Barat,Taman Sari,2100000,Putra,18,1,1,1,1,1,0,0,1,6.9,Binus Kemanggisan,5.0,4.8,29,14,"Kos bersih dan terawat di Taman Sari, Jakarta Barat. Kamar putra berukuran 18m² tersedia dengan fasilitas AC, kamar mandi dalam, WiFi, listrik termasuk, parkir, dan security 24 jam. Pengelolaan profesional, kontrak fleksibel per bulan. Jarak 6.9 km dari kampus, 5.0 km dari halte atau stasiun. Survei gratis, hubungi pemilik sekarang!","Kos paling nyaman selama kuliah di Jakarta. WiFi kencang dan stabil. AC dingin, tidak berisik. Lingkungan bersih dan aman, tidak pernah ada masalah keamanan. Sangat recommended untuk mahasiswa baru!",assets/kos_photos/kos_0626.jpg,-6.14322,106.833216
KOS-0627,Kos Cengkareng 627,Jakarta Barat,Cengkareng,2500000,Putri,12,1,1,1,0,1,1,0,1,5.9,Binus Kemanggisan,0.9,3.5,5,113,"Tersedia kamar kos putri di kawasan Cengkareng, Jakarta Barat. Luas kamar 12m², fasilitas: AC, kamar mandi dalam, WiFi, parkir, dapur bersama, dan security 24 jam. Dekat kampus (5.9 km) dan transportasi umum (0.9 km). Lingkungan tenang, pemilik kos ramah dan responsif. Harga sudah mencakup biaya perawatan fasilitas bersama. Ideal untuk pelajar yang baru merantau.","Oke secara keseluruhan. WiFi kencang dan stabil. AC dingin, tidak berisik. Ada plus minusnya, tapi tidak mengecewakan. Lumayan untuk jangka panjang.",assets/kos_photos/kos_0627.jpg,-6.192859,106.747496
KOS-0628,Kos Grogol Petamburan 628,Jakarta Barat,Grogol Petamburan,2650000,Putri,20,1,1,1,1,0,1,1,1,7.3,Universitas Tarumanagara,2.0,4.1,19,22,"Kos eksklusif putri area Grogol Petamburan! Fasilitas lengkap: AC, kamar mandi dalam, WiFi, listrik termasuk, dapur bersama, laundry, dan security 24 jam. Kamar 20m² dengan pencahayaan dan ventilasi optimal. Akses mudah ke pusat bisnis Jakarta Barat. Penjaga aktif 24 jam, CCTV terpasang di area umum. Hanya 7.3 km ke kampus terdekat. Daftar sekarang!","Kos paling nyaman selama kuliah di Jakarta. WiFi kencang dan stabil. AC dingin, tidak berisik. Lingkungan bersih dan aman, tidak pernah ada masalah keamanan. Sangat recommended untuk mahasiswa baru!",assets/kos_photos/kos_0628.jpg,-6.181891,106.732485
KOS-0629,Kos Cengkareng 629,Jakarta Barat,Cengkareng,2550000,Putri,15,0,1,1,1,1,0,1,0,1.3,Universitas Tarumanagara,4.3,3.6,29,153,"Hunian nyaman di jantung Jakarta Barat. Kos putri dengan kamar mandi dalam, WiFi, listrik termasuk, parkir, dan laundry. Ukuran kamar 15m², cukup untuk bekerja dan beristirahat. Bebas banjir, akses 24 jam. Jarak ke transportasi umum hanya 4.3 km. Cocok untuk profesional muda yang aktif.",Cukup nyaman untuk kebutuhan sehari-hari. WiFi kencang dan stabil. Kamar mandi pribadi sangat nyaman. Harga standar untuk area sini. Cocok untuk yang budget terbatas.,assets/kos_photos/kos_0629.jpg,-6.173108,106.774926
KOS-0630,Kos Taman Sari 630,Jakarta Barat,Taman Sari,3050000,Putri,9,1,1,1,1,1,0,0,1,1.7,Universitas Tarumanagara,4.1,4.1,13,40,"Kos putri strategis di Taman Sari, Jakarta Barat. Kamar 9m² dilengkapi AC, kamar mandi dalam, WiFi, listrik termasuk, parkir, dan security 24 jam. Lokasi hanya 1.7 km dari kampus dan 4.1 km dari moda transportasi umum. Suasana bersih, aman, dan nyaman. Cocok untuk mahasiswa maupun pekerja muda yang menginginkan hunian berkualitas dengan harga terjangkau.","Kos paling nyaman selama kuliah di Jakarta. WiFi kencang dan stabil. AC dingin, tidak berisik. Lingkungan bersih dan aman, tidak pernah ada masalah keamanan. Sangat recommended untuk mahasiswa baru!",assets/kos_photos/kos_0630.jpg,-6.183735,106.815929
KOS-0631,Kos Cengkareng 631,Jakarta Barat,Cengkareng,2550000,Putri,12,1,1,1,1,1,1,0,0,7.2,Trisakti,4.2,3.9,24,123,"Kos bersih dan terawat di Cengkareng, Jakarta Barat. Kamar putri berukuran 12m² tersedia dengan fasilitas AC, kamar mandi dalam, WiFi, listrik termasuk, parkir, dan dapur bersama. Pengelolaan profesional, kontrak fleksibel per bulan. Jarak 7.2 km dari kampus, 4.2 km dari halte atau stasiun. Survei gratis, hubungi pemilik sekarang!","Lumayan sesuai harga yang dibayar. WiFi kencang dan stabil. AC dingin, tidak berisik. Respons pemilik kadang agak lambat, tapi fasilitas tetap terjaga.",assets/kos_photos/kos_0631.jpg,-6.220962,106.737841
KOS-0632,Kos Kebon Jeruk 632,Jakarta Barat,Kebon Jeruk,2500000,Campur,24,1,0,1,1,0,1,0,1,4.5,Universitas Tarumanagara,1.0,4.9,17,124,"Kos bersih dan terawat di Kebon Jeruk, Jakarta Barat. Kamar campur berukuran 24m² tersedia dengan fasilitas AC, WiFi, listrik termasuk, dapur bersama, dan security 24 jam. Pengelolaan profesional, kontrak fleksibel per bulan. Jarak 4.5 km dari kampus, 1.0 km dari halte atau stasiun. Survei gratis, hubungi pemilik sekarang!","Sudah 6 tahun tinggal di sini dan tidak mau pindah. WiFi kencang dan stabil. AC dingin, tidak berisik. Lingkungan aman dan nyaman, penghuni dipilih secara selektif.",assets/kos_photos/kos_0632.jpg,-6.177445,106.751189
KOS-0633,Kos Kembangan 633,Jakarta Barat,Kembangan,2400000,Putri,12,1,0,1,0,1,1,0,1,8.7,Trisakti,3.8,4.1,25,94,"Kos bersih dan terawat di Kembangan, Jakarta Barat. Kamar putri berukuran 12m² tersedia dengan fasilitas AC, WiFi, parkir, dapur bersama, dan security 24 jam. Pengelolaan profesional, kontrak fleksibel per bulan. Jarak 8.7 km dari kampus, 3.8 km dari halte atau stasiun. Survei gratis, hubungi pemilik sekarang!","Sudah 8 bulan di sini, sangat puas! Kamar bersih dan wangi. WiFi kencang dan stabil. AC dingin, tidak berisik. Pemilik kos sigap menangani keluhan. Sangat direkomendasikan!",assets/kos_photos/kos_0633.jpg,-6.160675,106.781052
KOS-0634,Kos Tambora 634,Jakarta Barat,Tambora,1600000,Putra,9,1,1,0,0,0,0,0,0,7.9,Binus Kemanggisan,4.1,4.2,23,143,"Tersedia kamar kos putra di kawasan Tambora, Jakarta Barat. Luas kamar 9m², fasilitas: AC dan kamar mandi dalam. Dekat kampus (7.9 km) dan transportasi umum (4.1 km). Lingkungan tenang, pemilik kos ramah dan responsif. Harga sudah mencakup biaya perawatan fasilitas bersama. Ideal untuk pelajar yang baru merantau.","Sudah 3 bulan di sini, sangat puas! Kamar bersih dan wangi. AC dingin, tidak berisik. Kamar mandi pribadi sangat nyaman. Pemilik kos sigap menangani keluhan. Sangat direkomendasikan!",assets/kos_photos/kos_0634.jpg,-6.17348,106.767225
KOS-0635,Kos Taman Sari 635,Jakarta Barat,Taman Sari,1850000,Putri,9,0,1,1,0,1,1,1,0,2.5,Trisakti,2.5,4.6,27,46,"Tersedia kamar kos putri di kawasan Taman Sari, Jakarta Barat. Luas kamar 9m², fasilitas: kamar mandi dalam, WiFi, parkir, dapur bersama, dan laundry. Dekat kampus (2.5 km) dan transportasi umum (2.5 km). Lingkungan tenang, pemilik kos ramah dan responsif. Harga sudah mencakup biaya perawatan fasilitas bersama. Ideal untuk pelajar yang baru merantau.","Lokasi sangat strategis, ke mana-mana mudah dijangkau. WiFi kencang dan stabil. Kamar mandi pribadi sangat nyaman. Harga sangat worth it untuk fasilitasnya. Teman sesama penghuni juga asik.",assets/kos_photos/kos_0635.jpg,-6.178908,106.763252
KOS-0636,Kos Kembangan 636,Jakarta Barat,Kembangan,2450000,Putri,12,1,0,1,0,1,0,0,1,2.8,Binus Kemanggisan,2.8,4.6,16,52,"Tersedia kamar kos putri di kawasan Kembangan, Jakarta Barat. Luas kamar 12m², fasilitas: AC, WiFi, parkir, dan security 24 jam. Dekat kampus (2.8 km) dan transportasi umum (2.8 km). Lingkungan tenang, pemilik kos ramah dan responsif. Harga sudah mencakup biaya perawatan fasilitas bersama. Ideal untuk pelajar yang baru merantau.","Sudah 6 bulan di sini, sangat puas! Kamar bersih dan wangi. WiFi kencang dan stabil. AC dingin, tidak berisik. Pemilik kos sigap menangani keluhan. Sangat direkomendasikan!",assets/kos_photos/kos_0636.jpg,-6.187888,106.758479
KOS-0637,Kos Kembangan 637,Jakarta Barat,Kembangan,2400000,Putri,15,1,0,1,1,1,0,1,0,7.7,Trisakti,4.5,3.8,20,185,"Tersedia kamar kos putri di kawasan Kembangan, Jakarta Barat. Luas kamar 15m², fasilitas: AC, WiFi, listrik termasuk, parkir, dan laundry. Dekat kampus (7.7 km) dan transportasi umum (4.5 km). Lingkungan tenang, pemilik kos ramah dan responsif. Harga sudah mencakup biaya perawatan fasilitas bersama. Ideal untuk pelajar yang baru merantau.","Oke secara keseluruhan. WiFi kencang dan stabil. AC dingin, tidak berisik. Ada plus minusnya, tapi tidak mengecewakan. Lumayan untuk jangka panjang.",assets/kos_photos/kos_0637.jpg,-6.15928,106.789921
KOS-0638,Kos Kembangan 638,Jakarta Barat,Kembangan,2650000,Putri,9,1,1,0,1,0,0,0,1,4.3,Binus Kemanggisan,3.9,4.1,17,106,"Kos bersih dan terawat di Kembangan, Jakarta Barat. Kamar putri berukuran 9m² tersedia dengan fasilitas AC, kamar mandi dalam, listrik termasuk, dan security 24 jam. Pengelolaan profesional, kontrak fleksibel per bulan. Jarak 4.3 km dari kampus, 3.9 km dari halte atau stasiun. Survei gratis, hubungi pemilik sekarang!","Baru 8 minggu tapi sudah betah banget. AC dingin, tidak berisik. Kamar mandi pribadi sangat nyaman. Air bersih dan lancar, listrik stabil, tidak pernah mati. Harga sepadan.",assets/kos_photos/kos_0638.jpg,-6.163459,106.778171
KOS-0639,Kos Cengkareng 639,Jakarta Barat,Cengkareng,2300000,Putri,12,1,0,1,1,1,0,0,1,6.9,Universitas Tarumanagara,0.3,4.0,17,42,"Kos bersih dan terawat di Cengkareng, Jakarta Barat. Kamar putri berukuran 12m² tersedia dengan fasilitas AC, WiFi, listrik termasuk, parkir, dan security 24 jam. Pengelolaan profesional, kontrak fleksibel per bulan. Jarak 6.9 km dari kampus, 0.3 km dari halte atau stasiun. Survei gratis, hubungi pemilik sekarang!","Kos paling nyaman selama kuliah di Jakarta. WiFi kencang dan stabil. AC dingin, tidak berisik. Lingkungan bersih dan aman, tidak pernah ada masalah keamanan. Sangat recommended untuk mahasiswa baru!",assets/kos_photos/kos_0639.jpg,-6.15464,106.78739
KOS-0640,Kos Palmerah 640,Jakarta Barat,Palmerah,1850000,Campur,12,1,0,1,1,1,1,0,0,4.0,Binus Kemanggisan,4.2,4.7,23,187,"Kos campur strategis di Palmerah, Jakarta Barat. Kamar 12m² dilengkapi AC, WiFi, listrik termasuk, parkir, dan dapur bersama. Lokasi hanya 4.0 km dari kampus dan 4.2 km dari moda transportasi umum. Suasana bersih, aman, dan nyaman. Cocok untuk mahasiswa maupun pekerja muda yang menginginkan hunian berkualitas dengan harga terjangkau.","Baru 18 minggu tapi sudah betah banget. WiFi kencang dan stabil. AC dingin, tidak berisik. Air bersih dan lancar, listrik stabil, tidak pernah mati. Harga sepadan.",assets/kos_photos/kos_0640.jpg,-6.19606,106.763247
KOS-0641,Kos Kalideres 641,Jakarta Barat,Kalideres,2250000,Putri,9,1,1,1,0,1,0,0,0,1.8,Trisakti,1.6,4.7,22,118,"Kos bersih dan terawat di Kalideres, Jakarta Barat. Kamar putri berukuran 9m² tersedia dengan fasilitas AC, kamar mandi dalam, WiFi, dan parkir. Pengelolaan profesional, kontrak fleksibel per bulan. Jarak 1.8 km dari kampus, 1.6 km dari halte atau stasiun. Survei gratis, hubungi pemilik sekarang!","Sudah 12 tahun tinggal di sini dan tidak mau pindah. WiFi kencang dan stabil. AC dingin, tidak berisik. Lingkungan aman dan nyaman, penghuni dipilih secara selektif.",assets/kos_photos/kos_0641.jpg,-6.176852,106.746668
KOS-0642,Kos Palmerah 642,Jakarta Barat,Palmerah,2500000,Putra,20,1,1,1,0,0,1,0,1,5.0,Universitas Tarumanagara,1.3,4.0,13,139,"Hunian nyaman di jantung Jakarta Barat. Kos putra dengan AC, kamar mandi dalam, WiFi, dapur bersama, dan security 24 jam. Ukuran kamar 20m², cukup untuk bekerja dan beristirahat. Bebas banjir, akses 24 jam. Jarak ke transportasi umum hanya 1.3 km. Cocok untuk profesional muda yang aktif.","Kos paling nyaman selama kuliah di Jakarta. WiFi kencang dan stabil. AC dingin, tidak berisik. Lingkungan bersih dan aman, tidak pernah ada masalah keamanan. Sangat recommended untuk mahasiswa baru!",assets/kos_photos/kos_0642.jpg,-6.193609,106.76505
KOS-0643,Kos Kebon Jeruk 643,Jakarta Barat,Kebon Jeruk,2100000,Campur,24,1,0,0,0,1,1,0,0,5.0,Universitas Tarumanagara,4.1,3.6,12,150,"Kos campur strategis di Kebon Jeruk, Jakarta Barat. Kamar 24m² dilengkapi AC, parkir, dan dapur bersama. Lokasi hanya 5.0 km dari kampus dan 4.1 km dari moda transportasi umum. Suasana bersih, aman, dan nyaman. Cocok untuk mahasiswa maupun pekerja muda yang menginginkan hunian berkualitas dengan harga terjangkau.","Oke secara keseluruhan. AC dingin, tidak berisik. Ada plus minusnya, tapi tidak mengecewakan. Lumayan untuk jangka panjang.",assets/kos_photos/kos_0643.jpg,-6.201891,106.768757
KOS-0644,Kos Palmerah 644,Jakarta Barat,Palmerah,2700000,Campur,12,1,1,1,1,1,0,0,0,4.7,Universitas Tarumanagara,0.8,4.8,20,136,"Tersedia kamar kos campur di kawasan Palmerah, Jakarta Barat. Luas kamar 12m², fasilitas: AC, kamar mandi dalam, WiFi, listrik termasuk, dan parkir. Dekat kampus (4.7 km) dan transportasi umum (0.8 km). Lingkungan tenang, pemilik kos ramah dan responsif. Harga sudah mencakup biaya perawatan fasilitas bersama. Ideal untuk pelajar yang baru merantau.","Kos paling nyaman selama kuliah di Jakarta. WiFi kencang dan stabil. AC dingin, tidak berisik. Lingkungan bersih dan aman, tidak pernah ada masalah keamanan. Sangat recommended untuk mahasiswa baru!",assets/kos_photos/kos_0644.jpg,-6.119753,106.769832
KOS-0645,Kos Cengkareng 645,Jakarta Barat,Cengkareng,2000000,Putri,15,1,1,1,0,1,1,1,1,8.1,Universitas Tarumanagara,2.6,4.8,26,197,"Hunian nyaman di jantung Jakarta Barat. Kos putri dengan AC, kamar mandi dalam, WiFi, parkir, dapur bersama, laundry, dan security 24 jam. Ukuran kamar 15m², cukup untuk bekerja dan beristirahat. Bebas banjir, akses 24 jam. Jarak ke transportasi umum hanya 2.6 km. Cocok untuk profesional muda yang aktif.","Baru 6 minggu tapi sudah betah banget. WiFi kencang dan stabil. AC dingin, tidak berisik. Air bersih dan lancar, listrik stabil, tidak pernah mati. Harga sepadan.",assets/kos_photos/kos_0645.jpg,-6.201339,106.730727
KOS-0646,Kos Grogol Petamburan 646,Jakarta Barat,Grogol Petamburan,1850000,Putri,15,0,0,1,1,0,0,1,1,4.6,Trisakti,3.8,4.6,5,180,"Tersedia kamar kos putri di kawasan Grogol Petamburan, Jakarta Barat. Luas kamar 15m², fasilitas: WiFi, listrik termasuk, laundry, dan security 24 jam. Dekat kampus (4.6 km) dan transportasi umum (3.8 km). Lingkungan tenang, pemilik kos ramah dan responsif. Harga sudah mencakup biaya perawatan fasilitas bersama. Ideal untuk pelajar yang baru merantau.","Baru 18 minggu tapi sudah betah banget. WiFi kencang dan stabil. Keamanan 24 jam membuat tenang. Air bersih dan lancar, listrik stabil, tidak pernah mati. Harga sepadan.",assets/kos_photos/kos_0646.jpg,-6.200499,106.761923
KOS-0647,Kos Kebon Jeruk 647,Jakarta Barat,Kebon Jeruk,2450000,Putri,12,1,1,1,0,1,0,1,1,2.7,Trisakti,1.2,4.4,23,57,"Kos putri strategis di Kebon Jeruk, Jakarta Barat. Kamar 12m² dilengkapi AC, kamar mandi dalam, WiFi, parkir, laundry, dan security 24 jam. Lokasi hanya 2.7 km dari kampus dan 1.2 km dari moda transportasi umum. Suasana bersih, aman, dan nyaman. Cocok untuk mahasiswa maupun pekerja muda yang menginginkan hunian berkualitas dengan harga terjangkau.","Sudah 3 tahun tinggal di sini dan tidak mau pindah. WiFi kencang dan stabil. AC dingin, tidak berisik. Lingkungan aman dan nyaman, penghuni dipilih secara selektif.",assets/kos_photos/kos_0647.jpg,-6.196963,106.755276
KOS-0648,Kos Kebon Jeruk 648,Jakarta Barat,Kebon Jeruk,2350000,Putri,15,1,0,1,1,1,0,0,1,2.9,Binus Kemanggisan,3.9,4.3,29,124,"Hunian nyaman di jantung Jakarta Barat. Kos putri dengan AC, WiFi, listrik termasuk, parkir, dan security 24 jam. Ukuran kamar 15m², cukup untuk bekerja dan beristirahat. Bebas banjir, akses 24 jam. Jarak ke transportasi umum hanya 3.9 km. Cocok untuk profesional muda yang aktif.","Baru 6 minggu tapi sudah betah banget. WiFi kencang dan stabil. AC dingin, tidak berisik. Air bersih dan lancar, listrik stabil, tidak pernah mati. Harga sepadan.",assets/kos_photos/kos_0648.jpg,-6.209242,106.786465
KOS-0649,Kos Tambora 649,Jakarta Barat,Tambora,2450000,Putra,12,1,1,1,1,0,0,0,0,1.2,Binus Kemanggisan,0.7,4.9,15,126,"Hunian nyaman di jantung Jakarta Barat. Kos putra dengan AC, kamar mandi dalam, WiFi, dan listrik termasuk. Ukuran kamar 12m², cukup untuk bekerja dan beristirahat. Bebas banjir, akses 24 jam. Jarak ke transportasi umum hanya 0.7 km. Cocok untuk profesional muda yang aktif.","Sudah 24 bulan di sini, sangat puas! Kamar bersih dan wangi. WiFi kencang dan stabil. AC dingin, tidak berisik. Pemilik kos sigap menangani keluhan. Sangat direkomendasikan!",assets/kos_photos/kos_0649.jpg,-6.189913,106.723346
KOS-0650,Kos Kembangan 650,Jakarta Barat,Kembangan,2450000,Putri,9,1,1,1,1,1,1,0,0,5.0,Universitas Tarumanagara,1.1,4.2,29,196,"Kos putri strategis di Kembangan, Jakarta Barat. Kamar 9m² dilengkapi AC, kamar mandi dalam, WiFi, listrik termasuk, parkir, dan dapur bersama. Lokasi hanya 5.0 km dari kampus dan 1.1 km dari moda transportasi umum. Suasana bersih, aman, dan nyaman. Cocok untuk mahasiswa maupun pekerja muda yang menginginkan hunian berkualitas dengan harga terjangkau.","Lokasi sangat strategis, ke mana-mana mudah dijangkau. WiFi kencang dan stabil. AC dingin, tidak berisik. Harga sangat worth it untuk fasilitasnya. Teman sesama penghuni juga asik.",assets/kos_photos/kos_0650.jpg,-6.145258,106.736985
KOS-0651,Kos Taman Sari 651,Jakarta Barat,Taman Sari,2050000,Putri,15,1,0,1,0,0,0,1,1,4.5,Binus Kemanggisan,3.8,3.9,27,141,"Kos bersih dan terawat di Taman Sari, Jakarta Barat. Kamar putri berukuran 15m² tersedia dengan fasilitas AC, WiFi, laundry, dan security 24 jam. Pengelolaan profesional, kontrak fleksibel per bulan. Jarak 4.5 km dari kampus, 3.8 km dari halte atau stasiun. Survei gratis, hubungi pemilik sekarang!","Oke secara keseluruhan. WiFi kencang dan stabil. AC dingin, tidak berisik. Ada plus minusnya, tapi tidak mengecewakan. Lumayan untuk jangka panjang.",assets/kos_photos/kos_0651.jpg,-6.157521,106.703368
KOS-0652,Kos Cengkareng 652,Jakarta Barat,Cengkareng,2400000,Putra,12,1,1,1,0,1,0,0,1,3.2,Binus Kemanggisan,4.7,4.5,10,120,"Tersedia kamar kos putra di kawasan Cengkareng, Jakarta Barat. Luas kamar 12m², fasilitas: AC, kamar mandi dalam, WiFi, parkir, dan security 24 jam. Dekat kampus (3.2 km) dan transportasi umum (4.7 km). Lingkungan tenang, pemilik kos ramah dan responsif. Harga sudah mencakup biaya perawatan fasilitas bersama. Ideal untuk pelajar yang baru merantau.","Lokasi sangat strategis, ke mana-mana mudah dijangkau. WiFi kencang dan stabil. AC dingin, tidak berisik. Harga sangat worth it untuk fasilitasnya. Teman sesama penghuni juga asik.",assets/kos_photos/kos_0652.jpg,-6.1661,106.769067
KOS-0653,Kos Palmerah 653,Jakarta Barat,Palmerah,2450000,Putra,12,0,1,1,0,1,1,1,1,3.0,Trisakti,0.5,4.5,14,177,"Kos bersih dan terawat di Palmerah, Jakarta Barat. Kamar putra berukuran 12m² tersedia dengan fasilitas kamar mandi dalam, WiFi, parkir, dapur bersama, laundry, dan security 24 jam. Pengelolaan profesional, kontrak fleksibel per bulan. Jarak 3.0 km dari kampus, 0.5 km dari halte atau stasiun. Survei gratis, hubungi pemilik sekarang!","Sudah 6 bulan di sini, sangat puas! Kamar bersih dan wangi. WiFi kencang dan stabil. Kamar mandi pribadi sangat nyaman. Pemilik kos sigap menangani keluhan. Sangat direkomendasikan!",assets/kos_photos/kos_0653.jpg,-6.160627,106.703468
KOS-0654,Kos Kembangan 654,Jakarta Barat,Kembangan,2450000,Putri,9,1,1,1,0,1,0,0,0,10.0,Trisakti,1.7,4.0,26,36,"Tersedia kamar kos putri di kawasan Kembangan, Jakarta Barat. Luas kamar 9m², fasilitas: AC, kamar mandi dalam, WiFi, dan parkir. Dekat kampus (10.0 km) dan transportasi umum (1.7 km). Lingkungan tenang, pemilik kos ramah dan responsif. Harga sudah mencakup biaya perawatan fasilitas bersama. Ideal untuk pelajar yang baru merantau.","Sudah 6 bulan di sini, sangat puas! Kamar bersih dan wangi. WiFi kencang dan stabil. AC dingin, tidak berisik. Pemilik kos sigap menangani keluhan. Sangat direkomendasikan!",assets/kos_photos/kos_0654.jpg,-6.179274,106.77484
KOS-0655,Kos Grogol Petamburan 655,Jakarta Barat,Grogol Petamburan,2350000,Putri,15,1,0,1,0,0,0,1,0,4.1,Binus Kemanggisan,0.9,4.5,17,166,"Kos bersih dan terawat di Grogol Petamburan, Jakarta Barat. Kamar putri berukuran 15m² tersedia dengan fasilitas AC, WiFi, dan laundry. Pengelolaan profesional, kontrak fleksibel per bulan. Jarak 4.1 km dari kampus, 0.9 km dari halte atau stasiun. Survei gratis, hubungi pemilik sekarang!","Kos paling nyaman selama kuliah di Jakarta. WiFi kencang dan stabil. AC dingin, tidak berisik. Lingkungan bersih dan aman, tidak pernah ada masalah keamanan. Sangat recommended untuk mahasiswa baru!",assets/kos_photos/kos_0655.jpg,-6.159189,106.757543
KOS-0656,Kos Grogol Petamburan 656,Jakarta Barat,Grogol Petamburan,2600000,Campur,9,1,1,0,1,1,1,1,0,4.2,Binus Kemanggisan,4.3,4.4,28,30,"Kos bersih dan terawat di Grogol Petamburan, Jakarta Barat. Kamar campur berukuran 9m² tersedia dengan fasilitas AC, kamar mandi dalam, listrik termasuk, parkir, dapur bersama, dan laundry. Pengelolaan profesional, kontrak fleksibel per bulan. Jarak 4.2 km dari kampus, 4.3 km dari halte atau stasiun. Survei gratis, hubungi pemilik sekarang!","Sudah 6 bulan di sini, sangat puas! Kamar bersih dan wangi. AC dingin, tidak berisik. Kamar mandi pribadi sangat nyaman. Pemilik kos sigap menangani keluhan. Sangat direkomendasikan!",assets/kos_photos/kos_0656.jpg,-6.163991,106.735639
KOS-0657,Kos Kebon Jeruk 657,Jakarta Barat,Kebon Jeruk,2150000,Campur,9,0,1,1,0,1,0,1,1,7.4,Binus Kemanggisan,4.1,4.3,22,121,"Tersedia kamar kos campur di kawasan Kebon Jeruk, Jakarta Barat. Luas kamar 9m², fasilitas: kamar mandi dalam, WiFi, parkir, laundry, dan security 24 jam. Dekat kampus (7.4 km) dan transportasi umum (4.1 km). Lingkungan tenang, pemilik kos ramah dan responsif. Harga sudah mencakup biaya perawatan fasilitas bersama. Ideal untuk pelajar yang baru merantau.","Sudah 6 tahun tinggal di sini dan tidak mau pindah. WiFi kencang dan stabil. Kamar mandi pribadi sangat nyaman. Lingkungan aman dan nyaman, penghuni dipilih secara selektif.",assets/kos_photos/kos_0657.jpg,-6.15169,106.766072
KOS-0658,Kos Kembangan 658,Jakarta Barat,Kembangan,1950000,Putra,12,0,1,1,0,1,0,1,0,1.5,Binus Kemanggisan,3.8,3.6,11,162,"Tersedia kamar kos putra di kawasan Kembangan, Jakarta Barat. Luas kamar 12m², fasilitas: kamar mandi dalam, WiFi, parkir, dan laundry. Dekat kampus (1.5 km) dan transportasi umum (3.8 km). Lingkungan tenang, pemilik kos ramah dan responsif. Harga sudah mencakup biaya perawatan fasilitas bersama. Ideal untuk pelajar yang baru merantau.","Oke secara keseluruhan. WiFi kencang dan stabil. Kamar mandi pribadi sangat nyaman. Ada plus minusnya, tapi tidak mengecewakan. Lumayan untuk jangka panjang.",assets/kos_photos/kos_0658.jpg,-6.127245,106.749237
KOS-0659,Kos Palmerah 659,Jakarta Barat,Palmerah,2350000,Putri,12,0,1,1,0,1,0,0,0,2.8,Universitas Tarumanagara,1.8,4.3,25,154,"Tersedia kamar kos putri di kawasan Palmerah, Jakarta Barat. Luas kamar 12m², fasilitas: kamar mandi dalam, WiFi, dan parkir. Dekat kampus (2.8 km) dan transportasi umum (1.8 km). Lingkungan tenang, pemilik kos ramah dan responsif. Harga sudah mencakup biaya perawatan fasilitas bersama. Ideal untuk pelajar yang baru merantau.","Sudah 6 tahun tinggal di sini dan tidak mau pindah. WiFi kencang dan stabil. Kamar mandi pribadi sangat nyaman. Lingkungan aman dan nyaman, penghuni dipilih secara selektif.",assets/kos_photos/kos_0659.jpg,-6.143519,106.763234
KOS-0660,Kos Tambora 660,Jakarta Barat,Tambora,2700000,Putra,12,1,1,1,0,0,1,0,1,1.0,Trisakti,3.6,4.9,7,153,"Kos putra strategis di Tambora, Jakarta Barat. Kamar 12m² dilengkapi AC, kamar mandi dalam, WiFi, dapur bersama, dan security 24 jam. Lokasi hanya 1.0 km dari kampus dan 3.6 km dari moda transportasi umum. Suasana bersih, aman, dan nyaman. Cocok untuk mahasiswa maupun pekerja muda yang menginginkan hunian berkualitas dengan harga terjangkau.","Lokasi sangat strategis, ke mana-mana mudah dijangkau. WiFi kencang dan stabil. AC dingin, tidak berisik. Harga sangat worth it untuk fasilitasnya. Teman sesama penghuni juga asik.",assets/kos_photos/kos_0660.jpg,-6.162936,106.771975
KOS-0661,Kos Palmerah 661,Jakarta Barat,Palmerah,1300000,Campur,9,1,0,1,1,0,1,0,0,5.7,Trisakti,1.5,3.7,17,36,"Hunian nyaman di jantung Jakarta Barat. Kos campur dengan AC, WiFi, listrik termasuk, dan dapur bersama. Ukuran kamar 9m², cukup untuk bekerja dan beristirahat. Bebas banjir, akses 24 jam. Jarak ke transportasi umum hanya 1.5 km. Cocok untuk profesional muda yang aktif.","Cukup nyaman untuk kebutuhan sehari-hari. WiFi kencang dan stabil. AC dingin, tidak berisik. Harga standar untuk area sini. Cocok untuk yang budget terbatas.",assets/kos_photos/kos_0661.jpg,-6.117464,106.787175
KOS-0662,Kos Kebon Jeruk 662,Jakarta Barat,Kebon Jeruk,2700000,Putri,15,1,1,1,1,1,1,0,0,5.1,Trisakti,2.1,4.2,15,78,"Kos putri strategis di Kebon Jeruk, Jakarta Barat. Kamar 15m² dilengkapi AC, kamar mandi dalam, WiFi, listrik termasuk, parkir, dan dapur bersama. Lokasi hanya 5.1 km dari kampus dan 2.1 km dari moda transportasi umum. Suasana bersih, aman, dan nyaman. Cocok untuk mahasiswa maupun pekerja muda yang menginginkan hunian berkualitas dengan harga terjangkau.","Sudah 6 tahun tinggal di sini dan tidak mau pindah. WiFi kencang dan stabil. AC dingin, tidak berisik. Lingkungan aman dan nyaman, penghuni dipilih secara selektif.",assets/kos_photos/kos_0662.jpg,-6.145863,106.792968
KOS-0663,Kos Taman Sari 663,Jakarta Barat,Taman Sari,2500000,Putri,12,1,1,1,0,0,0,0,1,1.0,Binus Kemanggisan,1.0,4.1,25,62,"Kos bersih dan terawat di Taman Sari, Jakarta Barat. Kamar putri berukuran 12m² tersedia dengan fasilitas AC, kamar mandi dalam, WiFi, dan security 24 jam. Pengelolaan profesional, kontrak fleksibel per bulan. Jarak 1.0 km dari kampus, 1.0 km dari halte atau stasiun. Survei gratis, hubungi pemilik sekarang!","Sudah 12 tahun tinggal di sini dan tidak mau pindah. WiFi kencang dan stabil. AC dingin, tidak berisik. Lingkungan aman dan nyaman, penghuni dipilih secara selektif.",assets/kos_photos/kos_0663.jpg,-6.145276,106.786094
KOS-0664,Kos Kebon Jeruk 664,Jakarta Barat,Kebon Jeruk,1900000,Putri,24,0,0,1,1,1,0,0,1,4.3,Universitas Tarumanagara,2.2,4.4,12,129,"Kos bersih dan terawat di Kebon Jeruk, Jakarta Barat. Kamar putri berukuran 24m² tersedia dengan fasilitas WiFi, listrik termasuk, parkir, dan security 24 jam. Pengelolaan profesional, kontrak fleksibel per bulan. Jarak 4.3 km dari kampus, 2.2 km dari halte atau stasiun. Survei gratis, hubungi pemilik sekarang!","Sudah 2 tahun tinggal di sini dan tidak mau pindah. WiFi kencang dan stabil. Keamanan 24 jam membuat tenang. Lingkungan aman dan nyaman, penghuni dipilih secara selektif.",assets/kos_photos/kos_0664.jpg,-6.187085,106.755247
KOS-0665,Kos Grogol Petamburan 665,Jakarta Barat,Grogol Petamburan,2350000,Putri,15,1,0,1,0,1,0,1,0,2.1,Binus Kemanggisan,1.6,3.6,23,31,"Kos eksklusif putri area Grogol Petamburan! Fasilitas lengkap: AC, WiFi, parkir, dan laundry. Kamar 15m² dengan pencahayaan dan ventilasi optimal. Akses mudah ke pusat bisnis Jakarta Barat. Penjaga aktif 24 jam, CCTV terpasang di area umum. Hanya 2.1 km ke kampus terdekat. Daftar sekarang!","Oke secara keseluruhan. WiFi kencang dan stabil. AC dingin, tidak berisik. Ada plus minusnya, tapi tidak mengecewakan. Lumayan untuk jangka panjang.",assets/kos_photos/kos_0665.jpg,-6.196651,106.693833
KOS-0666,Kos Kalideres 666,Jakarta Barat,Kalideres,2700000,Putra,9,1,1,1,1,1,0,0,1,2.4,Universitas Tarumanagara,0.3,4.1,17,125,"Kos eksklusif putra area Kalideres! Fasilitas lengkap: AC, kamar mandi dalam, WiFi, listrik termasuk, parkir, dan security 24 jam. Kamar 9m² dengan pencahayaan dan ventilasi optimal. Akses mudah ke pusat bisnis Jakarta Barat. Penjaga aktif 24 jam, CCTV terpasang di area umum. Hanya 2.4 km ke kampus terdekat. Daftar sekarang!","Sudah 8 bulan di sini, sangat puas! Kamar bersih dan wangi. WiFi kencang dan stabil. AC dingin, tidak berisik. Pemilik kos sigap menangani keluhan. Sangat direkomendasikan!",assets/kos_photos/kos_0666.jpg,-6.186731,106.811285
KOS-0667,Kos Taman Sari 667,Jakarta Barat,Taman Sari,1550000,Campur,9,0,1,1,0,1,1,0,0,8.3,Universitas Tarumanagara,2.9,4.2,25,22,"Kos eksklusif campur area Taman Sari! Fasilitas lengkap: kamar mandi dalam, WiFi, parkir, dan dapur bersama. Kamar 9m² dengan pencahayaan dan ventilasi optimal. Akses mudah ke pusat bisnis Jakarta Barat. Penjaga aktif 24 jam, CCTV terpasang di area umum. Hanya 8.3 km ke kampus terdekat. Daftar sekarang!","Sudah 24 tahun tinggal di sini dan tidak mau pindah. WiFi kencang dan stabil. Kamar mandi pribadi sangat nyaman. Lingkungan aman dan nyaman, penghuni dipilih secara selektif.",assets/kos_photos/kos_0667.jpg,-6.142124,106.769436
KOS-0668,Kos Cengkareng 668,Jakarta Barat,Cengkareng,3000000,Putra,24,1,0,1,1,1,0,1,1,0.9,Universitas Tarumanagara,1.0,4.8,21,36,"Kos putra strategis di Cengkareng, Jakarta Barat. Kamar 24m² dilengkapi AC, WiFi, listrik termasuk, parkir, laundry, dan security 24 jam. Lokasi hanya 0.9 km dari kampus dan 1.0 km dari moda transportasi umum. Suasana bersih, aman, dan nyaman. Cocok untuk mahasiswa maupun pekerja muda yang menginginkan hunian berkualitas dengan harga terjangkau.","Sudah 12 bulan di sini, sangat puas! Kamar bersih dan wangi. WiFi kencang dan stabil. AC dingin, tidak berisik. Pemilik kos sigap menangani keluhan. Sangat direkomendasikan!",assets/kos_photos/kos_0668.jpg,-6.14018,106.764298
KOS-0669,Kos Kembangan 669,Jakarta Barat,Kembangan,2550000,Putra,18,1,1,1,1,1,0,1,1,8.8,Universitas Tarumanagara,3.3,4.6,19,111,"Kos bersih dan terawat di Kembangan, Jakarta Barat. Kamar putra berukuran 18m² tersedia dengan fasilitas AC, kamar mandi dalam, WiFi, listrik termasuk, parkir, laundry, dan security 24 jam. Pengelolaan profesional, kontrak fleksibel per bulan. Jarak 8.8 km dari kampus, 3.3 km dari halte atau stasiun. Survei gratis, hubungi pemilik sekarang!","Kos paling nyaman selama kuliah di Jakarta. WiFi kencang dan stabil. AC dingin, tidak berisik. Lingkungan bersih dan aman, tidak pernah ada masalah keamanan. Sangat recommended untuk mahasiswa baru!",assets/kos_photos/kos_0669.jpg,-6.165242,106.755693
KOS-0670,Kos Cengkareng 670,Jakarta Barat,Cengkareng,2350000,Putri,9,1,1,0,0,1,0,0,0,3.4,Universitas Tarumanagara,4.9,3.6,16,152,"Tersedia kamar kos putri di kawasan Cengkareng, Jakarta Barat. Luas kamar 9m², fasilitas: AC, kamar mandi dalam, dan parkir. Dekat kampus (3.4 km) dan transportasi umum (4.9 km). Lingkungan tenang, pemilik kos ramah dan responsif. Harga sudah mencakup biaya perawatan fasilitas bersama. Ideal untuk pelajar yang baru merantau.","Oke secara keseluruhan. AC dingin, tidak berisik. Kamar mandi pribadi sangat nyaman. Ada plus minusnya, tapi tidak mengecewakan. Lumayan untuk jangka panjang.",assets/kos_photos/kos_0670.jpg,-6.18116,106.773387
KOS-0671,Kos Kembangan 671,Jakarta Barat,Kembangan,2300000,Putri,9,1,0,1,1,1,1,0,1,6.9,Universitas Tarumanagara,5.0,3.9,18,8,"Kos bersih dan terawat di Kembangan, Jakarta Barat. Kamar putri berukuran 9m² tersedia dengan fasilitas AC, WiFi, listrik termasuk, parkir, dapur bersama, dan security 24 jam. Pengelolaan profesional, kontrak fleksibel per bulan. Jarak 6.9 km dari kampus, 5.0 km dari halte atau stasiun. Survei gratis, hubungi pemilik sekarang!","Oke secara keseluruhan. WiFi kencang dan stabil. AC dingin, tidak berisik. Ada plus minusnya, tapi tidak mengecewakan. Lumayan untuk jangka panjang.",assets/kos_photos/kos_0671.jpg,-6.145894,106.763193
KOS-0672,Kos Kalideres 672,Jakarta Barat,Kalideres,1500000,Putra,9,0,1,0,0,0,1,1,0,5.4,Trisakti,2.9,4.0,20,40,"Kos putra strategis di Kalideres, Jakarta Barat. Kamar 9m² dilengkapi kamar mandi dalam, dapur bersama, dan laundry. Lokasi hanya 5.4 km dari kampus dan 2.9 km dari moda transportasi umum. Suasana bersih, aman, dan nyaman. Cocok untuk mahasiswa maupun pekerja muda yang menginginkan hunian berkualitas dengan harga terjangkau.","Kos paling nyaman selama kuliah di Jakarta. Kamar mandi pribadi sangat nyaman. Lingkungan bersih dan aman, tidak pernah ada masalah keamanan. Sangat recommended untuk mahasiswa baru!",assets/kos_photos/kos_0672.jpg,-6.229887,106.799648
KOS-0673,Kos Tambora 673,Jakarta Barat,Tambora,1850000,Campur,15,1,1,1,0,1,0,0,1,9.2,Universitas Tarumanagara,2.8,4.7,22,157,"Kos campur strategis di Tambora, Jakarta Barat. Kamar 15m² dilengkapi AC, kamar mandi dalam, WiFi, parkir, dan security 24 jam. Lokasi hanya 9.2 km dari kampus dan 2.8 km dari moda transportasi umum. Suasana bersih, aman, dan nyaman. Cocok untuk mahasiswa maupun pekerja muda yang menginginkan hunian berkualitas dengan harga terjangkau.","Lokasi sangat strategis, ke mana-mana mudah dijangkau. WiFi kencang dan stabil. AC dingin, tidak berisik. Harga sangat worth it untuk fasilitasnya. Teman sesama penghuni juga asik.",assets/kos_photos/kos_0673.jpg,-6.149408,106.740347
KOS-0674,Kos Tambora 674,Jakarta Barat,Tambora,2850000,Putra,24,0,1,1,1,1,0,1,1,3.2,Trisakti,4.5,4.3,17,74,"Kos putra strategis di Tambora, Jakarta Barat. Kamar 24m² dilengkapi kamar mandi dalam, WiFi, listrik termasuk, parkir, laundry, dan security 24 jam. Lokasi hanya 3.2 km dari kampus dan 4.5 km dari moda transportasi umum. Suasana bersih, aman, dan nyaman. Cocok untuk mahasiswa maupun pekerja muda yang menginginkan hunian berkualitas dengan harga terjangkau.","Lokasi sangat strategis, ke mana-mana mudah dijangkau. WiFi kencang dan stabil. Kamar mandi pribadi sangat nyaman. Harga sangat worth it untuk fasilitasnya. Teman sesama penghuni juga asik.",assets/kos_photos/kos_0674.jpg,-6.17524,106.750611
KOS-0675,Kos Kalideres 675,Jakarta Barat,Kalideres,1950000,Putra,15,1,1,0,1,1,1,0,0,6.5,Binus Kemanggisan,4.9,4.4,29,191,"Tersedia kamar kos putra di kawasan Kalideres, Jakarta Barat. Luas kamar 15m², fasilitas: AC, kamar mandi dalam, listrik termasuk, parkir, dan dapur bersama. Dekat kampus (6.5 km) dan transportasi umum (4.9 km). Lingkungan tenang, pemilik kos ramah dan responsif. Harga sudah mencakup biaya perawatan fasilitas bersama. Ideal untuk pelajar yang baru merantau.","Baru 2 minggu tapi sudah betah banget. AC dingin, tidak berisik. Kamar mandi pribadi sangat nyaman. Air bersih dan lancar, listrik stabil, tidak pernah mati. Harga sepadan.",assets/kos_photos/kos_0675.jpg,-6.105214,106.783763
KOS-0676,Kos Kebon Jeruk 676,Jakarta Barat,Kebon Jeruk,1950000,Campur,24,1,0,0,0,1,0,0,0,9.6,Universitas Tarumanagara,2.3,4.0,7,59,"Kos campur strategis di Kebon Jeruk, Jakarta Barat. Kamar 24m² dilengkapi AC dan parkir. Lokasi hanya 9.6 km dari kampus dan 2.3 km dari moda transportasi umum. Suasana bersih, aman, dan nyaman. Cocok untuk mahasiswa maupun pekerja muda yang menginginkan hunian berkualitas dengan harga terjangkau.","Sudah 6 tahun tinggal di sini dan tidak mau pindah. AC dingin, tidak berisik. Lingkungan aman dan nyaman, penghuni dipilih secara selektif.",assets/kos_photos/kos_0676.jpg,-6.137413,106.758148
KOS-0677,Kos Kebon Jeruk 677,Jakarta Barat,Kebon Jeruk,2200000,Putri,12,1,0,0,1,1,0,0,1,7.2,Universitas Tarumanagara,3.8,4.1,18,153,"Kos putri strategis di Kebon Jeruk, Jakarta Barat. Kamar 12m² dilengkapi AC, listrik termasuk, parkir, dan security 24 jam. Lokasi hanya 7.2 km dari kampus dan 3.8 km dari moda transportasi umum. Suasana bersih, aman, dan nyaman. Cocok untuk mahasiswa maupun pekerja muda yang menginginkan hunian berkualitas dengan harga terjangkau.","Sudah 24 tahun tinggal di sini dan tidak mau pindah. AC dingin, tidak berisik. Keamanan 24 jam membuat tenang. Lingkungan aman dan nyaman, penghuni dipilih secara selektif.",assets/kos_photos/kos_0677.jpg,-6.179115,106.783193
KOS-0678,Kos Palmerah 678,Jakarta Barat,Palmerah,2300000,Campur,9,0,1,1,1,1,1,0,1,1.4,Binus Kemanggisan,4.9,3.5,28,140,"Tersedia kamar kos campur di kawasan Palmerah, Jakarta Barat. Luas kamar 9m², fasilitas: kamar mandi dalam, WiFi, listrik termasuk, parkir, dapur bersama, dan security 24 jam. Dekat kampus (1.4 km) dan transportasi umum (4.9 km). Lingkungan tenang, pemilik kos ramah dan responsif. Harga sudah mencakup biaya perawatan fasilitas bersama. Ideal untuk pelajar yang baru merantau.","Oke secara keseluruhan. WiFi kencang dan stabil. Kamar mandi pribadi sangat nyaman. Ada plus minusnya, tapi tidak mengecewakan. Lumayan untuk jangka panjang.",assets/kos_photos/kos_0678.jpg,-6.191694,106.800451
KOS-0679,Kos Taman Sari 679,Jakarta Barat,Taman Sari,1800000,Putri,9,0,1,1,0,0,0,0,1,5.1,Binus Kemanggisan,0.6,4.8,24,109,"Hunian nyaman di jantung Jakarta Barat. Kos putri dengan kamar mandi dalam, WiFi, dan security 24 jam. Ukuran kamar 9m², cukup untuk bekerja dan beristirahat. Bebas banjir, akses 24 jam. Jarak ke transportasi umum hanya 0.6 km. Cocok untuk profesional muda yang aktif.","Baru 8 minggu tapi sudah betah banget. WiFi kencang dan stabil. Kamar mandi pribadi sangat nyaman. Air bersih dan lancar, listrik stabil, tidak pernah mati. Harga sepadan.",assets/kos_photos/kos_0679.jpg,-6.158111,106.77844
KOS-0680,Kos Tambora 680,Jakarta Barat,Tambora,1650000,Campur,12,0,0,0,0,1,0,0,1,1.3,Universitas Tarumanagara,3.6,3.7,27,72,"Kos bersih dan terawat di Tambora, Jakarta Barat. Kamar campur berukuran 12m² tersedia dengan fasilitas parkir dan security 24 jam. Pengelolaan profesional, kontrak fleksibel per bulan. Jarak 1.3 km dari kampus, 3.6 km dari halte atau stasiun. Survei gratis, hubungi pemilik sekarang!","Oke secara keseluruhan. Keamanan 24 jam membuat tenang. Ada plus minusnya, tapi tidak mengecewakan. Lumayan untuk jangka panjang.",assets/kos_photos/kos_0680.jpg,-6.20403,106.708239
KOS-0681,Kos Palmerah 681,Jakarta Barat,Palmerah,2200000,Putri,15,1,1,1,0,0,1,0,0,2.0,Universitas Tarumanagara,4.3,4.2,13,123,"Kos eksklusif putri area Palmerah! Fasilitas lengkap: AC, kamar mandi dalam, WiFi, dan dapur bersama. Kamar 15m² dengan pencahayaan dan ventilasi optimal. Akses mudah ke pusat bisnis Jakarta Barat. Penjaga aktif 24 jam, CCTV terpasang di area umum. Hanya 2.0 km ke kampus terdekat. Daftar sekarang!","Sudah 8 tahun tinggal di sini dan tidak mau pindah. WiFi kencang dan stabil. AC dingin, tidak berisik. Lingkungan aman dan nyaman, penghuni dipilih secara selektif.",assets/kos_photos/kos_0681.jpg,-6.1663,106.793132
KOS-0682,Kos Tambora 682,Jakarta Barat,Tambora,1650000,Putra,15,0,1,1,0,1,1,0,0,8.5,Trisakti,3.6,5.0,11,34,"Hunian nyaman di jantung Jakarta Barat. Kos putra dengan kamar mandi dalam, WiFi, parkir, dan dapur bersama. Ukuran kamar 15m², cukup untuk bekerja dan beristirahat. Bebas banjir, akses 24 jam. Jarak ke transportasi umum hanya 3.6 km. Cocok untuk profesional muda yang aktif.","Sudah 8 bulan di sini, sangat puas! Kamar bersih dan wangi. WiFi kencang dan stabil. Kamar mandi pribadi sangat nyaman. Pemilik kos sigap menangani keluhan. Sangat direkomendasikan!",assets/kos_photos/kos_0682.jpg,-6.199351,106.754093
KOS-0683,Kos Kalideres 683,Jakarta Barat,Kalideres,2050000,Campur,12,1,1,0,0,1,0,1,1,9.8,Universitas Tarumanagara,4.8,4.8,13,141,"Tersedia kamar kos campur di kawasan Kalideres, Jakarta Barat. Luas kamar 12m², fasilitas: AC, kamar mandi dalam, parkir, laundry, dan security 24 jam. Dekat kampus (9.8 km) dan transportasi umum (4.8 km). Lingkungan tenang, pemilik kos ramah dan responsif. Harga sudah mencakup biaya perawatan fasilitas bersama. Ideal untuk pelajar yang baru merantau.","Lokasi sangat strategis, ke mana-mana mudah dijangkau. AC dingin, tidak berisik. Kamar mandi pribadi sangat nyaman. Harga sangat worth it untuk fasilitasnya. Teman sesama penghuni juga asik.",assets/kos_photos/kos_0683.jpg,-6.111102,106.799902
KOS-0684,Kos Tambora 684,Jakarta Barat,Tambora,2350000,Putri,15,0,1,1,0,1,1,1,0,0.7,Universitas Tarumanagara,2.0,4.9,28,176,"Kos eksklusif putri area Tambora! Fasilitas lengkap: kamar mandi dalam, WiFi, parkir, dapur bersama, dan laundry. Kamar 15m² dengan pencahayaan dan ventilasi optimal. Akses mudah ke pusat bisnis Jakarta Barat. Penjaga aktif 24 jam, CCTV terpasang di area umum. Hanya 0.7 km ke kampus terdekat. Daftar sekarang!","Baru 2 minggu tapi sudah betah banget. WiFi kencang dan stabil. Kamar mandi pribadi sangat nyaman. Air bersih dan lancar, listrik stabil, tidak pernah mati. Harga sepadan.",assets/kos_photos/kos_0684.jpg,-6.19648,106.782623
KOS-0685,Kos Taman Sari 685,Jakarta Barat,Taman Sari,2500000,Putri,15,0,0,1,1,1,0,0,1,0.7,Universitas Tarumanagara,3.1,4.5,14,67,"Kos bersih dan terawat di Taman Sari, Jakarta Barat. Kamar putri berukuran 15m² tersedia dengan fasilitas WiFi, listrik termasuk, parkir, dan security 24 jam. Pengelolaan profesional, kontrak fleksibel per bulan. Jarak 0.7 km dari kampus, 3.1 km dari halte atau stasiun. Survei gratis, hubungi pemilik sekarang!","Sudah 3 bulan di sini, sangat puas! Kamar bersih dan wangi. WiFi kencang dan stabil. Keamanan 24 jam membuat tenang. Pemilik kos sigap menangani keluhan. Sangat direkomendasikan!",assets/kos_photos/kos_0685.jpg,-6.180361,106.760031
KOS-0686,Kos Taman Sari 686,Jakarta Barat,Taman Sari,1950000,Putra,12,1,1,1,1,1,0,0,0,2.5,Binus Kemanggisan,1.2,3.5,15,124,"Kos bersih dan terawat di Taman Sari, Jakarta Barat. Kamar putra berukuran 12m² tersedia dengan fasilitas AC, kamar mandi dalam, WiFi, listrik termasuk, dan parkir. Pengelolaan profesional, kontrak fleksibel per bulan. Jarak 2.5 km dari kampus, 1.2 km dari halte atau stasiun. Survei gratis, hubungi pemilik sekarang!","Cukup nyaman untuk kebutuhan sehari-hari. WiFi kencang dan stabil. AC dingin, tidak berisik. Harga standar untuk area sini. Cocok untuk yang budget terbatas.",assets/kos_photos/kos_0686.jpg,-6.235381,106.775511
KOS-0687,Kos Kalideres 687,Jakarta Barat,Kalideres,2400000,Putri,12,1,1,0,0,0,0,1,1,6.9,Trisakti,0.4,4.0,28,96,"Kos putri strategis di Kalideres, Jakarta Barat. Kamar 12m² dilengkapi AC, kamar mandi dalam, laundry, dan security 24 jam. Lokasi hanya 6.9 km dari kampus dan 0.4 km dari moda transportasi umum. Suasana bersih, aman, dan nyaman. Cocok untuk mahasiswa maupun pekerja muda yang menginginkan hunian berkualitas dengan harga terjangkau.","Sudah 24 tahun tinggal di sini dan tidak mau pindah. AC dingin, tidak berisik. Kamar mandi pribadi sangat nyaman. Lingkungan aman dan nyaman, penghuni dipilih secara selektif.",assets/kos_photos/kos_0687.jpg,-6.173334,106.760732
KOS-0688,Kos Palmerah 688,Jakarta Barat,Palmerah,1850000,Campur,12,0,1,1,1,1,1,0,1,3.7,Universitas Tarumanagara,4.5,3.7,22,146,"Hunian nyaman di jantung Jakarta Barat. Kos campur dengan kamar mandi dalam, WiFi, listrik termasuk, parkir, dapur bersama, dan security 24 jam. Ukuran kamar 12m², cukup untuk bekerja dan beristirahat. Bebas banjir, akses 24 jam. Jarak ke transportasi umum hanya 4.5 km. Cocok untuk profesional muda yang aktif.","Lumayan sesuai harga yang dibayar. WiFi kencang dan stabil. Kamar mandi pribadi sangat nyaman. Respons pemilik kadang agak lambat, tapi fasilitas tetap terjaga.",assets/kos_photos/kos_0688.jpg,-6.212722,106.749975
KOS-0689,Kos Tambora 689,Jakarta Barat,Tambora,2300000,Campur,15,1,1,1,1,1,1,1,1,9.0,Binus Kemanggisan,1.3,4.1,18,122,"Kos campur strategis di Tambora, Jakarta Barat. Kamar 15m² dilengkapi AC, kamar mandi dalam, WiFi, listrik termasuk, parkir, dapur bersama, laundry, dan security 24 jam. Lokasi hanya 9.0 km dari kampus dan 1.3 km dari moda transportasi umum. Suasana bersih, aman, dan nyaman. Cocok untuk mahasiswa maupun pekerja muda yang menginginkan hunian berkualitas dengan harga terjangkau.","Baru 6 minggu tapi sudah betah banget. WiFi kencang dan stabil. AC dingin, tidak berisik. Air bersih dan lancar, listrik stabil, tidak pernah mati. Harga sepadan.",assets/kos_photos/kos_0689.jpg,-6.189752,106.72268
KOS-0690,Kos Palmerah 690,Jakarta Barat,Palmerah,2050000,Putri,15,1,1,1,0,1,0,1,1,3.1,Universitas Tarumanagara,1.5,4.0,14,69,"Kos eksklusif putri area Palmerah! Fasilitas lengkap: AC, kamar mandi dalam, WiFi, parkir, laundry, dan security 24 jam. Kamar 15m² dengan pencahayaan dan ventilasi optimal. Akses mudah ke pusat bisnis Jakarta Barat. Penjaga aktif 24 jam, CCTV terpasang di area umum. Hanya 3.1 km ke kampus terdekat. Daftar sekarang!","Kos paling nyaman selama kuliah di Jakarta. WiFi kencang dan stabil. AC dingin, tidak berisik. Lingkungan bersih dan aman, tidak pernah ada masalah keamanan. Sangat recommended untuk mahasiswa baru!",assets/kos_photos/kos_0690.jpg,-6.175525,106.713879
KOS-0691,Kos Grogol Petamburan 691,Jakarta Barat,Grogol Petamburan,2100000,Putra,9,1,1,1,1,0,0,0,0,2.9,Universitas Tarumanagara,2.3,4.5,12,32,"Tersedia kamar kos putra di kawasan Grogol Petamburan, Jakarta Barat. Luas kamar 9m², fasilitas: AC, kamar mandi dalam, WiFi, dan listrik termasuk. Dekat kampus (2.9 km) dan transportasi umum (2.3 km). Lingkungan tenang, pemilik kos ramah dan responsif. Harga sudah mencakup biaya perawatan fasilitas bersama. Ideal untuk pelajar yang baru merantau.","Kos paling nyaman selama kuliah di Jakarta. WiFi kencang dan stabil. AC dingin, tidak berisik. Lingkungan bersih dan aman, tidak pernah ada masalah keamanan. Sangat recommended untuk mahasiswa baru!",assets/kos_photos/kos_0691.jpg,-6.215897,106.77062
KOS-0692,Kos Taman Sari 692,Jakarta Barat,Taman Sari,2450000,Putri,12,1,1,1,1,1,1,0,1,0.5,Universitas Tarumanagara,2.3,3.6,28,63,"Kos eksklusif putri area Taman Sari! Fasilitas lengkap: AC, kamar mandi dalam, WiFi, listrik termasuk, parkir, dapur bersama, dan security 24 jam. Kamar 12m² dengan pencahayaan dan ventilasi optimal. Akses mudah ke pusat bisnis Jakarta Barat. Penjaga aktif 24 jam, CCTV terpasang di area umum. Hanya 0.5 km ke kampus terdekat. Daftar sekarang!","Lumayan sesuai harga yang dibayar. WiFi kencang dan stabil. AC dingin, tidak berisik. Respons pemilik kadang agak lambat, tapi fasilitas tetap terjaga.",assets/kos_photos/kos_0692.jpg,-6.185448,106.758318
KOS-0693,Kos Cengkareng 693,Jakarta Barat,Cengkareng,2450000,Putri,18,1,0,1,1,1,1,0,1,9.3,Trisakti,3.3,4.9,29,138,"Hunian nyaman di jantung Jakarta Barat. Kos putri dengan AC, WiFi, listrik termasuk, parkir, dapur bersama, dan security 24 jam. Ukuran kamar 18m², cukup untuk bekerja dan beristirahat. Bebas banjir, akses 24 jam. Jarak ke transportasi umum hanya 3.3 km. Cocok untuk profesional muda yang aktif.","Baru 3 minggu tapi sudah betah banget. WiFi kencang dan stabil. AC dingin, tidak berisik. Air bersih dan lancar, listrik stabil, tidak pernah mati. Harga sepadan.",assets/kos_photos/kos_0693.jpg,-6.159682,106.751748
KOS-0694,Kos Kebon Jeruk 694,Jakarta Barat,Kebon Jeruk,2600000,Putri,9,0,1,1,1,1,0,1,1,6.8,Universitas Tarumanagara,4.9,4.9,23,35,"Hunian nyaman di jantung Jakarta Barat. Kos putri dengan kamar mandi dalam, WiFi, listrik termasuk, parkir, laundry, dan security 24 jam. Ukuran kamar 9m², cukup untuk bekerja dan beristirahat. Bebas banjir, akses 24 jam. Jarak ke transportasi umum hanya 4.9 km. Cocok untuk profesional muda yang aktif.","Baru 2 minggu tapi sudah betah banget. WiFi kencang dan stabil. Kamar mandi pribadi sangat nyaman. Air bersih dan lancar, listrik stabil, tidak pernah mati. Harga sepadan.",assets/kos_photos/kos_0694.jpg,-6.191839,106.741252
KOS-0695,Kos Taman Sari 695,Jakarta Barat,Taman Sari,2500000,Putra,9,1,1,1,1,1,0,0,0,1.2,Universitas Tarumanagara,1.1,4.2,12,44,"Kos bersih dan terawat di Taman Sari, Jakarta Barat. Kamar putra berukuran 9m² tersedia dengan fasilitas AC, kamar mandi dalam, WiFi, listrik termasuk, dan parkir. Pengelolaan profesional, kontrak fleksibel per bulan. Jarak 1.2 km dari kampus, 1.1 km dari halte atau stasiun. Survei gratis, hubungi pemilik sekarang!","Sudah 8 tahun tinggal di sini dan tidak mau pindah. WiFi kencang dan stabil. AC dingin, tidak berisik. Lingkungan aman dan nyaman, penghuni dipilih secara selektif.",assets/kos_photos/kos_0695.jpg,-6.167132,106.754035
KOS-0696,Kos Kebon Jeruk 696,Jakarta Barat,Kebon Jeruk,2400000,Putri,12,1,0,1,0,1,0,0,1,7.7,Universitas Tarumanagara,0.4,4.5,13,131,"Hunian nyaman di jantung Jakarta Barat. Kos putri dengan AC, WiFi, parkir, dan security 24 jam. Ukuran kamar 12m², cukup untuk bekerja dan beristirahat. Bebas banjir, akses 24 jam. Jarak ke transportasi umum hanya 0.4 km. Cocok untuk profesional muda yang aktif.","Sudah 3 bulan di sini, sangat puas! Kamar bersih dan wangi. WiFi kencang dan stabil. AC dingin, tidak berisik. Pemilik kos sigap menangani keluhan. Sangat direkomendasikan!",assets/kos_photos/kos_0696.jpg,-6.196926,106.802292
KOS-0697,Kos Tambora 697,Jakarta Barat,Tambora,2200000,Putri,12,0,0,1,1,1,1,1,1,3.5,Binus Kemanggisan,2.9,5.0,25,78,"Tersedia kamar kos putri di kawasan Tambora, Jakarta Barat. Luas kamar 12m², fasilitas: WiFi, listrik termasuk, parkir, dapur bersama, laundry, dan security 24 jam. Dekat kampus (3.5 km) dan transportasi umum (2.9 km). Lingkungan tenang, pemilik kos ramah dan responsif. Harga sudah mencakup biaya perawatan fasilitas bersama. Ideal untuk pelajar yang baru merantau.","Kos paling nyaman selama kuliah di Jakarta. WiFi kencang dan stabil. Keamanan 24 jam membuat tenang. Lingkungan bersih dan aman, tidak pernah ada masalah keamanan. Sangat recommended untuk mahasiswa baru!",assets/kos_photos/kos_0697.jpg,-6.210434,106.790649
KOS-0698,Kos Palmerah 698,Jakarta Barat,Palmerah,2100000,Putra,20,0,1,1,0,1,1,0,1,7.2,Binus Kemanggisan,1.8,4.4,15,116,"Kos eksklusif putra area Palmerah! Fasilitas lengkap: kamar mandi dalam, WiFi, parkir, dapur bersama, dan security 24 jam. Kamar 20m² dengan pencahayaan dan ventilasi optimal. Akses mudah ke pusat bisnis Jakarta Barat. Penjaga aktif 24 jam, CCTV terpasang di area umum. Hanya 7.2 km ke kampus terdekat. Daftar sekarang!","Sudah 24 tahun tinggal di sini dan tidak mau pindah. WiFi kencang dan stabil. Kamar mandi pribadi sangat nyaman. Lingkungan aman dan nyaman, penghuni dipilih secara selektif.",assets/kos_photos/kos_0698.jpg,-6.190202,106.778306
KOS-0699,Kos Palmerah 699,Jakarta Barat,Palmerah,2600000,Putri,18,0,1,1,1,0,0,1,0,4.3,Universitas Tarumanagara,3.2,5.0,19,22,"Tersedia kamar kos putri di kawasan Palmerah, Jakarta Barat. Luas kamar 18m², fasilitas: kamar mandi dalam, WiFi, listrik termasuk, dan laundry. Dekat kampus (4.3 km) dan transportasi umum (3.2 km). Lingkungan tenang, pemilik kos ramah dan responsif. Harga sudah mencakup biaya perawatan fasilitas bersama. Ideal untuk pelajar yang baru merantau.","Lokasi sangat strategis, ke mana-mana mudah dijangkau. WiFi kencang dan stabil. Kamar mandi pribadi sangat nyaman. Harga sangat worth it untuk fasilitasnya. Teman sesama penghuni juga asik.",assets/kos_photos/kos_0699.jpg,-6.22093,106.755882
KOS-0700,Kos Palmerah 700,Jakarta Barat,Palmerah,2300000,Putri,24,0,0,1,1,1,1,1,0,2.1,Binus Kemanggisan,3.7,4.0,9,137,"Kos putri strategis di Palmerah, Jakarta Barat. Kamar 24m² dilengkapi WiFi, listrik termasuk, parkir, dapur bersama, dan laundry. Lokasi hanya 2.1 km dari kampus dan 3.7 km dari moda transportasi umum. Suasana bersih, aman, dan nyaman. Cocok untuk mahasiswa maupun pekerja muda yang menginginkan hunian berkualitas dengan harga terjangkau.","Sudah 6 bulan di sini, sangat puas! Kamar bersih dan wangi. WiFi kencang dan stabil. Pemilik kos sigap menangani keluhan. Sangat direkomendasikan!",assets/kos_photos/kos_0700.jpg,-6.171877,106.791245
KOS-0701,Kos Palmerah 701,Jakarta Barat,Palmerah,2350000,Putra,9,1,1,1,1,1,1,0,1,6.0,Trisakti,3.6,3.7,19,186,"Kos bersih dan terawat di Palmerah, Jakarta Barat. Kamar putra berukuran 9m² tersedia dengan fasilitas AC, kamar mandi dalam, WiFi, listrik termasuk, parkir, dapur bersama, dan security 24 jam. Pengelolaan profesional, kontrak fleksibel per bulan. Jarak 6.0 km dari kampus, 3.6 km dari halte atau stasiun. Survei gratis, hubungi pemilik sekarang!","Cukup nyaman untuk kebutuhan sehari-hari. WiFi kencang dan stabil. AC dingin, tidak berisik. Harga standar untuk area sini. Cocok untuk yang budget terbatas.",assets/kos_photos/kos_0701.jpg,-6.188821,106.762479
KOS-0702,Kos Kembangan 702,Jakarta Barat,Kembangan,2300000,Campur,20,0,1,1,0,1,0,1,0,8.7,Universitas Tarumanagara,0.5,3.5,16,123,"Kos campur strategis di Kembangan, Jakarta Barat. Kamar 20m² dilengkapi kamar mandi dalam, WiFi, parkir, dan laundry. Lokasi hanya 8.7 km dari kampus dan 0.5 km dari moda transportasi umum. Suasana bersih, aman, dan nyaman. Cocok untuk mahasiswa maupun pekerja muda yang menginginkan hunian berkualitas dengan harga terjangkau.","Lumayan sesuai harga yang dibayar. WiFi kencang dan stabil. Kamar mandi pribadi sangat nyaman. Respons pemilik kadang agak lambat, tapi fasilitas tetap terjaga.",assets/kos_photos/kos_0702.jpg,-6.14871,106.737442
KOS-0703,Kos Palmerah 703,Jakarta Barat,Palmerah,1700000,Putri,15,1,0,1,1,0,1,1,0,3.7,Universitas Tarumanagara,3.2,3.7,28,109,"Kos eksklusif putri area Palmerah! Fasilitas lengkap: AC, WiFi, listrik termasuk, dapur bersama, dan laundry. Kamar 15m² dengan pencahayaan dan ventilasi optimal. Akses mudah ke pusat bisnis Jakarta Barat. Penjaga aktif 24 jam, CCTV terpasang di area umum. Hanya 3.7 km ke kampus terdekat. Daftar sekarang!","Cukup nyaman untuk kebutuhan sehari-hari. WiFi kencang dan stabil. AC dingin, tidak berisik. Harga standar untuk area sini. Cocok untuk yang budget terbatas.",assets/kos_photos/kos_0703.jpg,-6.180465,106.73895
KOS-0704,Kos Kebon Jeruk 704,Jakarta Barat,Kebon Jeruk,1750000,Putra,15,0,1,0,0,1,0,1,1,5.5,Trisakti,4.5,4.3,10,60,"Hunian nyaman di jantung Jakarta Barat. Kos putra dengan kamar mandi dalam, parkir, laundry, dan security 24 jam. Ukuran kamar 15m², cukup untuk bekerja dan beristirahat. Bebas banjir, akses 24 jam. Jarak ke transportasi umum hanya 4.5 km. Cocok untuk profesional muda yang aktif.","Sudah 2 bulan di sini, sangat puas! Kamar bersih dan wangi. Kamar mandi pribadi sangat nyaman. Keamanan 24 jam membuat tenang. Pemilik kos sigap menangani keluhan. Sangat direkomendasikan!",assets/kos_photos/kos_0704.jpg,-6.198978,106.76981
KOS-0705,Kos Kebon Jeruk 705,Jakarta Barat,Kebon Jeruk,1650000,Putra,12,0,1,1,1,1,1,0,1,6.1,Binus Kemanggisan,3.7,4.3,21,123,"Hunian nyaman di jantung Jakarta Barat. Kos putra dengan kamar mandi dalam, WiFi, listrik termasuk, parkir, dapur bersama, dan security 24 jam. Ukuran kamar 12m², cukup untuk bekerja dan beristirahat. Bebas banjir, akses 24 jam. Jarak ke transportasi umum hanya 3.7 km. Cocok untuk profesional muda yang aktif.","Kos paling nyaman selama kuliah di Jakarta. WiFi kencang dan stabil. Kamar mandi pribadi sangat nyaman. Lingkungan bersih dan aman, tidak pernah ada masalah keamanan. Sangat recommended untuk mahasiswa baru!",assets/kos_photos/kos_0705.jpg,-6.177643,106.764653
KOS-0706,Kos Kebon Jeruk 706,Jakarta Barat,Kebon Jeruk,1800000,Putri,9,1,1,0,0,1,1,0,0,4.2,Universitas Tarumanagara,2.1,4.8,5,150,"Kos eksklusif putri area Kebon Jeruk! Fasilitas lengkap: AC, kamar mandi dalam, parkir, dan dapur bersama. Kamar 9m² dengan pencahayaan dan ventilasi optimal. Akses mudah ke pusat bisnis Jakarta Barat. Penjaga aktif 24 jam, CCTV terpasang di area umum. Hanya 4.2 km ke kampus terdekat. Daftar sekarang!","Baru 8 minggu tapi sudah betah banget. AC dingin, tidak berisik. Kamar mandi pribadi sangat nyaman. Air bersih dan lancar, listrik stabil, tidak pernah mati. Harga sepadan.",assets/kos_photos/kos_0706.jpg,-6.155908,106.783384
KOS-0707,Kos Cengkareng 707,Jakarta Barat,Cengkareng,2150000,Putri,18,1,1,1,1,0,0,0,1,6.7,Binus Kemanggisan,1.1,3.5,8,147,"Hunian nyaman di jantung Jakarta Barat. Kos putri dengan AC, kamar mandi dalam, WiFi, listrik termasuk, dan security 24 jam. Ukuran kamar 18m², cukup untuk bekerja dan beristirahat. Bebas banjir, akses 24 jam. Jarak ke transportasi umum hanya 1.1 km. Cocok untuk profesional muda yang aktif.","Lumayan sesuai harga yang dibayar. WiFi kencang dan stabil. AC dingin, tidak berisik. Respons pemilik kadang agak lambat, tapi fasilitas tetap terjaga.",assets/kos_photos/kos_0707.jpg,-6.183803,106.751448
KOS-0708,Kos Kembangan 708,Jakarta Barat,Kembangan,1750000,Putra,12,1,0,1,1,1,1,0,0,10.0,Universitas Tarumanagara,3.5,4.7,26,182,"Kos bersih dan terawat di Kembangan, Jakarta Barat. Kamar putra berukuran 12m² tersedia dengan fasilitas AC, WiFi, listrik termasuk, parkir, dan dapur bersama. Pengelolaan profesional, kontrak fleksibel per bulan. Jarak 10.0 km dari kampus, 3.5 km dari halte atau stasiun. Survei gratis, hubungi pemilik sekarang!","Kos paling nyaman selama kuliah di Jakarta. WiFi kencang dan stabil. AC dingin, tidak berisik. Lingkungan bersih dan aman, tidak pernah ada masalah keamanan. Sangat recommended untuk mahasiswa baru!",assets/kos_photos/kos_0708.jpg,-6.187777,106.752821
KOS-0709,Kos Tambora 709,Jakarta Barat,Tambora,2050000,Putri,15,1,0,0,1,1,1,1,1,4.6,Universitas Tarumanagara,3.1,4.6,27,98,"Hunian nyaman di jantung Jakarta Barat. Kos putri dengan AC, listrik termasuk, parkir, dapur bersama, laundry, dan security 24 jam. Ukuran kamar 15m², cukup untuk bekerja dan beristirahat. Bebas banjir, akses 24 jam. Jarak ke transportasi umum hanya 3.1 km. Cocok untuk profesional muda yang aktif.","Baru 24 minggu tapi sudah betah banget. AC dingin, tidak berisik. Keamanan 24 jam membuat tenang. Air bersih dan lancar, listrik stabil, tidak pernah mati. Harga sepadan.",assets/kos_photos/kos_0709.jpg,-6.19509,106.752637
KOS-0710,Kos Palmerah 710,Jakarta Barat,Palmerah,2400000,Putri,12,0,1,1,1,1,0,0,1,4.1,Binus Kemanggisan,0.3,4.4,6,30,"Kos eksklusif putri area Palmerah! Fasilitas lengkap: kamar mandi dalam, WiFi, listrik termasuk, parkir, dan security 24 jam. Kamar 12m² dengan pencahayaan dan ventilasi optimal. Akses mudah ke pusat bisnis Jakarta Barat. Penjaga aktif 24 jam, CCTV terpasang di area umum. Hanya 4.1 km ke kampus terdekat. Daftar sekarang!","Lokasi sangat strategis, ke mana-mana mudah dijangkau. WiFi kencang dan stabil. Kamar mandi pribadi sangat nyaman. Harga sangat worth it untuk fasilitasnya. Teman sesama penghuni juga asik.",assets/kos_photos/kos_0710.jpg,-6.189515,106.71684
KOS-0711,Kos Kebon Jeruk 711,Jakarta Barat,Kebon Jeruk,1900000,Putri,18,1,0,1,1,0,1,1,0,5.4,Trisakti,3.6,4.5,6,20,"Tersedia kamar kos putri di kawasan Kebon Jeruk, Jakarta Barat. Luas kamar 18m², fasilitas: AC, WiFi, listrik termasuk, dapur bersama, dan laundry. Dekat kampus (5.4 km) dan transportasi umum (3.6 km). Lingkungan tenang, pemilik kos ramah dan responsif. Harga sudah mencakup biaya perawatan fasilitas bersama. Ideal untuk pelajar yang baru merantau.","Sudah 2 bulan di sini, sangat puas! Kamar bersih dan wangi. WiFi kencang dan stabil. AC dingin, tidak berisik. Pemilik kos sigap menangani keluhan. Sangat direkomendasikan!",assets/kos_photos/kos_0711.jpg,-6.205885,106.730071
KOS-0712,Kos Taman Sari 712,Jakarta Barat,Taman Sari,2600000,Putri,24,0,1,1,0,1,0,0,0,7.9,Trisakti,0.5,4.8,19,87,"Tersedia kamar kos putri di kawasan Taman Sari, Jakarta Barat. Luas kamar 24m², fasilitas: kamar mandi dalam, WiFi, dan parkir. Dekat kampus (7.9 km) dan transportasi umum (0.5 km). Lingkungan tenang, pemilik kos ramah dan responsif. Harga sudah mencakup biaya perawatan fasilitas bersama. Ideal untuk pelajar yang baru merantau.","Lokasi sangat strategis, ke mana-mana mudah dijangkau. WiFi kencang dan stabil. Kamar mandi pribadi sangat nyaman. Harga sangat worth it untuk fasilitasnya. Teman sesama penghuni juga asik.",assets/kos_photos/kos_0712.jpg,-6.191969,106.743548
KOS-0713,Kos Palmerah 713,Jakarta Barat,Palmerah,2150000,Putri,9,1,0,1,0,0,1,0,0,3.5,Universitas Tarumanagara,0.9,4.6,19,187,"Hunian nyaman di jantung Jakarta Barat. Kos putri dengan AC, WiFi, dan dapur bersama. Ukuran kamar 9m², cukup untuk bekerja dan beristirahat. Bebas banjir, akses 24 jam. Jarak ke transportasi umum hanya 0.9 km. Cocok untuk profesional muda yang aktif.","Baru 6 minggu tapi sudah betah banget. WiFi kencang dan stabil. AC dingin, tidak berisik. Air bersih dan lancar, listrik stabil, tidak pernah mati. Harga sepadan.",assets/kos_photos/kos_0713.jpg,-6.141337,106.779449
KOS-0714,Kos Palmerah 714,Jakarta Barat,Palmerah,2500000,Campur,12,1,1,1,0,0,1,0,1,1.8,Universitas Tarumanagara,1.6,4.3,15,129,"Kos bersih dan terawat di Palmerah, Jakarta Barat. Kamar campur berukuran 12m² tersedia dengan fasilitas AC, kamar mandi dalam, WiFi, dapur bersama, dan security 24 jam. Pengelolaan profesional, kontrak fleksibel per bulan. Jarak 1.8 km dari kampus, 1.6 km dari halte atau stasiun. Survei gratis, hubungi pemilik sekarang!","Sudah 24 bulan di sini, sangat puas! Kamar bersih dan wangi. WiFi kencang dan stabil. AC dingin, tidak berisik. Pemilik kos sigap menangani keluhan. Sangat direkomendasikan!",assets/kos_photos/kos_0714.jpg,-6.185231,106.771094
KOS-0715,Kos Palmerah 715,Jakarta Barat,Palmerah,2500000,Putra,20,0,1,1,0,1,1,0,1,1.7,Binus Kemanggisan,3.4,4.0,13,49,"Kos eksklusif putra area Palmerah! Fasilitas lengkap: kamar mandi dalam, WiFi, parkir, dapur bersama, dan security 24 jam. Kamar 20m² dengan pencahayaan dan ventilasi optimal. Akses mudah ke pusat bisnis Jakarta Barat. Penjaga aktif 24 jam, CCTV terpasang di area umum. Hanya 1.7 km ke kampus terdekat. Daftar sekarang!","Baru 12 minggu tapi sudah betah banget. WiFi kencang dan stabil. Kamar mandi pribadi sangat nyaman. Air bersih dan lancar, listrik stabil, tidak pernah mati. Harga sepadan.",assets/kos_photos/kos_0715.jpg,-6.19709,106.763812
KOS-0716,Kos Cengkareng 716,Jakarta Barat,Cengkareng,2050000,Putra,9,1,0,0,1,1,1,1,0,7.8,Trisakti,4.8,4.5,22,86,"Hunian nyaman di jantung Jakarta Barat. Kos putra dengan AC, listrik termasuk, parkir, dapur bersama, dan laundry. Ukuran kamar 9m², cukup untuk bekerja dan beristirahat. Bebas banjir, akses 24 jam. Jarak ke transportasi umum hanya 4.8 km. Cocok untuk profesional muda yang aktif.","Sudah 24 bulan di sini, sangat puas! Kamar bersih dan wangi. AC dingin, tidak berisik. Pemilik kos sigap menangani keluhan. Sangat direkomendasikan!",assets/kos_photos/kos_0716.jpg,-6.155346,106.755898
KOS-0717,Kos Kebon Jeruk 717,Jakarta Barat,Kebon Jeruk,2350000,Putra,12,0,1,1,1,1,0,0,0,5.5,Trisakti,3.1,3.7,7,12,"Kos putra strategis di Kebon Jeruk, Jakarta Barat. Kamar 12m² dilengkapi kamar mandi dalam, WiFi, listrik termasuk, dan parkir. Lokasi hanya 5.5 km dari kampus dan 3.1 km dari moda transportasi umum. Suasana bersih, aman, dan nyaman. Cocok untuk mahasiswa maupun pekerja muda yang menginginkan hunian berkualitas dengan harga terjangkau.","Oke secara keseluruhan. WiFi kencang dan stabil. Kamar mandi pribadi sangat nyaman. Ada plus minusnya, tapi tidak mengecewakan. Lumayan untuk jangka panjang.",assets/kos_photos/kos_0717.jpg,-6.196431,106.768336
KOS-0718,Kos Kalideres 718,Jakarta Barat,Kalideres,1950000,Campur,20,0,1,1,0,0,0,0,1,2.4,Universitas Tarumanagara,1.7,4.9,13,76,"Kos campur strategis di Kalideres, Jakarta Barat. Kamar 20m² dilengkapi kamar mandi dalam, WiFi, dan security 24 jam. Lokasi hanya 2.4 km dari kampus dan 1.7 km dari moda transportasi umum. Suasana bersih, aman, dan nyaman. Cocok untuk mahasiswa maupun pekerja muda yang menginginkan hunian berkualitas dengan harga terjangkau.","Sudah 8 bulan di sini, sangat puas! Kamar bersih dan wangi. WiFi kencang dan stabil. Kamar mandi pribadi sangat nyaman. Pemilik kos sigap menangani keluhan. Sangat direkomendasikan!",assets/kos_photos/kos_0718.jpg,-6.177258,106.765578
KOS-0719,Kos Tanjung Priok 719,Jakarta Utara,Tanjung Priok,2000000,Putri,24,1,0,0,0,0,1,0,1,3.1,STIE Indonesia Jakarta,1.0,4.5,22,177,"Kos putri strategis di Tanjung Priok, Jakarta Utara. Kamar 24m² dilengkapi AC, dapur bersama, dan security 24 jam. Lokasi hanya 3.1 km dari kampus dan 1.0 km dari moda transportasi umum. Suasana bersih, aman, dan nyaman. Cocok untuk mahasiswa maupun pekerja muda yang menginginkan hunian berkualitas dengan harga terjangkau.","Sudah 8 tahun tinggal di sini dan tidak mau pindah. AC dingin, tidak berisik. Keamanan 24 jam membuat tenang. Lingkungan aman dan nyaman, penghuni dipilih secara selektif.",assets/kos_photos/kos_0719.jpg,-6.086857,106.864844
KOS-0720,Kos Pademangan 720,Jakarta Utara,Pademangan,2150000,Putri,15,1,0,1,0,0,0,1,0,3.0,STIE Indonesia Jakarta,3.1,4.2,24,193,"Kos putri strategis di Pademangan, Jakarta Utara. Kamar 15m² dilengkapi AC, WiFi, dan laundry. Lokasi hanya 3.0 km dari kampus dan 3.1 km dari moda transportasi umum. Suasana bersih, aman, dan nyaman. Cocok untuk mahasiswa maupun pekerja muda yang menginginkan hunian berkualitas dengan harga terjangkau.","Kos paling nyaman selama kuliah di Jakarta. WiFi kencang dan stabil. AC dingin, tidak berisik. Lingkungan bersih dan aman, tidak pernah ada masalah keamanan. Sangat recommended untuk mahasiswa baru!",assets/kos_photos/kos_0720.jpg,-6.102151,106.84585
KOS-0721,Kos Tanjung Priok 721,Jakarta Utara,Tanjung Priok,1550000,Putri,9,1,0,0,0,0,0,0,0,7.8,Universitas Jayabaya,3.8,4.6,11,138,"Hunian nyaman di jantung Jakarta Utara. Kos putri dengan AC. Ukuran kamar 9m², cukup untuk bekerja dan beristirahat. Bebas banjir, akses 24 jam. Jarak ke transportasi umum hanya 3.8 km. Cocok untuk profesional muda yang aktif.","Sudah 6 tahun tinggal di sini dan tidak mau pindah. AC dingin, tidak berisik. Lingkungan aman dan nyaman, penghuni dipilih secara selektif.",assets/kos_photos/kos_0721.jpg,-6.066034,106.861848
KOS-0722,Kos Penjaringan 722,Jakarta Utara,Penjaringan,2900000,Campur,15,1,1,0,1,1,0,1,1,6.3,STIE Indonesia Jakarta,0.9,3.7,29,79,"Tersedia kamar kos campur di kawasan Penjaringan, Jakarta Utara. Luas kamar 15m², fasilitas: AC, kamar mandi dalam, listrik termasuk, parkir, laundry, dan security 24 jam. Dekat kampus (6.3 km) dan transportasi umum (0.9 km). Lingkungan tenang, pemilik kos ramah dan responsif. Harga sudah mencakup biaya perawatan fasilitas bersama. Ideal untuk pelajar yang baru merantau.","Cukup nyaman untuk kebutuhan sehari-hari. AC dingin, tidak berisik. Kamar mandi pribadi sangat nyaman. Harga standar untuk area sini. Cocok untuk yang budget terbatas.",assets/kos_photos/kos_0722.jpg,-6.090503,106.878727
KOS-0723,Kos Pademangan 723,Jakarta Utara,Pademangan,1650000,Putra,9,1,1,0,1,0,1,0,0,6.8,STIE Indonesia Jakarta,2.8,3.6,21,147,"Kos bersih dan terawat di Pademangan, Jakarta Utara. Kamar putra berukuran 9m² tersedia dengan fasilitas AC, kamar mandi dalam, listrik termasuk, dan dapur bersama. Pengelolaan profesional, kontrak fleksibel per bulan. Jarak 6.8 km dari kampus, 2.8 km dari halte atau stasiun. Survei gratis, hubungi pemilik sekarang!","Oke secara keseluruhan. AC dingin, tidak berisik. Kamar mandi pribadi sangat nyaman. Ada plus minusnya, tapi tidak mengecewakan. Lumayan untuk jangka panjang.",assets/kos_photos/kos_0723.jpg,-6.096083,106.877011
KOS-0724,Kos Pademangan 724,Jakarta Utara,Pademangan,2200000,Putra,12,1,1,0,0,0,0,1,0,2.6,STIE Indonesia Jakarta,2.1,4.9,6,119,"Hunian nyaman di jantung Jakarta Utara. Kos putra dengan AC, kamar mandi dalam, dan laundry. Ukuran kamar 12m², cukup untuk bekerja dan beristirahat. Bebas banjir, akses 24 jam. Jarak ke transportasi umum hanya 2.1 km. Cocok untuk profesional muda yang aktif.","Baru 12 minggu tapi sudah betah banget. AC dingin, tidak berisik. Kamar mandi pribadi sangat nyaman. Air bersih dan lancar, listrik stabil, tidak pernah mati. Harga sepadan.",assets/kos_photos/kos_0724.jpg,-6.083257,106.87387
KOS-0725,Kos Pademangan 725,Jakarta Utara,Pademangan,1900000,Putri,12,1,1,0,0,0,0,1,0,1.4,STIE Indonesia Jakarta,1.7,4.7,5,167,"Hunian nyaman di jantung Jakarta Utara. Kos putri dengan AC, kamar mandi dalam, dan laundry. Ukuran kamar 12m², cukup untuk bekerja dan beristirahat. Bebas banjir, akses 24 jam. Jarak ke transportasi umum hanya 1.7 km. Cocok untuk profesional muda yang aktif.","Sudah 8 bulan di sini, sangat puas! Kamar bersih dan wangi. AC dingin, tidak berisik. Kamar mandi pribadi sangat nyaman. Pemilik kos sigap menangani keluhan. Sangat direkomendasikan!",assets/kos_photos/kos_0725.jpg,-6.128978,106.849863
KOS-0726,Kos Kelapa Gading 726,Jakarta Utara,Kelapa Gading,2600000,Putri,15,1,1,1,1,0,0,0,1,7.7,Universitas Jayabaya,2.8,3.9,6,75,"Hunian nyaman di jantung Jakarta Utara. Kos putri dengan AC, kamar mandi dalam, WiFi, listrik termasuk, dan security 24 jam. Ukuran kamar 15m², cukup untuk bekerja dan beristirahat. Bebas banjir, akses 24 jam. Jarak ke transportasi umum hanya 2.8 km. Cocok untuk profesional muda yang aktif.","Oke secara keseluruhan. WiFi kencang dan stabil. AC dingin, tidak berisik. Ada plus minusnya, tapi tidak mengecewakan. Lumayan untuk jangka panjang.",assets/kos_photos/kos_0726.jpg,-6.101178,106.867994
KOS-0727,Kos Penjaringan 727,Jakarta Utara,Penjaringan,2100000,Putri,15,1,0,1,0,1,0,1,1,9.0,Universitas Jayabaya,0.9,4.7,23,18,"Tersedia kamar kos putri di kawasan Penjaringan, Jakarta Utara. Luas kamar 15m², fasilitas: AC, WiFi, parkir, laundry, dan security 24 jam. Dekat kampus (9.0 km) dan transportasi umum (0.9 km). Lingkungan tenang, pemilik kos ramah dan responsif. Harga sudah mencakup biaya perawatan fasilitas bersama. Ideal untuk pelajar yang baru merantau.","Kos paling nyaman selama kuliah di Jakarta. WiFi kencang dan stabil. AC dingin, tidak berisik. Lingkungan bersih dan aman, tidak pernah ada masalah keamanan. Sangat recommended untuk mahasiswa baru!",assets/kos_photos/kos_0727.jpg,-6.121025,106.9008
KOS-0728,Kos Tanjung Priok 728,Jakarta Utara,Tanjung Priok,1900000,Campur,12,1,0,1,0,1,1,0,1,6.9,STIE Indonesia Jakarta,2.3,4.5,9,188,"Hunian nyaman di jantung Jakarta Utara. Kos campur dengan AC, WiFi, parkir, dapur bersama, dan security 24 jam. Ukuran kamar 12m², cukup untuk bekerja dan beristirahat. Bebas banjir, akses 24 jam. Jarak ke transportasi umum hanya 2.3 km. Cocok untuk profesional muda yang aktif.","Sudah 2 tahun tinggal di sini dan tidak mau pindah. WiFi kencang dan stabil. AC dingin, tidak berisik. Lingkungan aman dan nyaman, penghuni dipilih secara selektif.",assets/kos_photos/kos_0728.jpg,-6.126681,106.909457
KOS-0729,Kos Cilincing 729,Jakarta Utara,Cilincing,2450000,Putra,9,1,0,1,0,1,0,0,0,1.5,STIE Indonesia Jakarta,4.0,4.3,26,27,"Tersedia kamar kos putra di kawasan Cilincing, Jakarta Utara. Luas kamar 9m², fasilitas: AC, WiFi, dan parkir. Dekat kampus (1.5 km) dan transportasi umum (4.0 km). Lingkungan tenang, pemilik kos ramah dan responsif. Harga sudah mencakup biaya perawatan fasilitas bersama. Ideal untuk pelajar yang baru merantau.","Sudah 6 tahun tinggal di sini dan tidak mau pindah. WiFi kencang dan stabil. AC dingin, tidak berisik. Lingkungan aman dan nyaman, penghuni dipilih secara selektif.",assets/kos_photos/kos_0729.jpg,-6.107712,106.859555
KOS-0730,Kos Penjaringan 730,Jakarta Utara,Penjaringan,1800000,Campur,9,0,1,1,0,0,1,0,0,6.4,Universitas Jayabaya,2.2,4.5,23,64,"Kos campur strategis di Penjaringan, Jakarta Utara. Kamar 9m² dilengkapi kamar mandi dalam, WiFi, dan dapur bersama. Lokasi hanya 6.4 km dari kampus dan 2.2 km dari moda transportasi umum. Suasana bersih, aman, dan nyaman. Cocok untuk mahasiswa maupun pekerja muda yang menginginkan hunian berkualitas dengan harga terjangkau.","Baru 8 minggu tapi sudah betah banget. WiFi kencang dan stabil. Kamar mandi pribadi sangat nyaman. Air bersih dan lancar, listrik stabil, tidak pernah mati. Harga sepadan.",assets/kos_photos/kos_0730.jpg,-6.10424,106.86315
KOS-0731,Kos Cilincing 731,Jakarta Utara,Cilincing,2750000,Putra,12,1,1,1,0,1,0,1,1,2.6,Universitas Jayabaya,2.2,4.0,10,175,"Tersedia kamar kos putra di kawasan Cilincing, Jakarta Utara. Luas kamar 12m², fasilitas: AC, kamar mandi dalam, WiFi, parkir, laundry, dan security 24 jam. Dekat kampus (2.6 km) dan transportasi umum (2.2 km). Lingkungan tenang, pemilik kos ramah dan responsif. Harga sudah mencakup biaya perawatan fasilitas bersama. Ideal untuk pelajar yang baru merantau.","Kos paling nyaman selama kuliah di Jakarta. WiFi kencang dan stabil. AC dingin, tidak berisik. Lingkungan bersih dan aman, tidak pernah ada masalah keamanan. Sangat recommended untuk mahasiswa baru!",assets/kos_photos/kos_0731.jpg,-6.094241,106.85135
KOS-0732,Kos Cilincing 732,Jakarta Utara,Cilincing,2350000,Putra,9,1,0,1,1,1,0,0,1,6.1,Universitas Jayabaya,3.4,4.1,16,35,"Kos eksklusif putra area Cilincing! Fasilitas lengkap: AC, WiFi, listrik termasuk, parkir, dan security 24 jam. Kamar 9m² dengan pencahayaan dan ventilasi optimal. Akses mudah ke pusat bisnis Jakarta Utara. Penjaga aktif 24 jam, CCTV terpasang di area umum. Hanya 6.1 km ke kampus terdekat. Daftar sekarang!","Baru 12 minggu tapi sudah betah banget. WiFi kencang dan stabil. AC dingin, tidak berisik. Air bersih dan lancar, listrik stabil, tidak pernah mati. Harga sepadan.",assets/kos_photos/kos_0732.jpg,-6.115183,106.868538
KOS-0733,Kos Kelapa Gading 733,Jakarta Utara,Kelapa Gading,2800000,Putra,9,1,1,1,0,1,1,0,1,3.7,STIE Indonesia Jakarta,1.7,4.5,14,59,"Kos eksklusif putra area Kelapa Gading! Fasilitas lengkap: AC, kamar mandi dalam, WiFi, parkir, dapur bersama, dan security 24 jam. Kamar 9m² dengan pencahayaan dan ventilasi optimal. Akses mudah ke pusat bisnis Jakarta Utara. Penjaga aktif 24 jam, CCTV terpasang di area umum. Hanya 3.7 km ke kampus terdekat. Daftar sekarang!","Sudah 6 bulan di sini, sangat puas! Kamar bersih dan wangi. WiFi kencang dan stabil. AC dingin, tidak berisik. Pemilik kos sigap menangani keluhan. Sangat direkomendasikan!",assets/kos_photos/kos_0733.jpg,-6.095159,106.843266
KOS-0734,Kos Koja 734,Jakarta Utara,Koja,1950000,Putra,9,1,0,0,0,1,1,0,1,8.6,STIE Indonesia Jakarta,4.3,4.7,12,184,"Kos eksklusif putra area Koja! Fasilitas lengkap: AC, parkir, dapur bersama, dan security 24 jam. Kamar 9m² dengan pencahayaan dan ventilasi optimal. Akses mudah ke pusat bisnis Jakarta Utara. Penjaga aktif 24 jam, CCTV terpasang di area umum. Hanya 8.6 km ke kampus terdekat. Daftar sekarang!","Kos paling nyaman selama kuliah di Jakarta. AC dingin, tidak berisik. Keamanan 24 jam membuat tenang. Lingkungan bersih dan aman, tidak pernah ada masalah keamanan. Sangat recommended untuk mahasiswa baru!",assets/kos_photos/kos_0734.jpg,-6.105519,106.876906
KOS-0735,Kos Penjaringan 735,Jakarta Utara,Penjaringan,2300000,Campur,15,1,0,1,1,0,1,0,1,6.6,Universitas Jayabaya,3.6,4.4,18,88,"Hunian nyaman di jantung Jakarta Utara. Kos campur dengan AC, WiFi, listrik termasuk, dapur bersama, dan security 24 jam. Ukuran kamar 15m², cukup untuk bekerja dan beristirahat. Bebas banjir, akses 24 jam. Jarak ke transportasi umum hanya 3.6 km. Cocok untuk profesional muda yang aktif.","Baru 8 minggu tapi sudah betah banget. WiFi kencang dan stabil. AC dingin, tidak berisik. Air bersih dan lancar, listrik stabil, tidak pernah mati. Harga sepadan.",assets/kos_photos/kos_0735.jpg,-6.129314,106.884587
KOS-0736,Kos Tanjung Priok 736,Jakarta Utara,Tanjung Priok,2550000,Putri,9,1,1,1,1,1,0,0,0,5.5,Universitas Jayabaya,4.5,4.5,16,109,"Kos putri strategis di Tanjung Priok, Jakarta Utara. Kamar 9m² dilengkapi AC, kamar mandi dalam, WiFi, listrik termasuk, dan parkir. Lokasi hanya 5.5 km dari kampus dan 4.5 km dari moda transportasi umum. Suasana bersih, aman, dan nyaman. Cocok untuk mahasiswa maupun pekerja muda yang menginginkan hunian berkualitas dengan harga terjangkau.","Sudah 3 tahun tinggal di sini dan tidak mau pindah. WiFi kencang dan stabil. AC dingin, tidak berisik. Lingkungan aman dan nyaman, penghuni dipilih secara selektif.",assets/kos_photos/kos_0736.jpg,-6.129097,106.915416
KOS-0737,Kos Tanjung Priok 737,Jakarta Utara,Tanjung Priok,1850000,Putri,15,1,0,1,0,1,1,0,0,9.7,STIE Indonesia Jakarta,4.5,3.5,12,100,"Tersedia kamar kos putri di kawasan Tanjung Priok, Jakarta Utara. Luas kamar 15m², fasilitas: AC, WiFi, parkir, dan dapur bersama. Dekat kampus (9.7 km) dan transportasi umum (4.5 km). Lingkungan tenang, pemilik kos ramah dan responsif. Harga sudah mencakup biaya perawatan fasilitas bersama. Ideal untuk pelajar yang baru merantau.","Lumayan sesuai harga yang dibayar. WiFi kencang dan stabil. AC dingin, tidak berisik. Respons pemilik kadang agak lambat, tapi fasilitas tetap terjaga.",assets/kos_photos/kos_0737.jpg,-6.108805,106.822922
KOS-0738,Kos Kelapa Gading 738,Jakarta Utara,Kelapa Gading,2200000,Campur,18,0,0,1,0,1,1,0,1,3.6,Universitas Jayabaya,4.9,3.6,7,34,"Kos bersih dan terawat di Kelapa Gading, Jakarta Utara. Kamar campur berukuran 18m² tersedia dengan fasilitas WiFi, parkir, dapur bersama, dan security 24 jam. Pengelolaan profesional, kontrak fleksibel per bulan. Jarak 3.6 km dari kampus, 4.9 km dari halte atau stasiun. Survei gratis, hubungi pemilik sekarang!",Cukup nyaman untuk kebutuhan sehari-hari. WiFi kencang dan stabil. Keamanan 24 jam membuat tenang. Harga standar untuk area sini. Cocok untuk yang budget terbatas.,assets/kos_photos/kos_0738.jpg,-6.173426,106.874626
KOS-0739,Kos Pademangan 739,Jakarta Utara,Pademangan,1450000,Putra,15,0,0,1,1,0,0,1,0,5.7,STIE Indonesia Jakarta,4.2,4.9,23,8,"Tersedia kamar kos putra di kawasan Pademangan, Jakarta Utara. Luas kamar 15m², fasilitas: WiFi, listrik termasuk, dan laundry. Dekat kampus (5.7 km) dan transportasi umum (4.2 km). Lingkungan tenang, pemilik kos ramah dan responsif. Harga sudah mencakup biaya perawatan fasilitas bersama. Ideal untuk pelajar yang baru merantau.","Sudah 8 tahun tinggal di sini dan tidak mau pindah. WiFi kencang dan stabil. Lingkungan aman dan nyaman, penghuni dipilih secara selektif.",assets/kos_photos/kos_0739.jpg,-6.17378,106.885889
KOS-0740,Kos Koja 740,Jakarta Utara,Koja,2400000,Campur,24,1,0,1,0,1,0,0,1,2.0,STIE Indonesia Jakarta,1.1,4.6,17,25,"Kos bersih dan terawat di Koja, Jakarta Utara. Kamar campur berukuran 24m² tersedia dengan fasilitas AC, WiFi, parkir, dan security 24 jam. Pengelolaan profesional, kontrak fleksibel per bulan. Jarak 2.0 km dari kampus, 1.1 km dari halte atau stasiun. Survei gratis, hubungi pemilik sekarang!","Sudah 24 tahun tinggal di sini dan tidak mau pindah. WiFi kencang dan stabil. AC dingin, tidak berisik. Lingkungan aman dan nyaman, penghuni dipilih secara selektif.",assets/kos_photos/kos_0740.jpg,-6.112326,106.866051
KOS-0741,Kos Penjaringan 741,Jakarta Utara,Penjaringan,2600000,Putri,12,1,1,1,0,1,0,1,1,0.5,Universitas Jayabaya,0.4,3.9,14,133,"Kos bersih dan terawat di Penjaringan, Jakarta Utara. Kamar putri berukuran 12m² tersedia dengan fasilitas AC, kamar mandi dalam, WiFi, parkir, laundry, dan security 24 jam. Pengelolaan profesional, kontrak fleksibel per bulan. Jarak 0.5 km dari kampus, 0.4 km dari halte atau stasiun. Survei gratis, hubungi pemilik sekarang!","Oke secara keseluruhan. WiFi kencang dan stabil. AC dingin, tidak berisik. Ada plus minusnya, tapi tidak mengecewakan. Lumayan untuk jangka panjang.",assets/kos_photos/kos_0741.jpg,-6.07924,106.893239
KOS-0742,Kos Cilincing 742,Jakarta Utara,Cilincing,2600000,Putri,24,0,0,1,1,1,1,0,1,4.0,STIE Indonesia Jakarta,1.2,4.8,10,132,"Kos eksklusif putri area Cilincing! Fasilitas lengkap: WiFi, listrik termasuk, parkir, dapur bersama, dan security 24 jam. Kamar 24m² dengan pencahayaan dan ventilasi optimal. Akses mudah ke pusat bisnis Jakarta Utara. Penjaga aktif 24 jam, CCTV terpasang di area umum. Hanya 4.0 km ke kampus terdekat. Daftar sekarang!","Sudah 6 bulan di sini, sangat puas! Kamar bersih dan wangi. WiFi kencang dan stabil. Keamanan 24 jam membuat tenang. Pemilik kos sigap menangani keluhan. Sangat direkomendasikan!",assets/kos_photos/kos_0742.jpg,-6.110312,106.81966
KOS-0743,Kos Cilincing 743,Jakarta Utara,Cilincing,1950000,Putra,12,0,1,1,0,0,0,1,0,4.5,STIE Indonesia Jakarta,1.0,5.0,25,19,"Kos eksklusif putra area Cilincing! Fasilitas lengkap: kamar mandi dalam, WiFi, dan laundry. Kamar 12m² dengan pencahayaan dan ventilasi optimal. Akses mudah ke pusat bisnis Jakarta Utara. Penjaga aktif 24 jam, CCTV terpasang di area umum. Hanya 4.5 km ke kampus terdekat. Daftar sekarang!","Kos paling nyaman selama kuliah di Jakarta. WiFi kencang dan stabil. Kamar mandi pribadi sangat nyaman. Lingkungan bersih dan aman, tidak pernah ada masalah keamanan. Sangat recommended untuk mahasiswa baru!",assets/kos_photos/kos_0743.jpg,-6.064475,106.880898
KOS-0744,Kos Cilincing 744,Jakarta Utara,Cilincing,2850000,Putri,18,1,1,1,0,1,0,0,1,6.7,STIE Indonesia Jakarta,4.2,3.8,19,180,"Kos bersih dan terawat di Cilincing, Jakarta Utara. Kamar putri berukuran 18m² tersedia dengan fasilitas AC, kamar mandi dalam, WiFi, parkir, dan security 24 jam. Pengelolaan profesional, kontrak fleksibel per bulan. Jarak 6.7 km dari kampus, 4.2 km dari halte atau stasiun. Survei gratis, hubungi pemilik sekarang!","Cukup nyaman untuk kebutuhan sehari-hari. WiFi kencang dan stabil. AC dingin, tidak berisik. Harga standar untuk area sini. Cocok untuk yang budget terbatas.",assets/kos_photos/kos_0744.jpg,-6.12313,106.874432
KOS-0745,Kos Kelapa Gading 745,Jakarta Utara,Kelapa Gading,1750000,Putra,20,0,0,1,1,1,0,0,0,10.0,STIE Indonesia Jakarta,1.0,4.2,8,198,"Tersedia kamar kos putra di kawasan Kelapa Gading, Jakarta Utara. Luas kamar 20m², fasilitas: WiFi, listrik termasuk, dan parkir. Dekat kampus (10.0 km) dan transportasi umum (1.0 km). Lingkungan tenang, pemilik kos ramah dan responsif. Harga sudah mencakup biaya perawatan fasilitas bersama. Ideal untuk pelajar yang baru merantau.","Sudah 6 tahun tinggal di sini dan tidak mau pindah. WiFi kencang dan stabil. Lingkungan aman dan nyaman, penghuni dipilih secara selektif.",assets/kos_photos/kos_0745.jpg,-6.145394,106.896558
KOS-0746,Kos Koja 746,Jakarta Utara,Koja,2450000,Putra,12,0,1,1,1,1,1,1,0,1.4,STIE Indonesia Jakarta,2.3,4.0,8,172,"Kos putra strategis di Koja, Jakarta Utara. Kamar 12m² dilengkapi kamar mandi dalam, WiFi, listrik termasuk, parkir, dapur bersama, dan laundry. Lokasi hanya 1.4 km dari kampus dan 2.3 km dari moda transportasi umum. Suasana bersih, aman, dan nyaman. Cocok untuk mahasiswa maupun pekerja muda yang menginginkan hunian berkualitas dengan harga terjangkau.","Sudah 12 tahun tinggal di sini dan tidak mau pindah. WiFi kencang dan stabil. Kamar mandi pribadi sangat nyaman. Lingkungan aman dan nyaman, penghuni dipilih secara selektif.",assets/kos_photos/kos_0746.jpg,-6.0971,106.862726
KOS-0747,Kos Tanjung Priok 747,Jakarta Utara,Tanjung Priok,2350000,Putri,20,1,0,1,1,1,0,0,1,8.6,STIE Indonesia Jakarta,2.0,3.9,5,72,"Kos bersih dan terawat di Tanjung Priok, Jakarta Utara. Kamar putri berukuran 20m² tersedia dengan fasilitas AC, WiFi, listrik termasuk, parkir, dan security 24 jam. Pengelolaan profesional, kontrak fleksibel per bulan. Jarak 8.6 km dari kampus, 2.0 km dari halte atau stasiun. Survei gratis, hubungi pemilik sekarang!","Lumayan sesuai harga yang dibayar. WiFi kencang dan stabil. AC dingin, tidak berisik. Respons pemilik kadang agak lambat, tapi fasilitas tetap terjaga.",assets/kos_photos/kos_0747.jpg,-6.109795,106.889759
KOS-0748,Kos Cilincing 748,Jakarta Utara,Cilincing,2750000,Putri,12,1,1,1,0,1,0,1,1,2.0,Universitas Jayabaya,2.0,4.7,16,21,"Hunian nyaman di jantung Jakarta Utara. Kos putri dengan AC, kamar mandi dalam, WiFi, parkir, laundry, dan security 24 jam. Ukuran kamar 12m², cukup untuk bekerja dan beristirahat. Bebas banjir, akses 24 jam. Jarak ke transportasi umum hanya 2.0 km. Cocok untuk profesional muda yang aktif.","Sudah 18 bulan di sini, sangat puas! Kamar bersih dan wangi. WiFi kencang dan stabil. AC dingin, tidak berisik. Pemilik kos sigap menangani keluhan. Sangat direkomendasikan!",assets/kos_photos/kos_0748.jpg,-6.113565,106.880505
KOS-0749,Kos Cilincing 749,Jakarta Utara,Cilincing,1950000,Putri,9,0,0,0,0,1,0,0,1,3.5,STIE Indonesia Jakarta,0.4,4.3,17,123,"Tersedia kamar kos putri di kawasan Cilincing, Jakarta Utara. Luas kamar 9m², fasilitas: parkir dan security 24 jam. Dekat kampus (3.5 km) dan transportasi umum (0.4 km). Lingkungan tenang, pemilik kos ramah dan responsif. Harga sudah mencakup biaya perawatan fasilitas bersama. Ideal untuk pelajar yang baru merantau.","Sudah 6 tahun tinggal di sini dan tidak mau pindah. Keamanan 24 jam membuat tenang. Lingkungan aman dan nyaman, penghuni dipilih secara selektif.",assets/kos_photos/kos_0749.jpg,-6.067334,106.876646
KOS-0750,Kos Tanjung Priok 750,Jakarta Utara,Tanjung Priok,2550000,Putra,12,1,1,1,0,1,1,0,1,5.9,Universitas Jayabaya,4.4,3.6,21,42,"Hunian nyaman di jantung Jakarta Utara. Kos putra dengan AC, kamar mandi dalam, WiFi, parkir, dapur bersama, dan security 24 jam. Ukuran kamar 12m², cukup untuk bekerja dan beristirahat. Bebas banjir, akses 24 jam. Jarak ke transportasi umum hanya 4.4 km. Cocok untuk profesional muda yang aktif.","Cukup nyaman untuk kebutuhan sehari-hari. WiFi kencang dan stabil. AC dingin, tidak berisik. Harga standar untuk area sini. Cocok untuk yang budget terbatas.",assets/kos_photos/kos_0750.jpg,-6.141868,106.895847
KOS-0751,Kos Cilincing 751,Jakarta Utara,Cilincing,2750000,Putri,12,1,1,1,0,1,0,1,1,2.3,Universitas Jayabaya,0.2,4.7,19,23,"Hunian nyaman di jantung Jakarta Utara. Kos putri dengan AC, kamar mandi dalam, WiFi, parkir, laundry, dan security 24 jam. Ukuran kamar 12m², cukup untuk bekerja dan beristirahat. Bebas banjir, akses 24 jam. Jarak ke transportasi umum hanya 0.2 km. Cocok untuk profesional muda yang aktif.","Lokasi sangat strategis, ke mana-mana mudah dijangkau. WiFi kencang dan stabil. AC dingin, tidak berisik. Harga sangat worth it untuk fasilitasnya. Teman sesama penghuni juga asik.",assets/kos_photos/kos_0751.jpg,-6.169144,106.890857
KOS-0752,Kos Koja 752,Jakarta Utara,Koja,2300000,Putri,9,0,1,1,0,0,1,0,0,2.4,STIE Indonesia Jakarta,4.7,3.9,14,142,"Kos bersih dan terawat di Koja, Jakarta Utara. Kamar putri berukuran 9m² tersedia dengan fasilitas kamar mandi dalam, WiFi, dan dapur bersama. Pengelolaan profesional, kontrak fleksibel per bulan. Jarak 2.4 km dari kampus, 4.7 km dari halte atau stasiun. Survei gratis, hubungi pemilik sekarang!","Oke secara keseluruhan. WiFi kencang dan stabil. Kamar mandi pribadi sangat nyaman. Ada plus minusnya, tapi tidak mengecewakan. Lumayan untuk jangka panjang.",assets/kos_photos/kos_0752.jpg,-6.123496,106.870018
KOS-0753,Kos Penjaringan 753,Jakarta Utara,Penjaringan,1850000,Campur,9,1,0,1,1,0,0,0,1,6.9,Universitas Jayabaya,4.7,5.0,21,193,"Tersedia kamar kos campur di kawasan Penjaringan, Jakarta Utara. Luas kamar 9m², fasilitas: AC, WiFi, listrik termasuk, dan security 24 jam. Dekat kampus (6.9 km) dan transportasi umum (4.7 km). Lingkungan tenang, pemilik kos ramah dan responsif. Harga sudah mencakup biaya perawatan fasilitas bersama. Ideal untuk pelajar yang baru merantau.","Sudah 12 tahun tinggal di sini dan tidak mau pindah. WiFi kencang dan stabil. AC dingin, tidak berisik. Lingkungan aman dan nyaman, penghuni dipilih secara selektif.",assets/kos_photos/kos_0753.jpg,-6.143737,106.840079
KOS-0754,Kos Tanjung Priok 754,Jakarta Utara,Tanjung Priok,2100000,Putri,12,0,0,1,0,1,1,0,0,9.9,STIE Indonesia Jakarta,2.3,4.8,27,182,"Kos putri strategis di Tanjung Priok, Jakarta Utara. Kamar 12m² dilengkapi WiFi, parkir, dan dapur bersama. Lokasi hanya 9.9 km dari kampus dan 2.3 km dari moda transportasi umum. Suasana bersih, aman, dan nyaman. Cocok untuk mahasiswa maupun pekerja muda yang menginginkan hunian berkualitas dengan harga terjangkau.","Lokasi sangat strategis, ke mana-mana mudah dijangkau. WiFi kencang dan stabil. Harga sangat worth it untuk fasilitasnya. Teman sesama penghuni juga asik.",assets/kos_photos/kos_0754.jpg,-6.154572,106.823199
KOS-0755,Kos Koja 755,Jakarta Utara,Koja,2450000,Putri,24,0,1,0,0,0,0,0,0,4.6,Universitas Jayabaya,3.3,4.1,7,78,"Kos eksklusif putri area Koja! Fasilitas lengkap: kamar mandi dalam. Kamar 24m² dengan pencahayaan dan ventilasi optimal. Akses mudah ke pusat bisnis Jakarta Utara. Penjaga aktif 24 jam, CCTV terpasang di area umum. Hanya 4.6 km ke kampus terdekat. Daftar sekarang!","Kos paling nyaman selama kuliah di Jakarta. Kamar mandi pribadi sangat nyaman. Lingkungan bersih dan aman, tidak pernah ada masalah keamanan. Sangat recommended untuk mahasiswa baru!",assets/kos_photos/kos_0755.jpg,-6.136374,106.855094
KOS-0756,Kos Pademangan 756,Jakarta Utara,Pademangan,2450000,Campur,18,1,1,1,1,0,1,0,1,4.3,STIE Indonesia Jakarta,1.6,3.7,27,62,"Kos eksklusif campur area Pademangan! Fasilitas lengkap: AC, kamar mandi dalam, WiFi, listrik termasuk, dapur bersama, dan security 24 jam. Kamar 18m² dengan pencahayaan dan ventilasi optimal. Akses mudah ke pusat bisnis Jakarta Utara. Penjaga aktif 24 jam, CCTV terpasang di area umum. Hanya 4.3 km ke kampus terdekat. Daftar sekarang!","Lumayan sesuai harga yang dibayar. WiFi kencang dan stabil. AC dingin, tidak berisik. Respons pemilik kadang agak lambat, tapi fasilitas tetap terjaga.",assets/kos_photos/kos_0756.jpg,-6.121489,106.888159
KOS-0757,Kos Penjaringan 757,Jakarta Utara,Penjaringan,2400000,Campur,15,0,1,1,0,0,0,0,1,6.5,STIE Indonesia Jakarta,2.8,4.3,25,89,"Hunian nyaman di jantung Jakarta Utara. Kos campur dengan kamar mandi dalam, WiFi, dan security 24 jam. Ukuran kamar 15m², cukup untuk bekerja dan beristirahat. Bebas banjir, akses 24 jam. Jarak ke transportasi umum hanya 2.8 km. Cocok untuk profesional muda yang aktif.","Sudah 12 tahun tinggal di sini dan tidak mau pindah. WiFi kencang dan stabil. Kamar mandi pribadi sangat nyaman. Lingkungan aman dan nyaman, penghuni dipilih secara selektif.",assets/kos_photos/kos_0757.jpg,-6.079866,106.847786
KOS-0758,Kos Koja 758,Jakarta Utara,Koja,2050000,Putri,20,0,0,1,0,1,1,0,0,3.8,STIE Indonesia Jakarta,1.8,4.5,12,83,"Kos bersih dan terawat di Koja, Jakarta Utara. Kamar putri berukuran 20m² tersedia dengan fasilitas WiFi, parkir, dan dapur bersama. Pengelolaan profesional, kontrak fleksibel per bulan. Jarak 3.8 km dari kampus, 1.8 km dari halte atau stasiun. Survei gratis, hubungi pemilik sekarang!","Baru 3 minggu tapi sudah betah banget. WiFi kencang dan stabil. Air bersih dan lancar, listrik stabil, tidak pernah mati. Harga sepadan.",assets/kos_photos/kos_0758.jpg,-6.116013,106.851099
KOS-0759,Kos Kelapa Gading 759,Jakarta Utara,Kelapa Gading,2850000,Putri,18,1,1,1,0,1,1,0,0,0.9,STIE Indonesia Jakarta,1.7,4.2,23,100,"Hunian nyaman di jantung Jakarta Utara. Kos putri dengan AC, kamar mandi dalam, WiFi, parkir, dan dapur bersama. Ukuran kamar 18m², cukup untuk bekerja dan beristirahat. Bebas banjir, akses 24 jam. Jarak ke transportasi umum hanya 1.7 km. Cocok untuk profesional muda yang aktif.","Baru 3 minggu tapi sudah betah banget. WiFi kencang dan stabil. AC dingin, tidak berisik. Air bersih dan lancar, listrik stabil, tidak pernah mati. Harga sepadan.",assets/kos_photos/kos_0759.jpg,-6.087473,106.901555
KOS-0760,Kos Penjaringan 760,Jakarta Utara,Penjaringan,2250000,Putra,24,1,1,1,0,1,1,0,1,8.8,STIE Indonesia Jakarta,1.6,4.0,6,72,"Tersedia kamar kos putra di kawasan Penjaringan, Jakarta Utara. Luas kamar 24m², fasilitas: AC, kamar mandi dalam, WiFi, parkir, dapur bersama, dan security 24 jam. Dekat kampus (8.8 km) dan transportasi umum (1.6 km). Lingkungan tenang, pemilik kos ramah dan responsif. Harga sudah mencakup biaya perawatan fasilitas bersama. Ideal untuk pelajar yang baru merantau.","Lokasi sangat strategis, ke mana-mana mudah dijangkau. WiFi kencang dan stabil. AC dingin, tidak berisik. Harga sangat worth it untuk fasilitasnya. Teman sesama penghuni juga asik.",assets/kos_photos/kos_0760.jpg,-6.119046,106.840244
KOS-0761,Kos Kelapa Gading 761,Jakarta Utara,Kelapa Gading,2700000,Campur,9,1,1,0,1,1,0,1,1,8.2,STIE Indonesia Jakarta,1.1,4.0,6,68,"Kos eksklusif campur area Kelapa Gading! Fasilitas lengkap: AC, kamar mandi dalam, listrik termasuk, parkir, laundry, dan security 24 jam. Kamar 9m² dengan pencahayaan dan ventilasi optimal. Akses mudah ke pusat bisnis Jakarta Utara. Penjaga aktif 24 jam, CCTV terpasang di area umum. Hanya 8.2 km ke kampus terdekat. Daftar sekarang!","Sudah 3 tahun tinggal di sini dan tidak mau pindah. AC dingin, tidak berisik. Kamar mandi pribadi sangat nyaman. Lingkungan aman dan nyaman, penghuni dipilih secara selektif.",assets/kos_photos/kos_0761.jpg,-6.121167,106.893405
KOS-0762,Kos Pademangan 762,Jakarta Utara,Pademangan,2500000,Putri,12,0,1,1,1,1,1,0,1,5.8,Universitas Jayabaya,4.7,4.7,12,173,"Kos putri strategis di Pademangan, Jakarta Utara. Kamar 12m² dilengkapi kamar mandi dalam, WiFi, listrik termasuk, parkir, dapur bersama, dan security 24 jam. Lokasi hanya 5.8 km dari kampus dan 4.7 km dari moda transportasi umum. Suasana bersih, aman, dan nyaman. Cocok untuk mahasiswa maupun pekerja muda yang menginginkan hunian berkualitas dengan harga terjangkau.","Sudah 6 tahun tinggal di sini dan tidak mau pindah. WiFi kencang dan stabil. Kamar mandi pribadi sangat nyaman. Lingkungan aman dan nyaman, penghuni dipilih secara selektif.",assets/kos_photos/kos_0762.jpg,-6.091114,106.85667
KOS-0763,Kos Pademangan 763,Jakarta Utara,Pademangan,2350000,Campur,12,1,0,1,1,1,0,0,1,9.5,STIE Indonesia Jakarta,3.3,3.8,9,127,"Hunian nyaman di jantung Jakarta Utara. Kos campur dengan AC, WiFi, listrik termasuk, parkir, dan security 24 jam. Ukuran kamar 12m², cukup untuk bekerja dan beristirahat. Bebas banjir, akses 24 jam. Jarak ke transportasi umum hanya 3.3 km. Cocok untuk profesional muda yang aktif.","Oke secara keseluruhan. WiFi kencang dan stabil. AC dingin, tidak berisik. Ada plus minusnya, tapi tidak mengecewakan. Lumayan untuk jangka panjang.",assets/kos_photos/kos_0763.jpg,-6.104693,106.85027
KOS-0764,Kos Kelapa Gading 764,Jakarta Utara,Kelapa Gading,2200000,Putra,15,1,1,1,0,1,1,1,1,3.0,Universitas Jayabaya,1.8,3.9,25,154,"Tersedia kamar kos putra di kawasan Kelapa Gading, Jakarta Utara. Luas kamar 15m², fasilitas: AC, kamar mandi dalam, WiFi, parkir, dapur bersama, laundry, dan security 24 jam. Dekat kampus (3.0 km) dan transportasi umum (1.8 km). Lingkungan tenang, pemilik kos ramah dan responsif. Harga sudah mencakup biaya perawatan fasilitas bersama. Ideal untuk pelajar yang baru merantau.","Cukup nyaman untuk kebutuhan sehari-hari. WiFi kencang dan stabil. AC dingin, tidak berisik. Harga standar untuk area sini. Cocok untuk yang budget terbatas.",assets/kos_photos/kos_0764.jpg,-6.145535,106.840979
KOS-0765,Kos Cilincing 765,Jakarta Utara,Cilincing,2400000,Putri,9,1,0,1,1,1,0,1,1,8.9,STIE Indonesia Jakarta,2.1,3.8,11,171,"Tersedia kamar kos putri di kawasan Cilincing, Jakarta Utara. Luas kamar 9m², fasilitas: AC, WiFi, listrik termasuk, parkir, laundry, dan security 24 jam. Dekat kampus (8.9 km) dan transportasi umum (2.1 km). Lingkungan tenang, pemilik kos ramah dan responsif. Harga sudah mencakup biaya perawatan fasilitas bersama. Ideal untuk pelajar yang baru merantau.","Cukup nyaman untuk kebutuhan sehari-hari. WiFi kencang dan stabil. AC dingin, tidak berisik. Harga standar untuk area sini. Cocok untuk yang budget terbatas.",assets/kos_photos/kos_0765.jpg,-6.125211,106.905909
KOS-0766,Kos Tanjung Priok 766,Jakarta Utara,Tanjung Priok,2000000,Putra,12,0,1,1,0,0,1,0,1,7.7,STIE Indonesia Jakarta,3.4,4.8,29,96,"Hunian nyaman di jantung Jakarta Utara. Kos putra dengan kamar mandi dalam, WiFi, dapur bersama, dan security 24 jam. Ukuran kamar 12m², cukup untuk bekerja dan beristirahat. Bebas banjir, akses 24 jam. Jarak ke transportasi umum hanya 3.4 km. Cocok untuk profesional muda yang aktif.","Lokasi sangat strategis, ke mana-mana mudah dijangkau. WiFi kencang dan stabil. Kamar mandi pribadi sangat nyaman. Harga sangat worth it untuk fasilitasnya. Teman sesama penghuni juga asik.",assets/kos_photos/kos_0766.jpg,-6.061483,106.838465
KOS-0767,Kos Cilincing 767,Jakarta Utara,Cilincing,2900000,Putra,15,1,1,1,0,1,0,1,1,0.8,Universitas Jayabaya,4.9,3.7,18,196,"Kos bersih dan terawat di Cilincing, Jakarta Utara. Kamar putra berukuran 15m² tersedia dengan fasilitas AC, kamar mandi dalam, WiFi, parkir, laundry, dan security 24 jam. Pengelolaan profesional, kontrak fleksibel per bulan. Jarak 0.8 km dari kampus, 4.9 km dari halte atau stasiun. Survei gratis, hubungi pemilik sekarang!","Cukup nyaman untuk kebutuhan sehari-hari. WiFi kencang dan stabil. AC dingin, tidak berisik. Harga standar untuk area sini. Cocok untuk yang budget terbatas.",assets/kos_photos/kos_0767.jpg,-6.117237,106.897065
KOS-0768,Kos Tanjung Priok 768,Jakarta Utara,Tanjung Priok,2500000,Campur,20,1,1,1,1,1,0,0,1,7.2,Universitas Jayabaya,1.4,4.5,18,70,"Kos eksklusif campur area Tanjung Priok! Fasilitas lengkap: AC, kamar mandi dalam, WiFi, listrik termasuk, parkir, dan security 24 jam. Kamar 20m² dengan pencahayaan dan ventilasi optimal. Akses mudah ke pusat bisnis Jakarta Utara. Penjaga aktif 24 jam, CCTV terpasang di area umum. Hanya 7.2 km ke kampus terdekat. Daftar sekarang!","Kos paling nyaman selama kuliah di Jakarta. WiFi kencang dan stabil. AC dingin, tidak berisik. Lingkungan bersih dan aman, tidak pernah ada masalah keamanan. Sangat recommended untuk mahasiswa baru!",assets/kos_photos/kos_0768.jpg,-6.135948,106.871604
KOS-0769,Kos Pademangan 769,Jakarta Utara,Pademangan,2500000,Putri,9,1,1,1,0,1,0,0,0,9.4,STIE Indonesia Jakarta,4.8,4.9,14,180,"Tersedia kamar kos putri di kawasan Pademangan, Jakarta Utara. Luas kamar 9m², fasilitas: AC, kamar mandi dalam, WiFi, dan parkir. Dekat kampus (9.4 km) dan transportasi umum (4.8 km). Lingkungan tenang, pemilik kos ramah dan responsif. Harga sudah mencakup biaya perawatan fasilitas bersama. Ideal untuk pelajar yang baru merantau.","Lokasi sangat strategis, ke mana-mana mudah dijangkau. WiFi kencang dan stabil. AC dingin, tidak berisik. Harga sangat worth it untuk fasilitasnya. Teman sesama penghuni juga asik.",assets/kos_photos/kos_0769.jpg,-6.125799,106.876145
KOS-0770,Kos Pademangan 770,Jakarta Utara,Pademangan,2700000,Putra,24,1,1,0,1,0,0,1,1,9.8,STIE Indonesia Jakarta,1.1,4.1,11,125,"Kos eksklusif putra area Pademangan! Fasilitas lengkap: AC, kamar mandi dalam, listrik termasuk, laundry, dan security 24 jam. Kamar 24m² dengan pencahayaan dan ventilasi optimal. Akses mudah ke pusat bisnis Jakarta Utara. Penjaga aktif 24 jam, CCTV terpasang di area umum. Hanya 9.8 km ke kampus terdekat. Daftar sekarang!","Sudah 18 tahun tinggal di sini dan tidak mau pindah. AC dingin, tidak berisik. Kamar mandi pribadi sangat nyaman. Lingkungan aman dan nyaman, penghuni dipilih secara selektif.",assets/kos_photos/kos_0770.jpg,-6.129985,106.82918
KOS-0771,Kos Cilincing 771,Jakarta Utara,Cilincing,1800000,Putra,12,1,0,1,0,1,0,0,1,5.6,Universitas Jayabaya,4.1,4.1,17,160,"Kos eksklusif putra area Cilincing! Fasilitas lengkap: AC, WiFi, parkir, dan security 24 jam. Kamar 12m² dengan pencahayaan dan ventilasi optimal. Akses mudah ke pusat bisnis Jakarta Utara. Penjaga aktif 24 jam, CCTV terpasang di area umum. Hanya 5.6 km ke kampus terdekat. Daftar sekarang!","Sudah 24 tahun tinggal di sini dan tidak mau pindah. WiFi kencang dan stabil. AC dingin, tidak berisik. Lingkungan aman dan nyaman, penghuni dipilih secara selektif.",assets/kos_photos/kos_0771.jpg,-6.11833,106.854911
KOS-0772,Kos Koja 772,Jakarta Utara,Koja,2150000,Putri,24,1,0,1,1,1,0,0,0,8.6,STIE Indonesia Jakarta,0.9,4.3,27,127,"Kos putri strategis di Koja, Jakarta Utara. Kamar 24m² dilengkapi AC, WiFi, listrik termasuk, dan parkir. Lokasi hanya 8.6 km dari kampus dan 0.9 km dari moda transportasi umum. Suasana bersih, aman, dan nyaman. Cocok untuk mahasiswa maupun pekerja muda yang menginginkan hunian berkualitas dengan harga terjangkau.","Sudah 6 bulan di sini, sangat puas! Kamar bersih dan wangi. WiFi kencang dan stabil. AC dingin, tidak berisik. Pemilik kos sigap menangani keluhan. Sangat direkomendasikan!",assets/kos_photos/kos_0772.jpg,-6.137694,106.882177
KOS-0773,Kos Koja 773,Jakarta Utara,Koja,1850000,Putra,9,1,1,1,1,0,0,0,1,9.5,STIE Indonesia Jakarta,1.0,3.9,16,91,"Hunian nyaman di jantung Jakarta Utara. Kos putra dengan AC, kamar mandi dalam, WiFi, listrik termasuk, dan security 24 jam. Ukuran kamar 9m², cukup untuk bekerja dan beristirahat. Bebas banjir, akses 24 jam. Jarak ke transportasi umum hanya 1.0 km. Cocok untuk profesional muda yang aktif.","Cukup nyaman untuk kebutuhan sehari-hari. WiFi kencang dan stabil. AC dingin, tidak berisik. Harga standar untuk area sini. Cocok untuk yang budget terbatas.",assets/kos_photos/kos_0773.jpg,-6.13291,106.87703
KOS-0774,Kos Penjaringan 774,Jakarta Utara,Penjaringan,2550000,Putri,12,1,1,1,0,0,1,0,0,0.7,Universitas Jayabaya,0.9,3.8,13,148,"Kos eksklusif putri area Penjaringan! Fasilitas lengkap: AC, kamar mandi dalam, WiFi, dan dapur bersama. Kamar 12m² dengan pencahayaan dan ventilasi optimal. Akses mudah ke pusat bisnis Jakarta Utara. Penjaga aktif 24 jam, CCTV terpasang di area umum. Hanya 0.7 km ke kampus terdekat. Daftar sekarang!","Lumayan sesuai harga yang dibayar. WiFi kencang dan stabil. AC dingin, tidak berisik. Respons pemilik kadang agak lambat, tapi fasilitas tetap terjaga.",assets/kos_photos/kos_0774.jpg,-6.082156,106.877616
KOS-0775,Kos Kelapa Gading 775,Jakarta Utara,Kelapa Gading,2600000,Putra,9,1,1,1,1,1,1,0,0,8.6,STIE Indonesia Jakarta,3.0,4.5,28,44,"Tersedia kamar kos putra di kawasan Kelapa Gading, Jakarta Utara. Luas kamar 9m², fasilitas: AC, kamar mandi dalam, WiFi, listrik termasuk, parkir, dan dapur bersama. Dekat kampus (8.6 km) dan transportasi umum (3.0 km). Lingkungan tenang, pemilik kos ramah dan responsif. Harga sudah mencakup biaya perawatan fasilitas bersama. Ideal untuk pelajar yang baru merantau.","Baru 24 minggu tapi sudah betah banget. WiFi kencang dan stabil. AC dingin, tidak berisik. Air bersih dan lancar, listrik stabil, tidak pernah mati. Harga sepadan.",assets/kos_photos/kos_0775.jpg,-6.10995,106.895722
KOS-0776,Kos Koja 776,Jakarta Utara,Koja,2000000,Putri,15,1,0,0,0,1,1,1,1,7.0,STIE Indonesia Jakarta,2.7,4.3,6,194,"Tersedia kamar kos putri di kawasan Koja, Jakarta Utara. Luas kamar 15m², fasilitas: AC, parkir, dapur bersama, laundry, dan security 24 jam. Dekat kampus (7.0 km) dan transportasi umum (2.7 km). Lingkungan tenang, pemilik kos ramah dan responsif. Harga sudah mencakup biaya perawatan fasilitas bersama. Ideal untuk pelajar yang baru merantau.","Baru 3 minggu tapi sudah betah banget. AC dingin, tidak berisik. Keamanan 24 jam membuat tenang. Air bersih dan lancar, listrik stabil, tidak pernah mati. Harga sepadan.",assets/kos_photos/kos_0776.jpg,-6.138553,106.827762
KOS-0777,Kos Pademangan 777,Jakarta Utara,Pademangan,2350000,Putri,12,1,1,1,1,0,1,0,1,7.4,Universitas Jayabaya,2.0,3.8,26,72,"Kos bersih dan terawat di Pademangan, Jakarta Utara. Kamar putri berukuran 12m² tersedia dengan fasilitas AC, kamar mandi dalam, WiFi, listrik termasuk, dapur bersama, dan security 24 jam. Pengelolaan profesional, kontrak fleksibel per bulan. Jarak 7.4 km dari kampus, 2.0 km dari halte atau stasiun. Survei gratis, hubungi pemilik sekarang!","Cukup nyaman untuk kebutuhan sehari-hari. WiFi kencang dan stabil. AC dingin, tidak berisik. Harga standar untuk area sini. Cocok untuk yang budget terbatas.",assets/kos_photos/kos_0777.jpg,-6.165212,106.858906
KOS-0778,Kos Cilincing 778,Jakarta Utara,Cilincing,1950000,Campur,20,0,1,1,0,0,1,1,1,8.1,STIE Indonesia Jakarta,3.2,3.6,23,134,"Hunian nyaman di jantung Jakarta Utara. Kos campur dengan kamar mandi dalam, WiFi, dapur bersama, laundry, dan security 24 jam. Ukuran kamar 20m², cukup untuk bekerja dan beristirahat. Bebas banjir, akses 24 jam. Jarak ke transportasi umum hanya 3.2 km. Cocok untuk profesional muda yang aktif.","Oke secara keseluruhan. WiFi kencang dan stabil. Kamar mandi pribadi sangat nyaman. Ada plus minusnya, tapi tidak mengecewakan. Lumayan untuk jangka panjang.",assets/kos_photos/kos_0778.jpg,-6.153287,106.839099
KOS-0779,Kos Tanjung Priok 779,Jakarta Utara,Tanjung Priok,2700000,Putri,18,1,0,1,0,0,0,0,1,4.8,STIE Indonesia Jakarta,1.9,4.2,10,181,"Kos eksklusif putri area Tanjung Priok! Fasilitas lengkap: AC, WiFi, dan security 24 jam. Kamar 18m² dengan pencahayaan dan ventilasi optimal. Akses mudah ke pusat bisnis Jakarta Utara. Penjaga aktif 24 jam, CCTV terpasang di area umum. Hanya 4.8 km ke kampus terdekat. Daftar sekarang!","Baru 8 minggu tapi sudah betah banget. WiFi kencang dan stabil. AC dingin, tidak berisik. Air bersih dan lancar, listrik stabil, tidak pernah mati. Harga sepadan.",assets/kos_photos/kos_0779.jpg,-6.130443,106.899878
KOS-0780,Kos Kelapa Gading 780,Jakarta Utara,Kelapa Gading,1700000,Putri,9,0,0,1,1,1,0,0,0,9.8,Universitas Jayabaya,4.0,4.7,17,69,"Hunian nyaman di jantung Jakarta Utara. Kos putri dengan WiFi, listrik termasuk, dan parkir. Ukuran kamar 9m², cukup untuk bekerja dan beristirahat. Bebas banjir, akses 24 jam. Jarak ke transportasi umum hanya 4.0 km. Cocok untuk profesional muda yang aktif.","Baru 24 minggu tapi sudah betah banget. WiFi kencang dan stabil. Air bersih dan lancar, listrik stabil, tidak pernah mati. Harga sepadan.",assets/kos_photos/kos_0780.jpg,-6.117659,106.874731
KOS-0781,Kos Tanjung Priok 781,Jakarta Utara,Tanjung Priok,2250000,Putra,20,0,1,1,0,0,0,1,0,9.6,Universitas Jayabaya,5.0,3.8,28,65,"Kos putra strategis di Tanjung Priok, Jakarta Utara. Kamar 20m² dilengkapi kamar mandi dalam, WiFi, dan laundry. Lokasi hanya 9.6 km dari kampus dan 5.0 km dari moda transportasi umum. Suasana bersih, aman, dan nyaman. Cocok untuk mahasiswa maupun pekerja muda yang menginginkan hunian berkualitas dengan harga terjangkau.",Cukup nyaman untuk kebutuhan sehari-hari. WiFi kencang dan stabil. Kamar mandi pribadi sangat nyaman. Harga standar untuk area sini. Cocok untuk yang budget terbatas.,assets/kos_photos/kos_0781.jpg,-6.09987,106.837099
KOS-0782,Kos Cilincing 782,Jakarta Utara,Cilincing,1900000,Putra,9,1,1,1,0,1,1,0,1,6.7,STIE Indonesia Jakarta,3.3,5.0,17,32,"Kos bersih dan terawat di Cilincing, Jakarta Utara. Kamar putra berukuran 9m² tersedia dengan fasilitas AC, kamar mandi dalam, WiFi, parkir, dapur bersama, dan security 24 jam. Pengelolaan profesional, kontrak fleksibel per bulan. Jarak 6.7 km dari kampus, 3.3 km dari halte atau stasiun. Survei gratis, hubungi pemilik sekarang!","Sudah 18 bulan di sini, sangat puas! Kamar bersih dan wangi. WiFi kencang dan stabil. AC dingin, tidak berisik. Pemilik kos sigap menangani keluhan. Sangat direkomendasikan!",assets/kos_photos/kos_0782.jpg,-6.116028,106.860495
KOS-0783,Kos Tanjung Priok 783,Jakarta Utara,Tanjung Priok,1700000,Putra,12,0,0,1,0,0,0,0,1,0.6,Universitas Jayabaya,2.5,4.7,10,44,"Tersedia kamar kos putra di kawasan Tanjung Priok, Jakarta Utara. Luas kamar 12m², fasilitas: WiFi dan security 24 jam. Dekat kampus (0.6 km) dan transportasi umum (2.5 km). Lingkungan tenang, pemilik kos ramah dan responsif. Harga sudah mencakup biaya perawatan fasilitas bersama. Ideal untuk pelajar yang baru merantau.","Baru 3 minggu tapi sudah betah banget. WiFi kencang dan stabil. Keamanan 24 jam membuat tenang. Air bersih dan lancar, listrik stabil, tidak pernah mati. Harga sepadan.",assets/kos_photos/kos_0783.jpg,-6.192838,106.872456
KOS-0784,Kos Cilincing 784,Jakarta Utara,Cilincing,2550000,Putri,12,1,0,1,1,1,1,1,1,8.0,STIE Indonesia Jakarta,3.5,4.0,22,180,"Kos bersih dan terawat di Cilincing, Jakarta Utara. Kamar putri berukuran 12m² tersedia dengan fasilitas AC, WiFi, listrik termasuk, parkir, dapur bersama, laundry, dan security 24 jam. Pengelolaan profesional, kontrak fleksibel per bulan. Jarak 8.0 km dari kampus, 3.5 km dari halte atau stasiun. Survei gratis, hubungi pemilik sekarang!","Baru 6 minggu tapi sudah betah banget. WiFi kencang dan stabil. AC dingin, tidak berisik. Air bersih dan lancar, listrik stabil, tidak pernah mati. Harga sepadan.",assets/kos_photos/kos_0784.jpg,-6.103637,106.863031
KOS-0785,Kos Penjaringan 785,Jakarta Utara,Penjaringan,2800000,Putra,15,1,1,1,1,0,1,1,1,2.4,Universitas Jayabaya,1.5,4.4,9,116,"Kos putra strategis di Penjaringan, Jakarta Utara. Kamar 15m² dilengkapi AC, kamar mandi dalam, WiFi, listrik termasuk, dapur bersama, laundry, dan security 24 jam. Lokasi hanya 2.4 km dari kampus dan 1.5 km dari moda transportasi umum. Suasana bersih, aman, dan nyaman. Cocok untuk mahasiswa maupun pekerja muda yang menginginkan hunian berkualitas dengan harga terjangkau.","Lokasi sangat strategis, ke mana-mana mudah dijangkau. WiFi kencang dan stabil. AC dingin, tidak berisik. Harga sangat worth it untuk fasilitasnya. Teman sesama penghuni juga asik.",assets/kos_photos/kos_0785.jpg,-6.124835,106.866589
KOS-0786,Kos Cilincing 786,Jakarta Utara,Cilincing,2100000,Campur,12,0,1,1,1,1,0,0,0,4.5,Universitas Jayabaya,4.3,3.7,23,22,"Kos campur strategis di Cilincing, Jakarta Utara. Kamar 12m² dilengkapi kamar mandi dalam, WiFi, listrik termasuk, dan parkir. Lokasi hanya 4.5 km dari kampus dan 4.3 km dari moda transportasi umum. Suasana bersih, aman, dan nyaman. Cocok untuk mahasiswa maupun pekerja muda yang menginginkan hunian berkualitas dengan harga terjangkau.",Cukup nyaman untuk kebutuhan sehari-hari. WiFi kencang dan stabil. Kamar mandi pribadi sangat nyaman. Harga standar untuk area sini. Cocok untuk yang budget terbatas.,assets/kos_photos/kos_0786.jpg,-6.095316,106.837749
KOS-0787,Kos Cilincing 787,Jakarta Utara,Cilincing,2100000,Campur,9,1,1,1,0,0,0,0,0,8.3,STIE Indonesia Jakarta,2.7,4.1,27,31,"Hunian nyaman di jantung Jakarta Utara. Kos campur dengan AC, kamar mandi dalam, dan WiFi. Ukuran kamar 9m², cukup untuk bekerja dan beristirahat. Bebas banjir, akses 24 jam. Jarak ke transportasi umum hanya 2.7 km. Cocok untuk profesional muda yang aktif.","Baru 3 minggu tapi sudah betah banget. WiFi kencang dan stabil. AC dingin, tidak berisik. Air bersih dan lancar, listrik stabil, tidak pernah mati. Harga sepadan.",assets/kos_photos/kos_0787.jpg,-6.089052,106.821535
KOS-0788,Kos Penjaringan 788,Jakarta Utara,Penjaringan,2700000,Campur,9,1,0,0,1,1,0,0,1,1.8,Universitas Jayabaya,4.1,3.8,29,59,"Hunian nyaman di jantung Jakarta Utara. Kos campur dengan AC, listrik termasuk, parkir, dan security 24 jam. Ukuran kamar 9m², cukup untuk bekerja dan beristirahat. Bebas banjir, akses 24 jam. Jarak ke transportasi umum hanya 4.1 km. Cocok untuk profesional muda yang aktif.","Oke secara keseluruhan. AC dingin, tidak berisik. Keamanan 24 jam membuat tenang. Ada plus minusnya, tapi tidak mengecewakan. Lumayan untuk jangka panjang.",assets/kos_photos/kos_0788.jpg,-6.130568,106.84228
KOS-0789,Kos Tanjung Priok 789,Jakarta Utara,Tanjung Priok,1800000,Campur,9,0,0,1,1,1,1,1,1,3.6,STIE Indonesia Jakarta,2.6,3.6,17,108,"Kos eksklusif campur area Tanjung Priok! Fasilitas lengkap: WiFi, listrik termasuk, parkir, dapur bersama, laundry, dan security 24 jam. Kamar 9m² dengan pencahayaan dan ventilasi optimal. Akses mudah ke pusat bisnis Jakarta Utara. Penjaga aktif 24 jam, CCTV terpasang di area umum. Hanya 3.6 km ke kampus terdekat. Daftar sekarang!","Lumayan sesuai harga yang dibayar. WiFi kencang dan stabil. Keamanan 24 jam membuat tenang. Respons pemilik kadang agak lambat, tapi fasilitas tetap terjaga.",assets/kos_photos/kos_0789.jpg,-6.075269,106.833289
KOS-0790,Kos Kelapa Gading 790,Jakarta Utara,Kelapa Gading,2450000,Putri,12,1,1,1,0,1,0,0,1,6.7,Universitas Jayabaya,0.7,4.5,10,82,"Kos bersih dan terawat di Kelapa Gading, Jakarta Utara. Kamar putri berukuran 12m² tersedia dengan fasilitas AC, kamar mandi dalam, WiFi, parkir, dan security 24 jam. Pengelolaan profesional, kontrak fleksibel per bulan. Jarak 6.7 km dari kampus, 0.7 km dari halte atau stasiun. Survei gratis, hubungi pemilik sekarang!","Kos paling nyaman selama kuliah di Jakarta. WiFi kencang dan stabil. AC dingin, tidak berisik. Lingkungan bersih dan aman, tidak pernah ada masalah keamanan. Sangat recommended untuk mahasiswa baru!",assets/kos_photos/kos_0790.jpg,-6.078115,106.853342
KOS-0791,Kos Cilincing 791,Jakarta Utara,Cilincing,2550000,Campur,9,1,1,1,1,1,1,0,0,2.9,Universitas Jayabaya,4.1,4.3,12,6,"Hunian nyaman di jantung Jakarta Utara. Kos campur dengan AC, kamar mandi dalam, WiFi, listrik termasuk, parkir, dan dapur bersama. Ukuran kamar 9m², cukup untuk bekerja dan beristirahat. Bebas banjir, akses 24 jam. Jarak ke transportasi umum hanya 4.1 km. Cocok untuk profesional muda yang aktif.","Baru 6 minggu tapi sudah betah banget. WiFi kencang dan stabil. AC dingin, tidak berisik. Air bersih dan lancar, listrik stabil, tidak pernah mati. Harga sepadan.",assets/kos_photos/kos_0791.jpg,-6.13137,106.841289
KOS-0792,Kos Penjaringan 792,Jakarta Utara,Penjaringan,2350000,Putri,18,0,1,1,1,0,0,1,1,7.5,Universitas Jayabaya,4.6,3.6,21,118,"Kos bersih dan terawat di Penjaringan, Jakarta Utara. Kamar putri berukuran 18m² tersedia dengan fasilitas kamar mandi dalam, WiFi, listrik termasuk, laundry, dan security 24 jam. Pengelolaan profesional, kontrak fleksibel per bulan. Jarak 7.5 km dari kampus, 4.6 km dari halte atau stasiun. Survei gratis, hubungi pemilik sekarang!","Oke secara keseluruhan. WiFi kencang dan stabil. Kamar mandi pribadi sangat nyaman. Ada plus minusnya, tapi tidak mengecewakan. Lumayan untuk jangka panjang.",assets/kos_photos/kos_0792.jpg,-6.086498,106.843577
KOS-0793,Kos Kelapa Gading 793,Jakarta Utara,Kelapa Gading,2250000,Putra,24,1,0,0,0,1,0,0,1,6.4,Universitas Jayabaya,1.1,4.1,22,63,"Hunian nyaman di jantung Jakarta Utara. Kos putra dengan AC, parkir, dan security 24 jam. Ukuran kamar 24m², cukup untuk bekerja dan beristirahat. Bebas banjir, akses 24 jam. Jarak ke transportasi umum hanya 1.1 km. Cocok untuk profesional muda yang aktif.","Lokasi sangat strategis, ke mana-mana mudah dijangkau. AC dingin, tidak berisik. Keamanan 24 jam membuat tenang. Harga sangat worth it untuk fasilitasnya. Teman sesama penghuni juga asik.",assets/kos_photos/kos_0793.jpg,-6.142088,106.820491
KOS-0794,Kos Kelapa Gading 794,Jakarta Utara,Kelapa Gading,2250000,Campur,24,0,0,1,0,1,0,0,1,7.7,Universitas Jayabaya,4.9,4.6,13,45,"Hunian nyaman di jantung Jakarta Utara. Kos campur dengan WiFi, parkir, dan security 24 jam. Ukuran kamar 24m², cukup untuk bekerja dan beristirahat. Bebas banjir, akses 24 jam. Jarak ke transportasi umum hanya 4.9 km. Cocok untuk profesional muda yang aktif.","Sudah 2 bulan di sini, sangat puas! Kamar bersih dan wangi. WiFi kencang dan stabil. Keamanan 24 jam membuat tenang. Pemilik kos sigap menangani keluhan. Sangat direkomendasikan!",assets/kos_photos/kos_0794.jpg,-6.095149,106.853153
KOS-0795,Kos Kelapa Gading 795,Jakarta Utara,Kelapa Gading,2850000,Putri,15,1,1,1,1,1,0,0,0,7.0,Universitas Jayabaya,0.3,4.6,22,119,"Kos eksklusif putri area Kelapa Gading! Fasilitas lengkap: AC, kamar mandi dalam, WiFi, listrik termasuk, dan parkir. Kamar 15m² dengan pencahayaan dan ventilasi optimal. Akses mudah ke pusat bisnis Jakarta Utara. Penjaga aktif 24 jam, CCTV terpasang di area umum. Hanya 7.0 km ke kampus terdekat. Daftar sekarang!","Sudah 8 bulan di sini, sangat puas! Kamar bersih dan wangi. WiFi kencang dan stabil. AC dingin, tidak berisik. Pemilik kos sigap menangani keluhan. Sangat direkomendasikan!",assets/kos_photos/kos_0795.jpg,-6.102556,106.874687
KOS-0796,Kos Pademangan 796,Jakarta Utara,Pademangan,2050000,Putri,15,1,1,0,1,0,0,0,1,7.0,STIE Indonesia Jakarta,4.2,4.4,25,170,"Kos eksklusif putri area Pademangan! Fasilitas lengkap: AC, kamar mandi dalam, listrik termasuk, dan security 24 jam. Kamar 15m² dengan pencahayaan dan ventilasi optimal. Akses mudah ke pusat bisnis Jakarta Utara. Penjaga aktif 24 jam, CCTV terpasang di area umum. Hanya 7.0 km ke kampus terdekat. Daftar sekarang!","Lokasi sangat strategis, ke mana-mana mudah dijangkau. AC dingin, tidak berisik. Kamar mandi pribadi sangat nyaman. Harga sangat worth it untuk fasilitasnya. Teman sesama penghuni juga asik.",assets/kos_photos/kos_0796.jpg,-6.118453,106.891875
KOS-0797,Kos Tanjung Priok 797,Jakarta Utara,Tanjung Priok,1400000,Putri,9,0,0,1,0,1,0,0,1,6.2,Universitas Jayabaya,1.2,4.9,17,150,"Hunian nyaman di jantung Jakarta Utara. Kos putri dengan WiFi, parkir, dan security 24 jam. Ukuran kamar 9m², cukup untuk bekerja dan beristirahat. Bebas banjir, akses 24 jam. Jarak ke transportasi umum hanya 1.2 km. Cocok untuk profesional muda yang aktif.","Baru 12 minggu tapi sudah betah banget. WiFi kencang dan stabil. Keamanan 24 jam membuat tenang. Air bersih dan lancar, listrik stabil, tidak pernah mati. Harga sepadan.",assets/kos_photos/kos_0797.jpg,-6.105331,106.873189
KOS-0798,Kos Kelapa Gading 798,Jakarta Utara,Kelapa Gading,2350000,Putri,15,1,1,1,0,0,0,0,1,6.0,Universitas Jayabaya,1.0,4.2,14,178,"Kos putri strategis di Kelapa Gading, Jakarta Utara. Kamar 15m² dilengkapi AC, kamar mandi dalam, WiFi, dan security 24 jam. Lokasi hanya 6.0 km dari kampus dan 1.0 km dari moda transportasi umum. Suasana bersih, aman, dan nyaman. Cocok untuk mahasiswa maupun pekerja muda yang menginginkan hunian berkualitas dengan harga terjangkau.","Sudah 18 tahun tinggal di sini dan tidak mau pindah. WiFi kencang dan stabil. AC dingin, tidak berisik. Lingkungan aman dan nyaman, penghuni dipilih secara selektif.",assets/kos_photos/kos_0798.jpg,-6.138662,106.824476
KOS-0799,Kos Penjaringan 799,Jakarta Utara,Penjaringan,2750000,Putri,18,1,1,1,0,0,0,0,1,2.0,Universitas Jayabaya,0.3,4.3,26,77,"Kos bersih dan terawat di Penjaringan, Jakarta Utara. Kamar putri berukuran 18m² tersedia dengan fasilitas AC, kamar mandi dalam, WiFi, dan security 24 jam. Pengelolaan profesional, kontrak fleksibel per bulan. Jarak 2.0 km dari kampus, 0.3 km dari halte atau stasiun. Survei gratis, hubungi pemilik sekarang!","Sudah 8 tahun tinggal di sini dan tidak mau pindah. WiFi kencang dan stabil. AC dingin, tidak berisik. Lingkungan aman dan nyaman, penghuni dipilih secara selektif.",assets/kos_photos/kos_0799.jpg,-6.099072,106.85135
KOS-0800,Kos Cilincing 800,Jakarta Utara,Cilincing,2350000,Putri,9,0,1,0,1,1,1,0,0,0.7,STIE Indonesia Jakarta,2.9,3.7,11,126,"Hunian nyaman di jantung Jakarta Utara. Kos putri dengan kamar mandi dalam, listrik termasuk, parkir, dan dapur bersama. Ukuran kamar 9m², cukup untuk bekerja dan beristirahat. Bebas banjir, akses 24 jam. Jarak ke transportasi umum hanya 2.9 km. Cocok untuk profesional muda yang aktif.","Oke secara keseluruhan. Kamar mandi pribadi sangat nyaman. Ada plus minusnya, tapi tidak mengecewakan. Lumayan untuk jangka panjang.",assets/kos_photos/kos_0800.jpg,-6.077484,106.885543
KOS-0801,Kos Pademangan 801,Jakarta Utara,Pademangan,1900000,Putri,9,1,1,1,1,0,0,0,0,8.7,Universitas Jayabaya,3.1,4.0,13,152,"Tersedia kamar kos putri di kawasan Pademangan, Jakarta Utara. Luas kamar 9m², fasilitas: AC, kamar mandi dalam, WiFi, dan listrik termasuk. Dekat kampus (8.7 km) dan transportasi umum (3.1 km). Lingkungan tenang, pemilik kos ramah dan responsif. Harga sudah mencakup biaya perawatan fasilitas bersama. Ideal untuk pelajar yang baru merantau.","Baru 24 minggu tapi sudah betah banget. WiFi kencang dan stabil. AC dingin, tidak berisik. Air bersih dan lancar, listrik stabil, tidak pernah mati. Harga sepadan.",assets/kos_photos/kos_0801.jpg,-6.097107,106.879318
KOS-0802,Kos Tanjung Priok 802,Jakarta Utara,Tanjung Priok,2950000,Putri,9,1,1,1,0,1,1,0,1,2.2,STIE Indonesia Jakarta,0.4,4.0,12,50,"Hunian nyaman di jantung Jakarta Utara. Kos putri dengan AC, kamar mandi dalam, WiFi, parkir, dapur bersama, dan security 24 jam. Ukuran kamar 9m², cukup untuk bekerja dan beristirahat. Bebas banjir, akses 24 jam. Jarak ke transportasi umum hanya 0.4 km. Cocok untuk profesional muda yang aktif.","Baru 2 minggu tapi sudah betah banget. WiFi kencang dan stabil. AC dingin, tidak berisik. Air bersih dan lancar, listrik stabil, tidak pernah mati. Harga sepadan.",assets/kos_photos/kos_0802.jpg,-6.131989,106.930769
KOS-0803,Kos Tanjung Priok 803,Jakarta Utara,Tanjung Priok,2500000,Putra,15,1,1,1,0,1,0,1,0,0.6,STIE Indonesia Jakarta,1.6,4.0,15,153,"Kos eksklusif putra area Tanjung Priok! Fasilitas lengkap: AC, kamar mandi dalam, WiFi, parkir, dan laundry. Kamar 15m² dengan pencahayaan dan ventilasi optimal. Akses mudah ke pusat bisnis Jakarta Utara. Penjaga aktif 24 jam, CCTV terpasang di area umum. Hanya 0.6 km ke kampus terdekat. Daftar sekarang!","Kos paling nyaman selama kuliah di Jakarta. WiFi kencang dan stabil. AC dingin, tidak berisik. Lingkungan bersih dan aman, tidak pernah ada masalah keamanan. Sangat recommended untuk mahasiswa baru!",assets/kos_photos/kos_0803.jpg,-6.132895,106.876537
KOS-0804,Kos Koja 804,Jakarta Utara,Koja,2400000,Putra,12,0,1,0,1,0,0,0,0,5.4,Universitas Jayabaya,0.8,4.2,19,136,"Tersedia kamar kos putra di kawasan Koja, Jakarta Utara. Luas kamar 12m², fasilitas: kamar mandi dalam dan listrik termasuk. Dekat kampus (5.4 km) dan transportasi umum (0.8 km). Lingkungan tenang, pemilik kos ramah dan responsif. Harga sudah mencakup biaya perawatan fasilitas bersama. Ideal untuk pelajar yang baru merantau.","Sudah 3 tahun tinggal di sini dan tidak mau pindah. Kamar mandi pribadi sangat nyaman. Lingkungan aman dan nyaman, penghuni dipilih secara selektif.",assets/kos_photos/kos_0804.jpg,-6.137827,106.877427
KOS-0805,Kos Cilincing 805,Jakarta Utara,Cilincing,2150000,Putri,12,0,1,1,0,1,0,0,0,3.8,Universitas Jayabaya,3.6,4.3,20,175,"Hunian nyaman di jantung Jakarta Utara. Kos putri dengan kamar mandi dalam, WiFi, dan parkir. Ukuran kamar 12m², cukup untuk bekerja dan beristirahat. Bebas banjir, akses 24 jam. Jarak ke transportasi umum hanya 3.6 km. Cocok untuk profesional muda yang aktif.","Lokasi sangat strategis, ke mana-mana mudah dijangkau. WiFi kencang dan stabil. Kamar mandi pribadi sangat nyaman. Harga sangat worth it untuk fasilitasnya. Teman sesama penghuni juga asik.",assets/kos_photos/kos_0805.jpg,-6.111681,106.867262
KOS-0806,Kos Kelapa Gading 806,Jakarta Utara,Kelapa Gading,2450000,Campur,18,1,1,1,0,0,0,1,0,6.8,Universitas Jayabaya,3.4,4.1,23,150,"Tersedia kamar kos campur di kawasan Kelapa Gading, Jakarta Utara. Luas kamar 18m², fasilitas: AC, kamar mandi dalam, WiFi, dan laundry. Dekat kampus (6.8 km) dan transportasi umum (3.4 km). Lingkungan tenang, pemilik kos ramah dan responsif. Harga sudah mencakup biaya perawatan fasilitas bersama. Ideal untuk pelajar yang baru merantau.","Kos paling nyaman selama kuliah di Jakarta. WiFi kencang dan stabil. AC dingin, tidak berisik. Lingkungan bersih dan aman, tidak pernah ada masalah keamanan. Sangat recommended untuk mahasiswa baru!",assets/kos_photos/kos_0806.jpg,-6.135717,106.853663
KOS-0807,Kos Penjaringan 807,Jakarta Utara,Penjaringan,2850000,Putri,24,1,1,0,0,0,0,1,1,2.6,STIE Indonesia Jakarta,0.9,3.6,27,8,"Kos eksklusif putri area Penjaringan! Fasilitas lengkap: AC, kamar mandi dalam, laundry, dan security 24 jam. Kamar 24m² dengan pencahayaan dan ventilasi optimal. Akses mudah ke pusat bisnis Jakarta Utara. Penjaga aktif 24 jam, CCTV terpasang di area umum. Hanya 2.6 km ke kampus terdekat. Daftar sekarang!","Oke secara keseluruhan. AC dingin, tidak berisik. Kamar mandi pribadi sangat nyaman. Ada plus minusnya, tapi tidak mengecewakan. Lumayan untuk jangka panjang.",assets/kos_photos/kos_0807.jpg,-6.124013,106.845255
KOS-0808,Kos Tanjung Priok 808,Jakarta Utara,Tanjung Priok,2250000,Putra,9,1,0,1,1,1,0,1,1,5.2,STIE Indonesia Jakarta,2.4,4.5,8,101,"Kos eksklusif putra area Tanjung Priok! Fasilitas lengkap: AC, WiFi, listrik termasuk, parkir, laundry, dan security 24 jam. Kamar 9m² dengan pencahayaan dan ventilasi optimal. Akses mudah ke pusat bisnis Jakarta Utara. Penjaga aktif 24 jam, CCTV terpasang di area umum. Hanya 5.2 km ke kampus terdekat. Daftar sekarang!","Baru 8 minggu tapi sudah betah banget. WiFi kencang dan stabil. AC dingin, tidak berisik. Air bersih dan lancar, listrik stabil, tidak pernah mati. Harga sepadan.",assets/kos_photos/kos_0808.jpg,-6.10441,106.878908
KOS-0809,Kos Cilincing 809,Jakarta Utara,Cilincing,2300000,Putra,12,1,0,0,1,1,0,0,0,7.2,STIE Indonesia Jakarta,0.4,4.8,23,115,"Kos eksklusif putra area Cilincing! Fasilitas lengkap: AC, listrik termasuk, dan parkir. Kamar 12m² dengan pencahayaan dan ventilasi optimal. Akses mudah ke pusat bisnis Jakarta Utara. Penjaga aktif 24 jam, CCTV terpasang di area umum. Hanya 7.2 km ke kampus terdekat. Daftar sekarang!","Kos paling nyaman selama kuliah di Jakarta. AC dingin, tidak berisik. Lingkungan bersih dan aman, tidak pernah ada masalah keamanan. Sangat recommended untuk mahasiswa baru!",assets/kos_photos/kos_0809.jpg,-6.106966,106.848811
KOS-0810,Kos Tanjung Priok 810,Jakarta Utara,Tanjung Priok,2750000,Putri,18,0,1,1,1,1,0,1,1,6.2,Universitas Jayabaya,3.5,4.0,25,35,"Kos putri strategis di Tanjung Priok, Jakarta Utara. Kamar 18m² dilengkapi kamar mandi dalam, WiFi, listrik termasuk, parkir, laundry, dan security 24 jam. Lokasi hanya 6.2 km dari kampus dan 3.5 km dari moda transportasi umum. Suasana bersih, aman, dan nyaman. Cocok untuk mahasiswa maupun pekerja muda yang menginginkan hunian berkualitas dengan harga terjangkau.","Lokasi sangat strategis, ke mana-mana mudah dijangkau. WiFi kencang dan stabil. Kamar mandi pribadi sangat nyaman. Harga sangat worth it untuk fasilitasnya. Teman sesama penghuni juga asik.",assets/kos_photos/kos_0810.jpg,-6.099443,106.840352
KOS-0811,Kos Tanjung Priok 811,Jakarta Utara,Tanjung Priok,1900000,Putra,20,1,0,1,1,0,1,1,1,8.9,STIE Indonesia Jakarta,1.4,4.5,11,29,"Kos bersih dan terawat di Tanjung Priok, Jakarta Utara. Kamar putra berukuran 20m² tersedia dengan fasilitas AC, WiFi, listrik termasuk, dapur bersama, laundry, dan security 24 jam. Pengelolaan profesional, kontrak fleksibel per bulan. Jarak 8.9 km dari kampus, 1.4 km dari halte atau stasiun. Survei gratis, hubungi pemilik sekarang!","Kos paling nyaman selama kuliah di Jakarta. WiFi kencang dan stabil. AC dingin, tidak berisik. Lingkungan bersih dan aman, tidak pernah ada masalah keamanan. Sangat recommended untuk mahasiswa baru!",assets/kos_photos/kos_0811.jpg,-6.118582,106.908053
KOS-0812,Kos Koja 812,Jakarta Utara,Koja,2400000,Putra,9,0,1,1,1,1,1,0,1,4.6,Universitas Jayabaya,4.2,4.6,27,11,"Kos putra strategis di Koja, Jakarta Utara. Kamar 9m² dilengkapi kamar mandi dalam, WiFi, listrik termasuk, parkir, dapur bersama, dan security 24 jam. Lokasi hanya 4.6 km dari kampus dan 4.2 km dari moda transportasi umum. Suasana bersih, aman, dan nyaman. Cocok untuk mahasiswa maupun pekerja muda yang menginginkan hunian berkualitas dengan harga terjangkau.","Sudah 3 bulan di sini, sangat puas! Kamar bersih dan wangi. WiFi kencang dan stabil. Kamar mandi pribadi sangat nyaman. Pemilik kos sigap menangani keluhan. Sangat direkomendasikan!",assets/kos_photos/kos_0812.jpg,-6.155701,106.849042
KOS-0813,Kos Tanjung Priok 813,Jakarta Utara,Tanjung Priok,2150000,Putri,12,1,1,0,0,1,1,0,1,7.6,Universitas Jayabaya,1.4,3.5,13,92,"Kos eksklusif putri area Tanjung Priok! Fasilitas lengkap: AC, kamar mandi dalam, parkir, dapur bersama, dan security 24 jam. Kamar 12m² dengan pencahayaan dan ventilasi optimal. Akses mudah ke pusat bisnis Jakarta Utara. Penjaga aktif 24 jam, CCTV terpasang di area umum. Hanya 7.6 km ke kampus terdekat. Daftar sekarang!","Cukup nyaman untuk kebutuhan sehari-hari. AC dingin, tidak berisik. Kamar mandi pribadi sangat nyaman. Harga standar untuk area sini. Cocok untuk yang budget terbatas.",assets/kos_photos/kos_0813.jpg,-6.131813,106.851555
KOS-0814,Kos Pademangan 814,Jakarta Utara,Pademangan,2700000,Putri,9,1,1,1,1,1,1,0,0,1.2,Universitas Jayabaya,1.3,4.7,25,119,"Kos putri strategis di Pademangan, Jakarta Utara. Kamar 9m² dilengkapi AC, kamar mandi dalam, WiFi, listrik termasuk, parkir, dan dapur bersama. Lokasi hanya 1.2 km dari kampus dan 1.3 km dari moda transportasi umum. Suasana bersih, aman, dan nyaman. Cocok untuk mahasiswa maupun pekerja muda yang menginginkan hunian berkualitas dengan harga terjangkau.","Lokasi sangat strategis, ke mana-mana mudah dijangkau. WiFi kencang dan stabil. AC dingin, tidak berisik. Harga sangat worth it untuk fasilitasnya. Teman sesama penghuni juga asik.",assets/kos_photos/kos_0814.jpg,-6.157861,106.884397
KOS-0815,Kos Cilincing 815,Jakarta Utara,Cilincing,2450000,Putri,18,0,1,1,0,1,1,0,1,5.9,STIE Indonesia Jakarta,2.7,4.5,23,120,"Kos eksklusif putri area Cilincing! Fasilitas lengkap: kamar mandi dalam, WiFi, parkir, dapur bersama, dan security 24 jam. Kamar 18m² dengan pencahayaan dan ventilasi optimal. Akses mudah ke pusat bisnis Jakarta Utara. Penjaga aktif 24 jam, CCTV terpasang di area umum. Hanya 5.9 km ke kampus terdekat. Daftar sekarang!","Sudah 8 bulan di sini, sangat puas! Kamar bersih dan wangi. WiFi kencang dan stabil. Kamar mandi pribadi sangat nyaman. Pemilik kos sigap menangani keluhan. Sangat direkomendasikan!",assets/kos_photos/kos_0815.jpg,-6.100221,106.826382
KOS-0816,Kos Pademangan 816,Jakarta Utara,Pademangan,2000000,Campur,12,0,0,1,1,1,1,1,0,6.1,Universitas Jayabaya,2.8,4.2,5,199,"Kos bersih dan terawat di Pademangan, Jakarta Utara. Kamar campur berukuran 12m² tersedia dengan fasilitas WiFi, listrik termasuk, parkir, dapur bersama, dan laundry. Pengelolaan profesional, kontrak fleksibel per bulan. Jarak 6.1 km dari kampus, 2.8 km dari halte atau stasiun. Survei gratis, hubungi pemilik sekarang!","Sudah 3 bulan di sini, sangat puas! Kamar bersih dan wangi. WiFi kencang dan stabil. Pemilik kos sigap menangani keluhan. Sangat direkomendasikan!",assets/kos_photos/kos_0816.jpg,-6.14708,106.865129
KOS-0817,Kos Cilincing 817,Jakarta Utara,Cilincing,2300000,Putri,15,1,1,0,0,1,0,1,1,6.1,Universitas Jayabaya,3.7,4.5,22,179,"Hunian nyaman di jantung Jakarta Utara. Kos putri dengan AC, kamar mandi dalam, parkir, laundry, dan security 24 jam. Ukuran kamar 15m², cukup untuk bekerja dan beristirahat. Bebas banjir, akses 24 jam. Jarak ke transportasi umum hanya 3.7 km. Cocok untuk profesional muda yang aktif.","Baru 8 minggu tapi sudah betah banget. AC dingin, tidak berisik. Kamar mandi pribadi sangat nyaman. Air bersih dan lancar, listrik stabil, tidak pernah mati. Harga sepadan.",assets/kos_photos/kos_0817.jpg,-6.075246,106.913012
KOS-0818,Kos Cilincing 818,Jakarta Utara,Cilincing,1300000,Campur,15,0,0,1,0,1,0,0,0,5.5,Universitas Jayabaya,4.7,4.6,25,164,"Kos bersih dan terawat di Cilincing, Jakarta Utara. Kamar campur berukuran 15m² tersedia dengan fasilitas WiFi dan parkir. Pengelolaan profesional, kontrak fleksibel per bulan. Jarak 5.5 km dari kampus, 4.7 km dari halte atau stasiun. Survei gratis, hubungi pemilik sekarang!","Kos paling nyaman selama kuliah di Jakarta. WiFi kencang dan stabil. Lingkungan bersih dan aman, tidak pernah ada masalah keamanan. Sangat recommended untuk mahasiswa baru!",assets/kos_photos/kos_0818.jpg,-6.144181,106.889417
KOS-0819,Kos Cilincing 819,Jakarta Utara,Cilincing,1900000,Putri,9,1,0,0,1,1,0,1,1,6.8,Universitas Jayabaya,2.8,4.4,11,181,"Kos putri strategis di Cilincing, Jakarta Utara. Kamar 9m² dilengkapi AC, listrik termasuk, parkir, laundry, dan security 24 jam. Lokasi hanya 6.8 km dari kampus dan 2.8 km dari moda transportasi umum. Suasana bersih, aman, dan nyaman. Cocok untuk mahasiswa maupun pekerja muda yang menginginkan hunian berkualitas dengan harga terjangkau.","Lokasi sangat strategis, ke mana-mana mudah dijangkau. AC dingin, tidak berisik. Keamanan 24 jam membuat tenang. Harga sangat worth it untuk fasilitasnya. Teman sesama penghuni juga asik.",assets/kos_photos/kos_0819.jpg,-6.146192,106.877232
KOS-0820,Kos Cilincing 820,Jakarta Utara,Cilincing,1700000,Campur,9,1,0,0,1,0,1,0,1,7.8,STIE Indonesia Jakarta,0.4,3.6,10,126,"Kos bersih dan terawat di Cilincing, Jakarta Utara. Kamar campur berukuran 9m² tersedia dengan fasilitas AC, listrik termasuk, dapur bersama, dan security 24 jam. Pengelolaan profesional, kontrak fleksibel per bulan. Jarak 7.8 km dari kampus, 0.4 km dari halte atau stasiun. Survei gratis, hubungi pemilik sekarang!","Oke secara keseluruhan. AC dingin, tidak berisik. Keamanan 24 jam membuat tenang. Ada plus minusnya, tapi tidak mengecewakan. Lumayan untuk jangka panjang.",assets/kos_photos/kos_0820.jpg,-6.115533,106.894808
KOS-0821,Kos Tanjung Priok 821,Jakarta Utara,Tanjung Priok,2150000,Putra,15,0,0,1,1,1,0,1,1,6.5,Universitas Jayabaya,3.7,3.8,13,19,"Kos eksklusif putra area Tanjung Priok! Fasilitas lengkap: WiFi, listrik termasuk, parkir, laundry, dan security 24 jam. Kamar 15m² dengan pencahayaan dan ventilasi optimal. Akses mudah ke pusat bisnis Jakarta Utara. Penjaga aktif 24 jam, CCTV terpasang di area umum. Hanya 6.5 km ke kampus terdekat. Daftar sekarang!",Cukup nyaman untuk kebutuhan sehari-hari. WiFi kencang dan stabil. Keamanan 24 jam membuat tenang. Harga standar untuk area sini. Cocok untuk yang budget terbatas.,assets/kos_photos/kos_0821.jpg,-6.125497,106.892302
KOS-0822,Kos Kelapa Gading 822,Jakarta Utara,Kelapa Gading,1850000,Putra,12,1,1,0,0,1,0,0,1,3.8,STIE Indonesia Jakarta,3.2,4.1,15,157,"Kos bersih dan terawat di Kelapa Gading, Jakarta Utara. Kamar putra berukuran 12m² tersedia dengan fasilitas AC, kamar mandi dalam, parkir, dan security 24 jam. Pengelolaan profesional, kontrak fleksibel per bulan. Jarak 3.8 km dari kampus, 3.2 km dari halte atau stasiun. Survei gratis, hubungi pemilik sekarang!","Sudah 3 tahun tinggal di sini dan tidak mau pindah. AC dingin, tidak berisik. Kamar mandi pribadi sangat nyaman. Lingkungan aman dan nyaman, penghuni dipilih secara selektif.",assets/kos_photos/kos_0822.jpg,-6.137915,106.838768
KOS-0823,Kos Koja 823,Jakarta Utara,Koja,2700000,Putri,24,1,1,0,1,1,0,1,1,8.9,STIE Indonesia Jakarta,1.0,4.1,25,70,"Kos putri strategis di Koja, Jakarta Utara. Kamar 24m² dilengkapi AC, kamar mandi dalam, listrik termasuk, parkir, laundry, dan security 24 jam. Lokasi hanya 8.9 km dari kampus dan 1.0 km dari moda transportasi umum. Suasana bersih, aman, dan nyaman. Cocok untuk mahasiswa maupun pekerja muda yang menginginkan hunian berkualitas dengan harga terjangkau.","Kos paling nyaman selama kuliah di Jakarta. AC dingin, tidak berisik. Kamar mandi pribadi sangat nyaman. Lingkungan bersih dan aman, tidak pernah ada masalah keamanan. Sangat recommended untuk mahasiswa baru!",assets/kos_photos/kos_0823.jpg,-6.136821,106.884555
KOS-0824,Kos Kelapa Gading 824,Jakarta Utara,Kelapa Gading,2050000,Putra,12,0,1,1,1,1,0,0,1,9.1,STIE Indonesia Jakarta,3.0,5.0,14,192,"Kos putra strategis di Kelapa Gading, Jakarta Utara. Kamar 12m² dilengkapi kamar mandi dalam, WiFi, listrik termasuk, parkir, dan security 24 jam. Lokasi hanya 9.1 km dari kampus dan 3.0 km dari moda transportasi umum. Suasana bersih, aman, dan nyaman. Cocok untuk mahasiswa maupun pekerja muda yang menginginkan hunian berkualitas dengan harga terjangkau.","Sudah 2 tahun tinggal di sini dan tidak mau pindah. WiFi kencang dan stabil. Kamar mandi pribadi sangat nyaman. Lingkungan aman dan nyaman, penghuni dipilih secara selektif.",assets/kos_photos/kos_0824.jpg,-6.085527,106.899112
KOS-0825,Kos Pademangan 825,Jakarta Utara,Pademangan,1900000,Putra,15,1,0,1,0,1,1,0,0,9.9,STIE Indonesia Jakarta,4.6,3.9,25,192,"Kos eksklusif putra area Pademangan! Fasilitas lengkap: AC, WiFi, parkir, dan dapur bersama. Kamar 15m² dengan pencahayaan dan ventilasi optimal. Akses mudah ke pusat bisnis Jakarta Utara. Penjaga aktif 24 jam, CCTV terpasang di area umum. Hanya 9.9 km ke kampus terdekat. Daftar sekarang!","Cukup nyaman untuk kebutuhan sehari-hari. WiFi kencang dan stabil. AC dingin, tidak berisik. Harga standar untuk area sini. Cocok untuk yang budget terbatas.",assets/kos_photos/kos_0825.jpg,-6.141847,106.904284
KOS-0826,Kos Cilincing 826,Jakarta Utara,Cilincing,1950000,Putri,20,0,0,1,0,1,0,0,1,1.0,STIE Indonesia Jakarta,2.7,4.8,11,23,"Kos putri strategis di Cilincing, Jakarta Utara. Kamar 20m² dilengkapi WiFi, parkir, dan security 24 jam. Lokasi hanya 1.0 km dari kampus dan 2.7 km dari moda transportasi umum. Suasana bersih, aman, dan nyaman. Cocok untuk mahasiswa maupun pekerja muda yang menginginkan hunian berkualitas dengan harga terjangkau.","Sudah 12 bulan di sini, sangat puas! Kamar bersih dan wangi. WiFi kencang dan stabil. Keamanan 24 jam membuat tenang. Pemilik kos sigap menangani keluhan. Sangat direkomendasikan!",assets/kos_photos/kos_0826.jpg,-6.12979,106.842655
KOS-0827,Kos Penjaringan 827,Jakarta Utara,Penjaringan,3050000,Putri,24,1,1,1,0,0,0,0,1,4.6,Universitas Jayabaya,4.0,3.8,25,122,"Kos eksklusif putri area Penjaringan! Fasilitas lengkap: AC, kamar mandi dalam, WiFi, dan security 24 jam. Kamar 24m² dengan pencahayaan dan ventilasi optimal. Akses mudah ke pusat bisnis Jakarta Utara. Penjaga aktif 24 jam, CCTV terpasang di area umum. Hanya 4.6 km ke kampus terdekat. Daftar sekarang!","Oke secara keseluruhan. WiFi kencang dan stabil. AC dingin, tidak berisik. Ada plus minusnya, tapi tidak mengecewakan. Lumayan untuk jangka panjang.",assets/kos_photos/kos_0827.jpg,-6.105478,106.845315
KOS-0828,Kos Koja 828,Jakarta Utara,Koja,2300000,Putri,9,1,0,1,0,1,1,0,1,6.3,STIE Indonesia Jakarta,1.3,4.0,11,52,"Hunian nyaman di jantung Jakarta Utara. Kos putri dengan AC, WiFi, parkir, dapur bersama, dan security 24 jam. Ukuran kamar 9m², cukup untuk bekerja dan beristirahat. Bebas banjir, akses 24 jam. Jarak ke transportasi umum hanya 1.3 km. Cocok untuk profesional muda yang aktif.","Sudah 8 tahun tinggal di sini dan tidak mau pindah. WiFi kencang dan stabil. AC dingin, tidak berisik. Lingkungan aman dan nyaman, penghuni dipilih secara selektif.",assets/kos_photos/kos_0828.jpg,-6.152735,106.877653
KOS-0829,Kos Cilincing 829,Jakarta Utara,Cilincing,2600000,Putri,24,1,1,1,1,0,0,1,1,5.9,Universitas Jayabaya,2.3,4.1,28,99,"Hunian nyaman di jantung Jakarta Utara. Kos putri dengan AC, kamar mandi dalam, WiFi, listrik termasuk, laundry, dan security 24 jam. Ukuran kamar 24m², cukup untuk bekerja dan beristirahat. Bebas banjir, akses 24 jam. Jarak ke transportasi umum hanya 2.3 km. Cocok untuk profesional muda yang aktif.","Kos paling nyaman selama kuliah di Jakarta. WiFi kencang dan stabil. AC dingin, tidak berisik. Lingkungan bersih dan aman, tidak pernah ada masalah keamanan. Sangat recommended untuk mahasiswa baru!",assets/kos_photos/kos_0829.jpg,-6.119685,106.879206
KOS-0830,Kos Pademangan 830,Jakarta Utara,Pademangan,2100000,Campur,12,1,1,0,1,1,1,0,0,8.6,Universitas Jayabaya,1.8,4.3,17,150,"Tersedia kamar kos campur di kawasan Pademangan, Jakarta Utara. Luas kamar 12m², fasilitas: AC, kamar mandi dalam, listrik termasuk, parkir, dan dapur bersama. Dekat kampus (8.6 km) dan transportasi umum (1.8 km). Lingkungan tenang, pemilik kos ramah dan responsif. Harga sudah mencakup biaya perawatan fasilitas bersama. Ideal untuk pelajar yang baru merantau.","Baru 2 minggu tapi sudah betah banget. AC dingin, tidak berisik. Kamar mandi pribadi sangat nyaman. Air bersih dan lancar, listrik stabil, tidak pernah mati. Harga sepadan.",assets/kos_photos/kos_0830.jpg,-6.14814,106.817524
KOS-0831,Kos Pademangan 831,Jakarta Utara,Pademangan,2200000,Putri,9,1,0,1,0,1,0,1,0,7.5,STIE Indonesia Jakarta,5.0,4.2,12,118,"Kos putri strategis di Pademangan, Jakarta Utara. Kamar 9m² dilengkapi AC, WiFi, parkir, dan laundry. Lokasi hanya 7.5 km dari kampus dan 5.0 km dari moda transportasi umum. Suasana bersih, aman, dan nyaman. Cocok untuk mahasiswa maupun pekerja muda yang menginginkan hunian berkualitas dengan harga terjangkau.","Sudah 24 tahun tinggal di sini dan tidak mau pindah. WiFi kencang dan stabil. AC dingin, tidak berisik. Lingkungan aman dan nyaman, penghuni dipilih secara selektif.",assets/kos_photos/kos_0831.jpg,-6.177371,106.831845
KOS-0832,Kos Tanjung Priok 832,Jakarta Utara,Tanjung Priok,2000000,Campur,15,1,0,1,0,0,0,0,1,6.5,STIE Indonesia Jakarta,2.7,4.8,6,64,"Kos campur strategis di Tanjung Priok, Jakarta Utara. Kamar 15m² dilengkapi AC, WiFi, dan security 24 jam. Lokasi hanya 6.5 km dari kampus dan 2.7 km dari moda transportasi umum. Suasana bersih, aman, dan nyaman. Cocok untuk mahasiswa maupun pekerja muda yang menginginkan hunian berkualitas dengan harga terjangkau.","Sudah 6 bulan di sini, sangat puas! Kamar bersih dan wangi. WiFi kencang dan stabil. AC dingin, tidak berisik. Pemilik kos sigap menangani keluhan. Sangat direkomendasikan!",assets/kos_photos/kos_0832.jpg,-6.11139,106.87254
KOS-0833,Kos Koja 833,Jakarta Utara,Koja,2400000,Putri,18,1,1,1,0,1,0,1,0,4.9,Universitas Jayabaya,2.7,4.5,21,36,"Hunian nyaman di jantung Jakarta Utara. Kos putri dengan AC, kamar mandi dalam, WiFi, parkir, dan laundry. Ukuran kamar 18m², cukup untuk bekerja dan beristirahat. Bebas banjir, akses 24 jam. Jarak ke transportasi umum hanya 2.7 km. Cocok untuk profesional muda yang aktif.","Sudah 24 tahun tinggal di sini dan tidak mau pindah. WiFi kencang dan stabil. AC dingin, tidak berisik. Lingkungan aman dan nyaman, penghuni dipilih secara selektif.",assets/kos_photos/kos_0833.jpg,-6.10249,106.89342
KOS-0834,Kos Cilincing 834,Jakarta Utara,Cilincing,2250000,Putri,12,1,0,1,1,0,0,0,1,7.8,Universitas Jayabaya,3.8,4.0,9,94,"Kos putri strategis di Cilincing, Jakarta Utara. Kamar 12m² dilengkapi AC, WiFi, listrik termasuk, dan security 24 jam. Lokasi hanya 7.8 km dari kampus dan 3.8 km dari moda transportasi umum. Suasana bersih, aman, dan nyaman. Cocok untuk mahasiswa maupun pekerja muda yang menginginkan hunian berkualitas dengan harga terjangkau.","Kos paling nyaman selama kuliah di Jakarta. WiFi kencang dan stabil. AC dingin, tidak berisik. Lingkungan bersih dan aman, tidak pernah ada masalah keamanan. Sangat recommended untuk mahasiswa baru!",assets/kos_photos/kos_0834.jpg,-6.108512,106.868441
KOS-0835,Kos Kelapa Gading 835,Jakarta Utara,Kelapa Gading,3000000,Putri,15,1,1,1,1,1,1,0,1,2.6,Universitas Jayabaya,4.9,4.0,17,116,"Hunian nyaman di jantung Jakarta Utara. Kos putri dengan AC, kamar mandi dalam, WiFi, listrik termasuk, parkir, dapur bersama, dan security 24 jam. Ukuran kamar 15m², cukup untuk bekerja dan beristirahat. Bebas banjir, akses 24 jam. Jarak ke transportasi umum hanya 4.9 km. Cocok untuk profesional muda yang aktif.","Sudah 8 bulan di sini, sangat puas! Kamar bersih dan wangi. WiFi kencang dan stabil. AC dingin, tidak berisik. Pemilik kos sigap menangani keluhan. Sangat direkomendasikan!",assets/kos_photos/kos_0835.jpg,-6.129611,106.844461
KOS-0836,Kos Tanjung Priok 836,Jakarta Utara,Tanjung Priok,1550000,Campur,9,0,1,1,0,1,0,0,0,5.8,Universitas Jayabaya,3.9,3.6,14,79,"Kos campur strategis di Tanjung Priok, Jakarta Utara. Kamar 9m² dilengkapi kamar mandi dalam, WiFi, dan parkir. Lokasi hanya 5.8 km dari kampus dan 3.9 km dari moda transportasi umum. Suasana bersih, aman, dan nyaman. Cocok untuk mahasiswa maupun pekerja muda yang menginginkan hunian berkualitas dengan harga terjangkau.","Lumayan sesuai harga yang dibayar. WiFi kencang dan stabil. Kamar mandi pribadi sangat nyaman. Respons pemilik kadang agak lambat, tapi fasilitas tetap terjaga.",assets/kos_photos/kos_0836.jpg,-6.137879,106.848344
KOS-0837,Kos Pademangan 837,Jakarta Utara,Pademangan,1850000,Campur,15,1,0,1,1,1,0,1,0,2.3,STIE Indonesia Jakarta,1.7,3.8,12,80,"Kos bersih dan terawat di Pademangan, Jakarta Utara. Kamar campur berukuran 15m² tersedia dengan fasilitas AC, WiFi, listrik termasuk, parkir, dan laundry. Pengelolaan profesional, kontrak fleksibel per bulan. Jarak 2.3 km dari kampus, 1.7 km dari halte atau stasiun. Survei gratis, hubungi pemilik sekarang!","Oke secara keseluruhan. WiFi kencang dan stabil. AC dingin, tidak berisik. Ada plus minusnya, tapi tidak mengecewakan. Lumayan untuk jangka panjang.",assets/kos_photos/kos_0837.jpg,-6.096829,106.866865
KOS-0838,Kos Pademangan 838,Jakarta Utara,Pademangan,2300000,Campur,15,1,0,1,1,1,0,0,1,7.9,STIE Indonesia Jakarta,2.8,4.2,21,102,"Tersedia kamar kos campur di kawasan Pademangan, Jakarta Utara. Luas kamar 15m², fasilitas: AC, WiFi, listrik termasuk, parkir, dan security 24 jam. Dekat kampus (7.9 km) dan transportasi umum (2.8 km). Lingkungan tenang, pemilik kos ramah dan responsif. Harga sudah mencakup biaya perawatan fasilitas bersama. Ideal untuk pelajar yang baru merantau.","Sudah 3 tahun tinggal di sini dan tidak mau pindah. WiFi kencang dan stabil. AC dingin, tidak berisik. Lingkungan aman dan nyaman, penghuni dipilih secara selektif.",assets/kos_photos/kos_0838.jpg,-6.135311,106.829737
KOS-0839,Kos Kelapa Gading 839,Jakarta Utara,Kelapa Gading,2100000,Campur,20,1,0,1,0,1,1,0,1,9.7,Universitas Jayabaya,0.8,4.3,18,140,"Tersedia kamar kos campur di kawasan Kelapa Gading, Jakarta Utara. Luas kamar 20m², fasilitas: AC, WiFi, parkir, dapur bersama, dan security 24 jam. Dekat kampus (9.7 km) dan transportasi umum (0.8 km). Lingkungan tenang, pemilik kos ramah dan responsif. Harga sudah mencakup biaya perawatan fasilitas bersama. Ideal untuk pelajar yang baru merantau.","Sudah 3 bulan di sini, sangat puas! Kamar bersih dan wangi. WiFi kencang dan stabil. AC dingin, tidak berisik. Pemilik kos sigap menangani keluhan. Sangat direkomendasikan!",assets/kos_photos/kos_0839.jpg,-6.134727,106.854678
KOS-0840,Kos Cilincing 840,Jakarta Utara,Cilincing,2250000,Putri,12,1,0,1,1,1,0,0,1,1.5,Universitas Jayabaya,5.0,4.3,16,147,"Kos bersih dan terawat di Cilincing, Jakarta Utara. Kamar putri berukuran 12m² tersedia dengan fasilitas AC, WiFi, listrik termasuk, parkir, dan security 24 jam. Pengelolaan profesional, kontrak fleksibel per bulan. Jarak 1.5 km dari kampus, 5.0 km dari halte atau stasiun. Survei gratis, hubungi pemilik sekarang!","Sudah 12 bulan di sini, sangat puas! Kamar bersih dan wangi. WiFi kencang dan stabil. AC dingin, tidak berisik. Pemilik kos sigap menangani keluhan. Sangat direkomendasikan!",assets/kos_photos/kos_0840.jpg,-6.120799,106.834922
KOS-0841,Kos Koja 841,Jakarta Utara,Koja,3000000,Putri,20,1,1,1,1,0,0,1,0,3.9,Universitas Jayabaya,2.4,3.6,11,146,"Hunian nyaman di jantung Jakarta Utara. Kos putri dengan AC, kamar mandi dalam, WiFi, listrik termasuk, dan laundry. Ukuran kamar 20m², cukup untuk bekerja dan beristirahat. Bebas banjir, akses 24 jam. Jarak ke transportasi umum hanya 2.4 km. Cocok untuk profesional muda yang aktif.","Lumayan sesuai harga yang dibayar. WiFi kencang dan stabil. AC dingin, tidak berisik. Respons pemilik kadang agak lambat, tapi fasilitas tetap terjaga.",assets/kos_photos/kos_0841.jpg,-6.133425,106.912098
KOS-0842,Kos Penjaringan 842,Jakarta Utara,Penjaringan,2500000,Campur,24,1,1,1,1,0,0,0,1,8.9,Universitas Jayabaya,3.0,4.6,14,66,"Hunian nyaman di jantung Jakarta Utara. Kos campur dengan AC, kamar mandi dalam, WiFi, listrik termasuk, dan security 24 jam. Ukuran kamar 24m², cukup untuk bekerja dan beristirahat. Bebas banjir, akses 24 jam. Jarak ke transportasi umum hanya 3.0 km. Cocok untuk profesional muda yang aktif.","Baru 12 minggu tapi sudah betah banget. WiFi kencang dan stabil. AC dingin, tidak berisik. Air bersih dan lancar, listrik stabil, tidak pernah mati. Harga sepadan.",assets/kos_photos/kos_0842.jpg,-6.112366,106.913515
KOS-0843,Kos Tanjung Priok 843,Jakarta Utara,Tanjung Priok,2650000,Putra,12,1,1,1,1,1,0,1,0,7.4,STIE Indonesia Jakarta,4.8,3.7,22,81,"Kos eksklusif putra area Tanjung Priok! Fasilitas lengkap: AC, kamar mandi dalam, WiFi, listrik termasuk, parkir, dan laundry. Kamar 12m² dengan pencahayaan dan ventilasi optimal. Akses mudah ke pusat bisnis Jakarta Utara. Penjaga aktif 24 jam, CCTV terpasang di area umum. Hanya 7.4 km ke kampus terdekat. Daftar sekarang!","Cukup nyaman untuk kebutuhan sehari-hari. WiFi kencang dan stabil. AC dingin, tidak berisik. Harga standar untuk area sini. Cocok untuk yang budget terbatas.",assets/kos_photos/kos_0843.jpg,-6.075526,106.839406
KOS-0844,Kos Penjaringan 844,Jakarta Utara,Penjaringan,1800000,Putri,12,0,1,1,1,0,0,0,0,4.7,STIE Indonesia Jakarta,1.9,4.0,16,57,"Kos eksklusif putri area Penjaringan! Fasilitas lengkap: kamar mandi dalam, WiFi, dan listrik termasuk. Kamar 12m² dengan pencahayaan dan ventilasi optimal. Akses mudah ke pusat bisnis Jakarta Utara. Penjaga aktif 24 jam, CCTV terpasang di area umum. Hanya 4.7 km ke kampus terdekat. Daftar sekarang!","Baru 18 minggu tapi sudah betah banget. WiFi kencang dan stabil. Kamar mandi pribadi sangat nyaman. Air bersih dan lancar, listrik stabil, tidak pernah mati. Harga sepadan.",assets/kos_photos/kos_0844.jpg,-6.115693,106.833076
KOS-0845,Kos Cilincing 845,Jakarta Utara,Cilincing,2350000,Putri,9,1,0,1,0,1,0,1,1,4.4,STIE Indonesia Jakarta,3.6,4.6,6,7,"Kos bersih dan terawat di Cilincing, Jakarta Utara. Kamar putri berukuran 9m² tersedia dengan fasilitas AC, WiFi, parkir, laundry, dan security 24 jam. Pengelolaan profesional, kontrak fleksibel per bulan. Jarak 4.4 km dari kampus, 3.6 km dari halte atau stasiun. Survei gratis, hubungi pemilik sekarang!","Kos paling nyaman selama kuliah di Jakarta. WiFi kencang dan stabil. AC dingin, tidak berisik. Lingkungan bersih dan aman, tidak pernah ada masalah keamanan. Sangat recommended untuk mahasiswa baru!",assets/kos_photos/kos_0845.jpg,-6.138206,106.887364
KOS-0846,Kos Penjaringan 846,Jakarta Utara,Penjaringan,2400000,Putra,15,1,0,1,1,1,0,0,1,7.2,STIE Indonesia Jakarta,1.9,4.5,9,45,"Kos eksklusif putra area Penjaringan! Fasilitas lengkap: AC, WiFi, listrik termasuk, parkir, dan security 24 jam. Kamar 15m² dengan pencahayaan dan ventilasi optimal. Akses mudah ke pusat bisnis Jakarta Utara. Penjaga aktif 24 jam, CCTV terpasang di area umum. Hanya 7.2 km ke kampus terdekat. Daftar sekarang!","Sudah 3 bulan di sini, sangat puas! Kamar bersih dan wangi. WiFi kencang dan stabil. AC dingin, tidak berisik. Pemilik kos sigap menangani keluhan. Sangat direkomendasikan!",assets/kos_photos/kos_0846.jpg,-6.155061,106.857109
KOS-0847,Kos Koja 847,Jakarta Utara,Koja,2100000,Putri,9,1,0,1,0,1,1,0,1,4.5,STIE Indonesia Jakarta,1.1,4.6,5,33,"Hunian nyaman di jantung Jakarta Utara. Kos putri dengan AC, WiFi, parkir, dapur bersama, dan security 24 jam. Ukuran kamar 9m², cukup untuk bekerja dan beristirahat. Bebas banjir, akses 24 jam. Jarak ke transportasi umum hanya 1.1 km. Cocok untuk profesional muda yang aktif.","Sudah 12 tahun tinggal di sini dan tidak mau pindah. WiFi kencang dan stabil. AC dingin, tidak berisik. Lingkungan aman dan nyaman, penghuni dipilih secara selektif.",assets/kos_photos/kos_0847.jpg,-6.099558,106.894355
KOS-0848,Kos Koja 848,Jakarta Utara,Koja,1900000,Putri,9,1,0,1,1,1,0,0,1,8.8,STIE Indonesia Jakarta,1.5,4.3,28,176,"Kos eksklusif putri area Koja! Fasilitas lengkap: AC, WiFi, listrik termasuk, parkir, dan security 24 jam. Kamar 9m² dengan pencahayaan dan ventilasi optimal. Akses mudah ke pusat bisnis Jakarta Utara. Penjaga aktif 24 jam, CCTV terpasang di area umum. Hanya 8.8 km ke kampus terdekat. Daftar sekarang!","Sudah 2 bulan di sini, sangat puas! Kamar bersih dan wangi. WiFi kencang dan stabil. AC dingin, tidak berisik. Pemilik kos sigap menangani keluhan. Sangat direkomendasikan!",assets/kos_photos/kos_0848.jpg,-6.189788,106.820726
KOS-0849,Kos Penjaringan 849,Jakarta Utara,Penjaringan,1850000,Putra,9,1,0,1,0,1,1,0,0,6.7,STIE Indonesia Jakarta,0.3,3.9,25,114,"Kos eksklusif putra area Penjaringan! Fasilitas lengkap: AC, WiFi, parkir, dan dapur bersama. Kamar 9m² dengan pencahayaan dan ventilasi optimal. Akses mudah ke pusat bisnis Jakarta Utara. Penjaga aktif 24 jam, CCTV terpasang di area umum. Hanya 6.7 km ke kampus terdekat. Daftar sekarang!","Cukup nyaman untuk kebutuhan sehari-hari. WiFi kencang dan stabil. AC dingin, tidak berisik. Harga standar untuk area sini. Cocok untuk yang budget terbatas.",assets/kos_photos/kos_0849.jpg,-6.131331,106.846132
KOS-0850,Kos Koja 850,Jakarta Utara,Koja,1500000,Putri,15,1,0,1,0,1,0,0,0,6.1,STIE Indonesia Jakarta,3.0,4.4,18,98,"Kos putri strategis di Koja, Jakarta Utara. Kamar 15m² dilengkapi AC, WiFi, dan parkir. Lokasi hanya 6.1 km dari kampus dan 3.0 km dari moda transportasi umum. Suasana bersih, aman, dan nyaman. Cocok untuk mahasiswa maupun pekerja muda yang menginginkan hunian berkualitas dengan harga terjangkau.","Lokasi sangat strategis, ke mana-mana mudah dijangkau. WiFi kencang dan stabil. AC dingin, tidak berisik. Harga sangat worth it untuk fasilitasnya. Teman sesama penghuni juga asik.",assets/kos_photos/kos_0850.jpg,-6.120689,106.857565
KOS-0851,Kos Cilincing 851,Jakarta Utara,Cilincing,2200000,Campur,15,0,1,1,1,1,1,0,1,3.9,STIE Indonesia Jakarta,1.4,4.9,20,24,"Kos eksklusif campur area Cilincing! Fasilitas lengkap: kamar mandi dalam, WiFi, listrik termasuk, parkir, dapur bersama, dan security 24 jam. Kamar 15m² dengan pencahayaan dan ventilasi optimal. Akses mudah ke pusat bisnis Jakarta Utara. Penjaga aktif 24 jam, CCTV terpasang di area umum. Hanya 3.9 km ke kampus terdekat. Daftar sekarang!","Lokasi sangat strategis, ke mana-mana mudah dijangkau. WiFi kencang dan stabil. Kamar mandi pribadi sangat nyaman. Harga sangat worth it untuk fasilitasnya. Teman sesama penghuni juga asik.",assets/kos_photos/kos_0851.jpg,-6.115621,106.904901
KOS-0852,Kos Penjaringan 852,Jakarta Utara,Penjaringan,2100000,Putri,15,0,1,1,0,1,0,1,0,8.9,STIE Indonesia Jakarta,4.2,4.3,28,19,"Hunian nyaman di jantung Jakarta Utara. Kos putri dengan kamar mandi dalam, WiFi, parkir, dan laundry. Ukuran kamar 15m², cukup untuk bekerja dan beristirahat. Bebas banjir, akses 24 jam. Jarak ke transportasi umum hanya 4.2 km. Cocok untuk profesional muda yang aktif.","Kos paling nyaman selama kuliah di Jakarta. WiFi kencang dan stabil. Kamar mandi pribadi sangat nyaman. Lingkungan bersih dan aman, tidak pernah ada masalah keamanan. Sangat recommended untuk mahasiswa baru!",assets/kos_photos/kos_0852.jpg,-6.092068,106.835658
KOS-0853,Kos Tanjung Priok 853,Jakarta Utara,Tanjung Priok,2250000,Putri,9,0,0,1,0,1,0,0,1,2.0,Universitas Jayabaya,0.4,3.8,10,194,"Kos eksklusif putri area Tanjung Priok! Fasilitas lengkap: WiFi, parkir, dan security 24 jam. Kamar 9m² dengan pencahayaan dan ventilasi optimal. Akses mudah ke pusat bisnis Jakarta Utara. Penjaga aktif 24 jam, CCTV terpasang di area umum. Hanya 2.0 km ke kampus terdekat. Daftar sekarang!","Oke secara keseluruhan. WiFi kencang dan stabil. Keamanan 24 jam membuat tenang. Ada plus minusnya, tapi tidak mengecewakan. Lumayan untuk jangka panjang.",assets/kos_photos/kos_0853.jpg,-6.128664,106.801998
KOS-0854,Kos Cilincing 854,Jakarta Utara,Cilincing,2600000,Campur,20,1,1,1,1,1,1,1,1,6.0,STIE Indonesia Jakarta,1.3,4.5,7,58,"Kos eksklusif campur area Cilincing! Fasilitas lengkap: AC, kamar mandi dalam, WiFi, listrik termasuk, parkir, dapur bersama, laundry, dan security 24 jam. Kamar 20m² dengan pencahayaan dan ventilasi optimal. Akses mudah ke pusat bisnis Jakarta Utara. Penjaga aktif 24 jam, CCTV terpasang di area umum. Hanya 6.0 km ke kampus terdekat. Daftar sekarang!","Lokasi sangat strategis, ke mana-mana mudah dijangkau. WiFi kencang dan stabil. AC dingin, tidak berisik. Harga sangat worth it untuk fasilitasnya. Teman sesama penghuni juga asik.",assets/kos_photos/kos_0854.jpg,-6.108019,106.867745
KOS-0855,Kos Pademangan 855,Jakarta Utara,Pademangan,2250000,Putri,12,0,1,1,1,0,0,0,0,2.4,STIE Indonesia Jakarta,0.5,4.2,8,101,"Hunian nyaman di jantung Jakarta Utara. Kos putri dengan kamar mandi dalam, WiFi, dan listrik termasuk. Ukuran kamar 12m², cukup untuk bekerja dan beristirahat. Bebas banjir, akses 24 jam. Jarak ke transportasi umum hanya 0.5 km. Cocok untuk profesional muda yang aktif.","Lokasi sangat strategis, ke mana-mana mudah dijangkau. WiFi kencang dan stabil. Kamar mandi pribadi sangat nyaman. Harga sangat worth it untuk fasilitasnya. Teman sesama penghuni juga asik.",assets/kos_photos/kos_0855.jpg,-6.072526,106.833173
KOS-0856,Kos Tanjung Priok 856,Jakarta Utara,Tanjung Priok,2400000,Putri,12,1,1,1,1,1,0,1,0,3.1,Universitas Jayabaya,3.3,4.1,15,78,"Hunian nyaman di jantung Jakarta Utara. Kos putri dengan AC, kamar mandi dalam, WiFi, listrik termasuk, parkir, dan laundry. Ukuran kamar 12m², cukup untuk bekerja dan beristirahat. Bebas banjir, akses 24 jam. Jarak ke transportasi umum hanya 3.3 km. Cocok untuk profesional muda yang aktif.","Lokasi sangat strategis, ke mana-mana mudah dijangkau. WiFi kencang dan stabil. AC dingin, tidak berisik. Harga sangat worth it untuk fasilitasnya. Teman sesama penghuni juga asik.",assets/kos_photos/kos_0856.jpg,-6.139707,106.865608
KOS-0857,Kos Penjaringan 857,Jakarta Utara,Penjaringan,2200000,Putri,15,1,0,1,1,1,0,0,0,6.0,STIE Indonesia Jakarta,0.9,4.2,27,25,"Hunian nyaman di jantung Jakarta Utara. Kos putri dengan AC, WiFi, listrik termasuk, dan parkir. Ukuran kamar 15m², cukup untuk bekerja dan beristirahat. Bebas banjir, akses 24 jam. Jarak ke transportasi umum hanya 0.9 km. Cocok untuk profesional muda yang aktif.","Baru 24 minggu tapi sudah betah banget. WiFi kencang dan stabil. AC dingin, tidak berisik. Air bersih dan lancar, listrik stabil, tidak pernah mati. Harga sepadan.",assets/kos_photos/kos_0857.jpg,-6.086052,106.84786
KOS-0858,Kos Tanjung Priok 858,Jakarta Utara,Tanjung Priok,2500000,Putra,9,1,1,1,0,1,0,0,0,2.8,Universitas Jayabaya,0.7,4.4,21,32,"Kos putra strategis di Tanjung Priok, Jakarta Utara. Kamar 9m² dilengkapi AC, kamar mandi dalam, WiFi, dan parkir. Lokasi hanya 2.8 km dari kampus dan 0.7 km dari moda transportasi umum. Suasana bersih, aman, dan nyaman. Cocok untuk mahasiswa maupun pekerja muda yang menginginkan hunian berkualitas dengan harga terjangkau.","Sudah 6 tahun tinggal di sini dan tidak mau pindah. WiFi kencang dan stabil. AC dingin, tidak berisik. Lingkungan aman dan nyaman, penghuni dipilih secara selektif.",assets/kos_photos/kos_0858.jpg,-6.095599,106.863567
KOS-0859,Kos Kelapa Gading 859,Jakarta Utara,Kelapa Gading,2000000,Putri,12,1,0,1,1,0,0,0,0,4.1,Universitas Jayabaya,0.8,4.7,10,150,"Kos eksklusif putri area Kelapa Gading! Fasilitas lengkap: AC, WiFi, dan listrik termasuk. Kamar 12m² dengan pencahayaan dan ventilasi optimal. Akses mudah ke pusat bisnis Jakarta Utara. Penjaga aktif 24 jam, CCTV terpasang di area umum. Hanya 4.1 km ke kampus terdekat. Daftar sekarang!","Kos paling nyaman selama kuliah di Jakarta. WiFi kencang dan stabil. AC dingin, tidak berisik. Lingkungan bersih dan aman, tidak pernah ada masalah keamanan. Sangat recommended untuk mahasiswa baru!",assets/kos_photos/kos_0859.jpg,-6.135901,106.867878
KOS-0860,Kos Pademangan 860,Jakarta Utara,Pademangan,2250000,Putri,9,0,1,1,0,1,0,0,1,4.9,Universitas Jayabaya,0.5,4.8,7,198,"Hunian nyaman di jantung Jakarta Utara. Kos putri dengan kamar mandi dalam, WiFi, parkir, dan security 24 jam. Ukuran kamar 9m², cukup untuk bekerja dan beristirahat. Bebas banjir, akses 24 jam. Jarak ke transportasi umum hanya 0.5 km. Cocok untuk profesional muda yang aktif.","Lokasi sangat strategis, ke mana-mana mudah dijangkau. WiFi kencang dan stabil. Kamar mandi pribadi sangat nyaman. Harga sangat worth it untuk fasilitasnya. Teman sesama penghuni juga asik.",assets/kos_photos/kos_0860.jpg,-6.154914,106.845294
KOS-0861,Kos Koja 861,Jakarta Utara,Koja,2550000,Putri,18,1,1,1,0,1,0,0,1,1.5,STIE Indonesia Jakarta,1.7,3.7,18,117,"Tersedia kamar kos putri di kawasan Koja, Jakarta Utara. Luas kamar 18m², fasilitas: AC, kamar mandi dalam, WiFi, parkir, dan security 24 jam. Dekat kampus (1.5 km) dan transportasi umum (1.7 km). Lingkungan tenang, pemilik kos ramah dan responsif. Harga sudah mencakup biaya perawatan fasilitas bersama. Ideal untuk pelajar yang baru merantau.","Lumayan sesuai harga yang dibayar. WiFi kencang dan stabil. AC dingin, tidak berisik. Respons pemilik kadang agak lambat, tapi fasilitas tetap terjaga.",assets/kos_photos/kos_0861.jpg,-6.136552,106.922392
KOS-0862,Kos Koja 862,Jakarta Utara,Koja,2350000,Putri,9,1,1,1,0,0,1,1,0,0.8,Universitas Jayabaya,1.5,4.6,16,149,"Kos putri strategis di Koja, Jakarta Utara. Kamar 9m² dilengkapi AC, kamar mandi dalam, WiFi, dapur bersama, dan laundry. Lokasi hanya 0.8 km dari kampus dan 1.5 km dari moda transportasi umum. Suasana bersih, aman, dan nyaman. Cocok untuk mahasiswa maupun pekerja muda yang menginginkan hunian berkualitas dengan harga terjangkau.","Baru 12 minggu tapi sudah betah banget. WiFi kencang dan stabil. AC dingin, tidak berisik. Air bersih dan lancar, listrik stabil, tidak pernah mati. Harga sepadan.",assets/kos_photos/kos_0862.jpg,-6.126191,106.871382
KOS-0863,Kos Cilincing 863,Jakarta Utara,Cilincing,2850000,Campur,24,1,1,1,1,1,1,0,1,2.5,STIE Indonesia Jakarta,2.6,4.4,25,113,"Kos bersih dan terawat di Cilincing, Jakarta Utara. Kamar campur berukuran 24m² tersedia dengan fasilitas AC, kamar mandi dalam, WiFi, listrik termasuk, parkir, dapur bersama, dan security 24 jam. Pengelolaan profesional, kontrak fleksibel per bulan. Jarak 2.5 km dari kampus, 2.6 km dari halte atau stasiun. Survei gratis, hubungi pemilik sekarang!","Lokasi sangat strategis, ke mana-mana mudah dijangkau. WiFi kencang dan stabil. AC dingin, tidak berisik. Harga sangat worth it untuk fasilitasnya. Teman sesama penghuni juga asik.",assets/kos_photos/kos_0863.jpg,-6.132477,106.870163
KOS-0864,Kos Cilincing 864,Jakarta Utara,Cilincing,2500000,Putri,9,1,1,1,0,0,0,0,1,1.5,Universitas Jayabaya,3.8,4.6,20,52,"Tersedia kamar kos putri di kawasan Cilincing, Jakarta Utara. Luas kamar 9m², fasilitas: AC, kamar mandi dalam, WiFi, dan security 24 jam. Dekat kampus (1.5 km) dan transportasi umum (3.8 km). Lingkungan tenang, pemilik kos ramah dan responsif. Harga sudah mencakup biaya perawatan fasilitas bersama. Ideal untuk pelajar yang baru merantau.","Sudah 3 bulan di sini, sangat puas! Kamar bersih dan wangi. WiFi kencang dan stabil. AC dingin, tidak berisik. Pemilik kos sigap menangani keluhan. Sangat direkomendasikan!",assets/kos_photos/kos_0864.jpg,-6.086707,106.880918
KOS-0865,Kos Kelapa Gading 865,Jakarta Utara,Kelapa Gading,2400000,Putri,12,1,0,0,0,1,0,0,1,2.5,Universitas Jayabaya,2.8,3.9,26,129,"Kos putri strategis di Kelapa Gading, Jakarta Utara. Kamar 12m² dilengkapi AC, parkir, dan security 24 jam. Lokasi hanya 2.5 km dari kampus dan 2.8 km dari moda transportasi umum. Suasana bersih, aman, dan nyaman. Cocok untuk mahasiswa maupun pekerja muda yang menginginkan hunian berkualitas dengan harga terjangkau.","Oke secara keseluruhan. AC dingin, tidak berisik. Keamanan 24 jam membuat tenang. Ada plus minusnya, tapi tidak mengecewakan. Lumayan untuk jangka panjang.",assets/kos_photos/kos_0865.jpg,-6.122776,106.924656
KOS-0866,Kos Penjaringan 866,Jakarta Utara,Penjaringan,2550000,Putra,12,1,1,1,0,1,1,0,1,4.3,STIE Indonesia Jakarta,4.0,3.6,15,120,"Kos eksklusif putra area Penjaringan! Fasilitas lengkap: AC, kamar mandi dalam, WiFi, parkir, dapur bersama, dan security 24 jam. Kamar 12m² dengan pencahayaan dan ventilasi optimal. Akses mudah ke pusat bisnis Jakarta Utara. Penjaga aktif 24 jam, CCTV terpasang di area umum. Hanya 4.3 km ke kampus terdekat. Daftar sekarang!","Cukup nyaman untuk kebutuhan sehari-hari. WiFi kencang dan stabil. AC dingin, tidak berisik. Harga standar untuk area sini. Cocok untuk yang budget terbatas.",assets/kos_photos/kos_0866.jpg,-6.151551,106.923176
KOS-0867,Kos Tanjung Priok 867,Jakarta Utara,Tanjung Priok,2250000,Putri,12,1,0,1,0,0,0,0,1,9.7,Universitas Jayabaya,2.4,4.9,20,164,"Kos putri strategis di Tanjung Priok, Jakarta Utara. Kamar 12m² dilengkapi AC, WiFi, dan security 24 jam. Lokasi hanya 9.7 km dari kampus dan 2.4 km dari moda transportasi umum. Suasana bersih, aman, dan nyaman. Cocok untuk mahasiswa maupun pekerja muda yang menginginkan hunian berkualitas dengan harga terjangkau.","Sudah 8 tahun tinggal di sini dan tidak mau pindah. WiFi kencang dan stabil. AC dingin, tidak berisik. Lingkungan aman dan nyaman, penghuni dipilih secara selektif.",assets/kos_photos/kos_0867.jpg,-6.129653,106.896126
KOS-0868,Kos Tanjung Priok 868,Jakarta Utara,Tanjung Priok,2900000,Putri,24,1,1,1,0,1,1,1,1,9.0,Universitas Jayabaya,2.2,4.6,11,9,"Hunian nyaman di jantung Jakarta Utara. Kos putri dengan AC, kamar mandi dalam, WiFi, parkir, dapur bersama, laundry, dan security 24 jam. Ukuran kamar 24m², cukup untuk bekerja dan beristirahat. Bebas banjir, akses 24 jam. Jarak ke transportasi umum hanya 2.2 km. Cocok untuk profesional muda yang aktif.","Baru 6 minggu tapi sudah betah banget. WiFi kencang dan stabil. AC dingin, tidak berisik. Air bersih dan lancar, listrik stabil, tidak pernah mati. Harga sepadan.",assets/kos_photos/kos_0868.jpg,-6.159996,106.858266
KOS-0869,Kos Koja 869,Jakarta Utara,Koja,2400000,Campur,15,1,1,1,0,1,0,0,1,3.9,STIE Indonesia Jakarta,4.7,4.2,24,137,"Hunian nyaman di jantung Jakarta Utara. Kos campur dengan AC, kamar mandi dalam, WiFi, parkir, dan security 24 jam. Ukuran kamar 15m², cukup untuk bekerja dan beristirahat. Bebas banjir, akses 24 jam. Jarak ke transportasi umum hanya 4.7 km. Cocok untuk profesional muda yang aktif.","Lokasi sangat strategis, ke mana-mana mudah dijangkau. WiFi kencang dan stabil. AC dingin, tidak berisik. Harga sangat worth it untuk fasilitasnya. Teman sesama penghuni juga asik.",assets/kos_photos/kos_0869.jpg,-6.170642,106.891408
KOS-0870,Kos Pademangan 870,Jakarta Utara,Pademangan,2100000,Campur,20,1,0,0,0,1,1,0,0,2.7,STIE Indonesia Jakarta,3.9,4.0,13,153,"Tersedia kamar kos campur di kawasan Pademangan, Jakarta Utara. Luas kamar 20m², fasilitas: AC, parkir, dan dapur bersama. Dekat kampus (2.7 km) dan transportasi umum (3.9 km). Lingkungan tenang, pemilik kos ramah dan responsif. Harga sudah mencakup biaya perawatan fasilitas bersama. Ideal untuk pelajar yang baru merantau.","Lokasi sangat strategis, ke mana-mana mudah dijangkau. AC dingin, tidak berisik. Harga sangat worth it untuk fasilitasnya. Teman sesama penghuni juga asik.",assets/kos_photos/kos_0870.jpg,-6.062306,106.856069
KOS-0871,Kos Pademangan 871,Jakarta Utara,Pademangan,2400000,Campur,12,1,0,1,1,0,1,0,1,6.7,Universitas Jayabaya,2.1,3.9,8,184,"Kos bersih dan terawat di Pademangan, Jakarta Utara. Kamar campur berukuran 12m² tersedia dengan fasilitas AC, WiFi, listrik termasuk, dapur bersama, dan security 24 jam. Pengelolaan profesional, kontrak fleksibel per bulan. Jarak 6.7 km dari kampus, 2.1 km dari halte atau stasiun. Survei gratis, hubungi pemilik sekarang!","Cukup nyaman untuk kebutuhan sehari-hari. WiFi kencang dan stabil. AC dingin, tidak berisik. Harga standar untuk area sini. Cocok untuk yang budget terbatas.",assets/kos_photos/kos_0871.jpg,-6.118333,106.889581
KOS-0872,Kos Cilincing 872,Jakarta Utara,Cilincing,2000000,Putri,12,1,0,1,0,1,1,1,0,4.6,STIE Indonesia Jakarta,1.8,3.8,15,136,"Kos eksklusif putri area Cilincing! Fasilitas lengkap: AC, WiFi, parkir, dapur bersama, dan laundry. Kamar 12m² dengan pencahayaan dan ventilasi optimal. Akses mudah ke pusat bisnis Jakarta Utara. Penjaga aktif 24 jam, CCTV terpasang di area umum. Hanya 4.6 km ke kampus terdekat. Daftar sekarang!","Oke secara keseluruhan. WiFi kencang dan stabil. AC dingin, tidak berisik. Ada plus minusnya, tapi tidak mengecewakan. Lumayan untuk jangka panjang.",assets/kos_photos/kos_0872.jpg,-6.09487,106.874366
KOS-0873,Kos Penjaringan 873,Jakarta Utara,Penjaringan,2150000,Campur,24,1,0,1,0,1,1,0,0,0.7,Universitas Jayabaya,2.8,4.0,29,185,"Tersedia kamar kos campur di kawasan Penjaringan, Jakarta Utara. Luas kamar 24m², fasilitas: AC, WiFi, parkir, dan dapur bersama. Dekat kampus (0.7 km) dan transportasi umum (2.8 km). Lingkungan tenang, pemilik kos ramah dan responsif. Harga sudah mencakup biaya perawatan fasilitas bersama. Ideal untuk pelajar yang baru merantau.","Sudah 2 tahun tinggal di sini dan tidak mau pindah. WiFi kencang dan stabil. AC dingin, tidak berisik. Lingkungan aman dan nyaman, penghuni dipilih secara selektif.",assets/kos_photos/kos_0873.jpg,-6.134584,106.813782
KOS-0874,Kos Penjaringan 874,Jakarta Utara,Penjaringan,2950000,Putra,9,1,1,1,1,0,0,0,0,1.9,Universitas Jayabaya,0.9,3.8,14,151,"Kos eksklusif putra area Penjaringan! Fasilitas lengkap: AC, kamar mandi dalam, WiFi, dan listrik termasuk. Kamar 9m² dengan pencahayaan dan ventilasi optimal. Akses mudah ke pusat bisnis Jakarta Utara. Penjaga aktif 24 jam, CCTV terpasang di area umum. Hanya 1.9 km ke kampus terdekat. Daftar sekarang!","Cukup nyaman untuk kebutuhan sehari-hari. WiFi kencang dan stabil. AC dingin, tidak berisik. Harga standar untuk area sini. Cocok untuk yang budget terbatas.",assets/kos_photos/kos_0874.jpg,-6.111252,106.845845
KOS-0875,Kos Pademangan 875,Jakarta Utara,Pademangan,2050000,Putri,12,1,0,1,0,1,1,0,0,5.6,STIE Indonesia Jakarta,2.5,5.0,7,38,"Tersedia kamar kos putri di kawasan Pademangan, Jakarta Utara. Luas kamar 12m², fasilitas: AC, WiFi, parkir, dan dapur bersama. Dekat kampus (5.6 km) dan transportasi umum (2.5 km). Lingkungan tenang, pemilik kos ramah dan responsif. Harga sudah mencakup biaya perawatan fasilitas bersama. Ideal untuk pelajar yang baru merantau.","Sudah 2 bulan di sini, sangat puas! Kamar bersih dan wangi. WiFi kencang dan stabil. AC dingin, tidak berisik. Pemilik kos sigap menangani keluhan. Sangat direkomendasikan!",assets/kos_photos/kos_0875.jpg,-6.120969,106.883293
KOS-0876,Kos Cilincing 876,Jakarta Utara,Cilincing,2300000,Putri,12,0,1,0,0,1,0,1,1,9.3,Universitas Jayabaya,1.2,4.9,20,138,"Kos bersih dan terawat di Cilincing, Jakarta Utara. Kamar putri berukuran 12m² tersedia dengan fasilitas kamar mandi dalam, parkir, laundry, dan security 24 jam. Pengelolaan profesional, kontrak fleksibel per bulan. Jarak 9.3 km dari kampus, 1.2 km dari halte atau stasiun. Survei gratis, hubungi pemilik sekarang!","Sudah 12 bulan di sini, sangat puas! Kamar bersih dan wangi. Kamar mandi pribadi sangat nyaman. Keamanan 24 jam membuat tenang. Pemilik kos sigap menangani keluhan. Sangat direkomendasikan!",assets/kos_photos/kos_0876.jpg,-6.114476,106.862404
KOS-0877,Kos Tanjung Priok 877,Jakarta Utara,Tanjung Priok,2500000,Putri,9,1,1,0,0,1,0,0,0,2.7,Universitas Jayabaya,2.1,3.8,7,6,"Kos eksklusif putri area Tanjung Priok! Fasilitas lengkap: AC, kamar mandi dalam, dan parkir. Kamar 9m² dengan pencahayaan dan ventilasi optimal. Akses mudah ke pusat bisnis Jakarta Utara. Penjaga aktif 24 jam, CCTV terpasang di area umum. Hanya 2.7 km ke kampus terdekat. Daftar sekarang!","Cukup nyaman untuk kebutuhan sehari-hari. AC dingin, tidak berisik. Kamar mandi pribadi sangat nyaman. Harga standar untuk area sini. Cocok untuk yang budget terbatas.",assets/kos_photos/kos_0877.jpg,-6.152038,106.873828
KOS-0878,Kos Tanjung Priok 878,Jakarta Utara,Tanjung Priok,1950000,Putra,9,1,1,1,0,1,0,0,0,5.8,Universitas Jayabaya,0.3,3.6,10,46,"Kos bersih dan terawat di Tanjung Priok, Jakarta Utara. Kamar putra berukuran 9m² tersedia dengan fasilitas AC, kamar mandi dalam, WiFi, dan parkir. Pengelolaan profesional, kontrak fleksibel per bulan. Jarak 5.8 km dari kampus, 0.3 km dari halte atau stasiun. Survei gratis, hubungi pemilik sekarang!","Oke secara keseluruhan. WiFi kencang dan stabil. AC dingin, tidak berisik. Ada plus minusnya, tapi tidak mengecewakan. Lumayan untuk jangka panjang.",assets/kos_photos/kos_0878.jpg,-6.117822,106.862503
KOS-0879,Kos Pademangan 879,Jakarta Utara,Pademangan,2850000,Putri,20,1,1,1,0,0,1,0,0,4.9,Universitas Jayabaya,0.4,4.8,12,20,"Kos eksklusif putri area Pademangan! Fasilitas lengkap: AC, kamar mandi dalam, WiFi, dan dapur bersama. Kamar 20m² dengan pencahayaan dan ventilasi optimal. Akses mudah ke pusat bisnis Jakarta Utara. Penjaga aktif 24 jam, CCTV terpasang di area umum. Hanya 4.9 km ke kampus terdekat. Daftar sekarang!","Baru 3 minggu tapi sudah betah banget. WiFi kencang dan stabil. AC dingin, tidak berisik. Air bersih dan lancar, listrik stabil, tidak pernah mati. Harga sepadan.",assets/kos_photos/kos_0879.jpg,-6.1231,106.896393
KOS-0880,Kos Tanjung Priok 880,Jakarta Utara,Tanjung Priok,2050000,Putra,12,0,1,0,1,0,0,0,1,3.5,STIE Indonesia Jakarta,2.3,3.9,21,122,"Kos putra strategis di Tanjung Priok, Jakarta Utara. Kamar 12m² dilengkapi kamar mandi dalam, listrik termasuk, dan security 24 jam. Lokasi hanya 3.5 km dari kampus dan 2.3 km dari moda transportasi umum. Suasana bersih, aman, dan nyaman. Cocok untuk mahasiswa maupun pekerja muda yang menginginkan hunian berkualitas dengan harga terjangkau.","Lumayan sesuai harga yang dibayar. Kamar mandi pribadi sangat nyaman. Keamanan 24 jam membuat tenang. Respons pemilik kadang agak lambat, tapi fasilitas tetap terjaga.",assets/kos_photos/kos_0880.jpg,-6.133606,106.869921
KOS-0881,Kos Penjaringan 881,Jakarta Utara,Penjaringan,2500000,Putri,9,0,1,1,0,1,0,0,1,8.4,Universitas Jayabaya,3.3,4.6,27,184,"Kos bersih dan terawat di Penjaringan, Jakarta Utara. Kamar putri berukuran 9m² tersedia dengan fasilitas kamar mandi dalam, WiFi, parkir, dan security 24 jam. Pengelolaan profesional, kontrak fleksibel per bulan. Jarak 8.4 km dari kampus, 3.3 km dari halte atau stasiun. Survei gratis, hubungi pemilik sekarang!","Lokasi sangat strategis, ke mana-mana mudah dijangkau. WiFi kencang dan stabil. Kamar mandi pribadi sangat nyaman. Harga sangat worth it untuk fasilitasnya. Teman sesama penghuni juga asik.",assets/kos_photos/kos_0881.jpg,-6.109167,106.877971
KOS-0882,Kos Kelapa Gading 882,Jakarta Utara,Kelapa Gading,2550000,Putra,15,1,1,0,1,0,1,0,1,2.5,STIE Indonesia Jakarta,3.1,4.7,13,124,"Kos eksklusif putra area Kelapa Gading! Fasilitas lengkap: AC, kamar mandi dalam, listrik termasuk, dapur bersama, dan security 24 jam. Kamar 15m² dengan pencahayaan dan ventilasi optimal. Akses mudah ke pusat bisnis Jakarta Utara. Penjaga aktif 24 jam, CCTV terpasang di area umum. Hanya 2.5 km ke kampus terdekat. Daftar sekarang!","Lokasi sangat strategis, ke mana-mana mudah dijangkau. AC dingin, tidak berisik. Kamar mandi pribadi sangat nyaman. Harga sangat worth it untuk fasilitasnya. Teman sesama penghuni juga asik.",assets/kos_photos/kos_0882.jpg,-6.096404,106.841544
KOS-0883,Kos Pademangan 883,Jakarta Utara,Pademangan,3050000,Putri,9,1,1,1,0,1,0,0,1,1.1,STIE Indonesia Jakarta,4.3,4.0,18,142,"Hunian nyaman di jantung Jakarta Utara. Kos putri dengan AC, kamar mandi dalam, WiFi, parkir, dan security 24 jam. Ukuran kamar 9m², cukup untuk bekerja dan beristirahat. Bebas banjir, akses 24 jam. Jarak ke transportasi umum hanya 4.3 km. Cocok untuk profesional muda yang aktif.","Sudah 2 tahun tinggal di sini dan tidak mau pindah. WiFi kencang dan stabil. AC dingin, tidak berisik. Lingkungan aman dan nyaman, penghuni dipilih secara selektif.",assets/kos_photos/kos_0883.jpg,-6.123194,106.853621
KOS-0884,Kos Penjaringan 884,Jakarta Utara,Penjaringan,2700000,Putri,12,1,1,1,0,0,0,1,1,1.3,Universitas Jayabaya,0.5,4.4,13,192,"Kos eksklusif putri area Penjaringan! Fasilitas lengkap: AC, kamar mandi dalam, WiFi, laundry, dan security 24 jam. Kamar 12m² dengan pencahayaan dan ventilasi optimal. Akses mudah ke pusat bisnis Jakarta Utara. Penjaga aktif 24 jam, CCTV terpasang di area umum. Hanya 1.3 km ke kampus terdekat. Daftar sekarang!","Baru 2 minggu tapi sudah betah banget. WiFi kencang dan stabil. AC dingin, tidak berisik. Air bersih dan lancar, listrik stabil, tidak pernah mati. Harga sepadan.",assets/kos_photos/kos_0884.jpg,-6.133163,106.848104
KOS-0885,Kos Tanjung Priok 885,Jakarta Utara,Tanjung Priok,1950000,Campur,15,0,1,1,0,1,0,1,1,4.8,STIE Indonesia Jakarta,1.2,4.3,11,124,"Kos eksklusif campur area Tanjung Priok! Fasilitas lengkap: kamar mandi dalam, WiFi, parkir, laundry, dan security 24 jam. Kamar 15m² dengan pencahayaan dan ventilasi optimal. Akses mudah ke pusat bisnis Jakarta Utara. Penjaga aktif 24 jam, CCTV terpasang di area umum. Hanya 4.8 km ke kampus terdekat. Daftar sekarang!","Sudah 8 tahun tinggal di sini dan tidak mau pindah. WiFi kencang dan stabil. Kamar mandi pribadi sangat nyaman. Lingkungan aman dan nyaman, penghuni dipilih secara selektif.",assets/kos_photos/kos_0885.jpg,-6.091839,106.869881
KOS-0886,Kos Cilincing 886,Jakarta Utara,Cilincing,2650000,Putri,9,0,1,1,0,1,0,1,1,2.1,Universitas Jayabaya,2.1,4.1,16,21,"Kos putri strategis di Cilincing, Jakarta Utara. Kamar 9m² dilengkapi kamar mandi dalam, WiFi, parkir, laundry, dan security 24 jam. Lokasi hanya 2.1 km dari kampus dan 2.1 km dari moda transportasi umum. Suasana bersih, aman, dan nyaman. Cocok untuk mahasiswa maupun pekerja muda yang menginginkan hunian berkualitas dengan harga terjangkau.","Sudah 6 bulan di sini, sangat puas! Kamar bersih dan wangi. WiFi kencang dan stabil. Kamar mandi pribadi sangat nyaman. Pemilik kos sigap menangani keluhan. Sangat direkomendasikan!",assets/kos_photos/kos_0886.jpg,-6.128552,106.865003
KOS-0887,Kos Koja 887,Jakarta Utara,Koja,2400000,Putra,9,1,1,1,0,1,0,1,1,9.6,Universitas Jayabaya,3.7,4.8,7,17,"Kos putra strategis di Koja, Jakarta Utara. Kamar 9m² dilengkapi AC, kamar mandi dalam, WiFi, parkir, laundry, dan security 24 jam. Lokasi hanya 9.6 km dari kampus dan 3.7 km dari moda transportasi umum. Suasana bersih, aman, dan nyaman. Cocok untuk mahasiswa maupun pekerja muda yang menginginkan hunian berkualitas dengan harga terjangkau.","Sudah 3 bulan di sini, sangat puas! Kamar bersih dan wangi. WiFi kencang dan stabil. AC dingin, tidak berisik. Pemilik kos sigap menangani keluhan. Sangat direkomendasikan!",assets/kos_photos/kos_0887.jpg,-6.110419,106.916818
KOS-0888,Kos Pademangan 888,Jakarta Utara,Pademangan,2050000,Putri,18,1,0,1,0,1,0,1,0,9.8,Universitas Jayabaya,2.6,3.5,16,134,"Kos bersih dan terawat di Pademangan, Jakarta Utara. Kamar putri berukuran 18m² tersedia dengan fasilitas AC, WiFi, parkir, dan laundry. Pengelolaan profesional, kontrak fleksibel per bulan. Jarak 9.8 km dari kampus, 2.6 km dari halte atau stasiun. Survei gratis, hubungi pemilik sekarang!","Cukup nyaman untuk kebutuhan sehari-hari. WiFi kencang dan stabil. AC dingin, tidak berisik. Harga standar untuk area sini. Cocok untuk yang budget terbatas.",assets/kos_photos/kos_0888.jpg,-6.116106,106.825623
KOS-0889,Kos Tanjung Priok 889,Jakarta Utara,Tanjung Priok,2300000,Putri,18,1,0,1,0,0,0,0,1,1.6,Universitas Jayabaya,0.6,4.6,22,177,"Tersedia kamar kos putri di kawasan Tanjung Priok, Jakarta Utara. Luas kamar 18m², fasilitas: AC, WiFi, dan security 24 jam. Dekat kampus (1.6 km) dan transportasi umum (0.6 km). Lingkungan tenang, pemilik kos ramah dan responsif. Harga sudah mencakup biaya perawatan fasilitas bersama. Ideal untuk pelajar yang baru merantau.","Sudah 3 bulan di sini, sangat puas! Kamar bersih dan wangi. WiFi kencang dan stabil. AC dingin, tidak berisik. Pemilik kos sigap menangani keluhan. Sangat direkomendasikan!",assets/kos_photos/kos_0889.jpg,-6.089609,106.843471
KOS-0890,Kos Penjaringan 890,Jakarta Utara,Penjaringan,2600000,Putri,12,1,1,1,1,1,1,1,1,4.6,Universitas Jayabaya,2.8,4.2,7,116,"Kos eksklusif putri area Penjaringan! Fasilitas lengkap: AC, kamar mandi dalam, WiFi, listrik termasuk, parkir, dapur bersama, laundry, dan security 24 jam. Kamar 12m² dengan pencahayaan dan ventilasi optimal. Akses mudah ke pusat bisnis Jakarta Utara. Penjaga aktif 24 jam, CCTV terpasang di area umum. Hanya 4.6 km ke kampus terdekat. Daftar sekarang!","Lokasi sangat strategis, ke mana-mana mudah dijangkau. WiFi kencang dan stabil. AC dingin, tidak berisik. Harga sangat worth it untuk fasilitasnya. Teman sesama penghuni juga asik.",assets/kos_photos/kos_0890.jpg,-6.15277,106.891101
KOS-0891,Kos Koja 891,Jakarta Utara,Koja,2000000,Putra,18,1,0,1,0,1,1,0,1,2.9,STIE Indonesia Jakarta,3.2,4.8,20,173,"Kos bersih dan terawat di Koja, Jakarta Utara. Kamar putra berukuran 18m² tersedia dengan fasilitas AC, WiFi, parkir, dapur bersama, dan security 24 jam. Pengelolaan profesional, kontrak fleksibel per bulan. Jarak 2.9 km dari kampus, 3.2 km dari halte atau stasiun. Survei gratis, hubungi pemilik sekarang!","Sudah 18 bulan di sini, sangat puas! Kamar bersih dan wangi. WiFi kencang dan stabil. AC dingin, tidak berisik. Pemilik kos sigap menangani keluhan. Sangat direkomendasikan!",assets/kos_photos/kos_0891.jpg,-6.14902,106.870637
KOS-0892,Kos Koja 892,Jakarta Utara,Koja,1700000,Putra,15,0,0,1,1,1,0,0,0,2.8,STIE Indonesia Jakarta,3.7,5.0,5,60,"Kos bersih dan terawat di Koja, Jakarta Utara. Kamar putra berukuran 15m² tersedia dengan fasilitas WiFi, listrik termasuk, dan parkir. Pengelolaan profesional, kontrak fleksibel per bulan. Jarak 2.8 km dari kampus, 3.7 km dari halte atau stasiun. Survei gratis, hubungi pemilik sekarang!","Sudah 24 bulan di sini, sangat puas! Kamar bersih dan wangi. WiFi kencang dan stabil. Pemilik kos sigap menangani keluhan. Sangat direkomendasikan!",assets/kos_photos/kos_0892.jpg,-6.102817,106.835857
KOS-0893,Kos Kelapa Gading 893,Jakarta Utara,Kelapa Gading,2650000,Putri,20,0,1,1,0,1,0,0,1,4.2,Universitas Jayabaya,2.1,4.1,11,140,"Kos putri strategis di Kelapa Gading, Jakarta Utara. Kamar 20m² dilengkapi kamar mandi dalam, WiFi, parkir, dan security 24 jam. Lokasi hanya 4.2 km dari kampus dan 2.1 km dari moda transportasi umum. Suasana bersih, aman, dan nyaman. Cocok untuk mahasiswa maupun pekerja muda yang menginginkan hunian berkualitas dengan harga terjangkau.","Baru 2 minggu tapi sudah betah banget. WiFi kencang dan stabil. Kamar mandi pribadi sangat nyaman. Air bersih dan lancar, listrik stabil, tidak pernah mati. Harga sepadan.",assets/kos_photos/kos_0893.jpg,-6.117448,106.889135
KOS-0894,Kos Penjaringan 894,Jakarta Utara,Penjaringan,2350000,Putri,9,0,1,0,0,1,0,1,1,3.2,STIE Indonesia Jakarta,3.2,3.9,28,15,"Hunian nyaman di jantung Jakarta Utara. Kos putri dengan kamar mandi dalam, parkir, laundry, dan security 24 jam. Ukuran kamar 9m², cukup untuk bekerja dan beristirahat. Bebas banjir, akses 24 jam. Jarak ke transportasi umum hanya 3.2 km. Cocok untuk profesional muda yang aktif.","Oke secara keseluruhan. Kamar mandi pribadi sangat nyaman. Keamanan 24 jam membuat tenang. Ada plus minusnya, tapi tidak mengecewakan. Lumayan untuk jangka panjang.",assets/kos_photos/kos_0894.jpg,-6.097866,106.845296
KOS-0895,Kos Tanjung Priok 895,Jakarta Utara,Tanjung Priok,2250000,Putri,20,1,0,1,0,1,1,0,1,1.5,Universitas Jayabaya,4.8,4.9,24,51,"Hunian nyaman di jantung Jakarta Utara. Kos putri dengan AC, WiFi, parkir, dapur bersama, dan security 24 jam. Ukuran kamar 20m², cukup untuk bekerja dan beristirahat. Bebas banjir, akses 24 jam. Jarak ke transportasi umum hanya 4.8 km. Cocok untuk profesional muda yang aktif.","Baru 3 minggu tapi sudah betah banget. WiFi kencang dan stabil. AC dingin, tidak berisik. Air bersih dan lancar, listrik stabil, tidak pernah mati. Harga sepadan.",assets/kos_photos/kos_0895.jpg,-6.149644,106.898112
KOS-0896,Kos Kelapa Gading 896,Jakarta Utara,Kelapa Gading,2650000,Putri,9,1,1,1,0,1,0,1,1,8.9,Universitas Jayabaya,2.8,4.6,7,50,"Hunian nyaman di jantung Jakarta Utara. Kos putri dengan AC, kamar mandi dalam, WiFi, parkir, laundry, dan security 24 jam. Ukuran kamar 9m², cukup untuk bekerja dan beristirahat. Bebas banjir, akses 24 jam. Jarak ke transportasi umum hanya 2.8 km. Cocok untuk profesional muda yang aktif.","Lokasi sangat strategis, ke mana-mana mudah dijangkau. WiFi kencang dan stabil. AC dingin, tidak berisik. Harga sangat worth it untuk fasilitasnya. Teman sesama penghuni juga asik.",assets/kos_photos/kos_0896.jpg,-6.106517,106.8395
KOS-0897,Kos Koja 897,Jakarta Utara,Koja,2750000,Putra,12,1,1,1,0,1,0,0,1,4.3,Universitas Jayabaya,3.6,4.2,25,24,"Hunian nyaman di jantung Jakarta Utara. Kos putra dengan AC, kamar mandi dalam, WiFi, parkir, dan security 24 jam. Ukuran kamar 12m², cukup untuk bekerja dan beristirahat. Bebas banjir, akses 24 jam. Jarak ke transportasi umum hanya 3.6 km. Cocok untuk profesional muda yang aktif.","Sudah 2 bulan di sini, sangat puas! Kamar bersih dan wangi. WiFi kencang dan stabil. AC dingin, tidak berisik. Pemilik kos sigap menangani keluhan. Sangat direkomendasikan!",assets/kos_photos/kos_0897.jpg,-6.10177,106.891216
KOS-0898,Kos Tanjung Priok 898,Jakarta Utara,Tanjung Priok,2200000,Putri,9,0,0,1,1,1,0,1,1,1.6,STIE Indonesia Jakarta,0.3,4.3,20,11,"Kos eksklusif putri area Tanjung Priok! Fasilitas lengkap: WiFi, listrik termasuk, parkir, laundry, dan security 24 jam. Kamar 9m² dengan pencahayaan dan ventilasi optimal. Akses mudah ke pusat bisnis Jakarta Utara. Penjaga aktif 24 jam, CCTV terpasang di area umum. Hanya 1.6 km ke kampus terdekat. Daftar sekarang!","Sudah 8 tahun tinggal di sini dan tidak mau pindah. WiFi kencang dan stabil. Keamanan 24 jam membuat tenang. Lingkungan aman dan nyaman, penghuni dipilih secara selektif.",assets/kos_photos/kos_0898.jpg,-6.102341,106.868195
KOS-0899,Kos Cilincing 899,Jakarta Utara,Cilincing,2000000,Campur,15,1,1,1,0,1,0,0,1,9.2,STIE Indonesia Jakarta,3.3,3.6,20,142,"Kos bersih dan terawat di Cilincing, Jakarta Utara. Kamar campur berukuran 15m² tersedia dengan fasilitas AC, kamar mandi dalam, WiFi, parkir, dan security 24 jam. Pengelolaan profesional, kontrak fleksibel per bulan. Jarak 9.2 km dari kampus, 3.3 km dari halte atau stasiun. Survei gratis, hubungi pemilik sekarang!","Cukup nyaman untuk kebutuhan sehari-hari. WiFi kencang dan stabil. AC dingin, tidak berisik. Harga standar untuk area sini. Cocok untuk yang budget terbatas.",assets/kos_photos/kos_0899.jpg,-6.141624,106.870778
KOS-0900,Kos Penjaringan 900,Jakarta Utara,Penjaringan,2800000,Putra,20,1,1,1,1,1,0,1,1,7.1,Universitas Jayabaya,1.3,4.5,21,152,"Hunian nyaman di jantung Jakarta Utara. Kos putra dengan AC, kamar mandi dalam, WiFi, listrik termasuk, parkir, laundry, dan security 24 jam. Ukuran kamar 20m², cukup untuk bekerja dan beristirahat. Bebas banjir, akses 24 jam. Jarak ke transportasi umum hanya 1.3 km. Cocok untuk profesional muda yang aktif.","Kos paling nyaman selama kuliah di Jakarta. WiFi kencang dan stabil. AC dingin, tidak berisik. Lingkungan bersih dan aman, tidak pernah ada masalah keamanan. Sangat recommended untuk mahasiswa baru!",assets/kos_photos/kos_0900.jpg,-6.101812,106.872082
KOS-0901,Kos Kelapa Gading 901,Jakarta Utara,Kelapa Gading,2300000,Putra,12,1,1,0,1,0,1,1,0,7.5,STIE Indonesia Jakarta,1.9,4.6,22,116,"Tersedia kamar kos putra di kawasan Kelapa Gading, Jakarta Utara. Luas kamar 12m², fasilitas: AC, kamar mandi dalam, listrik termasuk, dapur bersama, dan laundry. Dekat kampus (7.5 km) dan transportasi umum (1.9 km). Lingkungan tenang, pemilik kos ramah dan responsif. Harga sudah mencakup biaya perawatan fasilitas bersama. Ideal untuk pelajar yang baru merantau.","Kos paling nyaman selama kuliah di Jakarta. AC dingin, tidak berisik. Kamar mandi pribadi sangat nyaman. Lingkungan bersih dan aman, tidak pernah ada masalah keamanan. Sangat recommended untuk mahasiswa baru!",assets/kos_photos/kos_0901.jpg,-6.137969,106.861069
KOS-0902,Kos Penjaringan 902,Jakarta Utara,Penjaringan,2150000,Putra,12,0,0,0,1,1,0,0,0,3.0,Universitas Jayabaya,0.6,4.2,12,41,"Hunian nyaman di jantung Jakarta Utara. Kos putra dengan listrik termasuk dan parkir. Ukuran kamar 12m², cukup untuk bekerja dan beristirahat. Bebas banjir, akses 24 jam. Jarak ke transportasi umum hanya 0.6 km. Cocok untuk profesional muda yang aktif.","Lokasi sangat strategis, ke mana-mana mudah dijangkau. Fasilitas standar terpenuhi. Harga sangat worth it untuk fasilitasnya. Teman sesama penghuni juga asik.",assets/kos_photos/kos_0902.jpg,-6.112961,106.869538
KOS-0903,Kos Tanjung Priok 903,Jakarta Utara,Tanjung Priok,2550000,Putri,9,1,1,1,1,1,0,1,0,6.1,Universitas Jayabaya,3.7,4.2,18,134,"Kos eksklusif putri area Tanjung Priok! Fasilitas lengkap: AC, kamar mandi dalam, WiFi, listrik termasuk, parkir, dan laundry. Kamar 9m² dengan pencahayaan dan ventilasi optimal. Akses mudah ke pusat bisnis Jakarta Utara. Penjaga aktif 24 jam, CCTV terpasang di area umum. Hanya 6.1 km ke kampus terdekat. Daftar sekarang!","Sudah 8 tahun tinggal di sini dan tidak mau pindah. WiFi kencang dan stabil. AC dingin, tidak berisik. Lingkungan aman dan nyaman, penghuni dipilih secara selektif.",assets/kos_photos/kos_0903.jpg,-6.107647,106.870966
KOS-0904,Kos Pademangan 904,Jakarta Utara,Pademangan,2200000,Putra,24,0,1,1,0,1,0,0,1,6.1,Universitas Jayabaya,1.4,4.7,11,110,"Hunian nyaman di jantung Jakarta Utara. Kos putra dengan kamar mandi dalam, WiFi, parkir, dan security 24 jam. Ukuran kamar 24m², cukup untuk bekerja dan beristirahat. Bebas banjir, akses 24 jam. Jarak ke transportasi umum hanya 1.4 km. Cocok untuk profesional muda yang aktif.","Baru 12 minggu tapi sudah betah banget. WiFi kencang dan stabil. Kamar mandi pribadi sangat nyaman. Air bersih dan lancar, listrik stabil, tidak pernah mati. Harga sepadan.",assets/kos_photos/kos_0904.jpg,-6.110978,106.846746
KOS-0905,Kos Cilincing 905,Jakarta Utara,Cilincing,2200000,Putri,15,1,1,1,0,1,0,0,1,8.9,Universitas Jayabaya,4.0,3.9,18,17,"Kos putri strategis di Cilincing, Jakarta Utara. Kamar 15m² dilengkapi AC, kamar mandi dalam, WiFi, parkir, dan security 24 jam. Lokasi hanya 8.9 km dari kampus dan 4.0 km dari moda transportasi umum. Suasana bersih, aman, dan nyaman. Cocok untuk mahasiswa maupun pekerja muda yang menginginkan hunian berkualitas dengan harga terjangkau.","Cukup nyaman untuk kebutuhan sehari-hari. WiFi kencang dan stabil. AC dingin, tidak berisik. Harga standar untuk area sini. Cocok untuk yang budget terbatas.",assets/kos_photos/kos_0905.jpg,-6.10459,106.848158
KOS-0906,Kos Kelapa Gading 906,Jakarta Utara,Kelapa Gading,2100000,Putri,12,1,0,0,0,1,0,0,1,1.7,STIE Indonesia Jakarta,2.7,5.0,22,140,"Kos putri strategis di Kelapa Gading, Jakarta Utara. Kamar 12m² dilengkapi AC, parkir, dan security 24 jam. Lokasi hanya 1.7 km dari kampus dan 2.7 km dari moda transportasi umum. Suasana bersih, aman, dan nyaman. Cocok untuk mahasiswa maupun pekerja muda yang menginginkan hunian berkualitas dengan harga terjangkau.","Baru 6 minggu tapi sudah betah banget. AC dingin, tidak berisik. Keamanan 24 jam membuat tenang. Air bersih dan lancar, listrik stabil, tidak pernah mati. Harga sepadan.",assets/kos_photos/kos_0906.jpg,-6.134463,106.836777
KOS-0907,Kos Pademangan 907,Jakarta Utara,Pademangan,1550000,Putra,12,1,0,0,1,0,0,1,1,6.1,Universitas Jayabaya,1.8,3.7,8,138,"Kos bersih dan terawat di Pademangan, Jakarta Utara. Kamar putra berukuran 12m² tersedia dengan fasilitas AC, listrik termasuk, laundry, dan security 24 jam. Pengelolaan profesional, kontrak fleksibel per bulan. Jarak 6.1 km dari kampus, 1.8 km dari halte atau stasiun. Survei gratis, hubungi pemilik sekarang!","Oke secara keseluruhan. AC dingin, tidak berisik. Keamanan 24 jam membuat tenang. Ada plus minusnya, tapi tidak mengecewakan. Lumayan untuk jangka panjang.",assets/kos_photos/kos_0907.jpg,-6.094658,106.878336
KOS-0908,Kos Kelapa Gading 908,Jakarta Utara,Kelapa Gading,1700000,Putri,9,1,0,1,0,1,0,1,0,3.6,Universitas Jayabaya,4.5,3.5,13,88,"Kos putri strategis di Kelapa Gading, Jakarta Utara. Kamar 9m² dilengkapi AC, WiFi, parkir, dan laundry. Lokasi hanya 3.6 km dari kampus dan 4.5 km dari moda transportasi umum. Suasana bersih, aman, dan nyaman. Cocok untuk mahasiswa maupun pekerja muda yang menginginkan hunian berkualitas dengan harga terjangkau.","Lumayan sesuai harga yang dibayar. WiFi kencang dan stabil. AC dingin, tidak berisik. Respons pemilik kadang agak lambat, tapi fasilitas tetap terjaga.",assets/kos_photos/kos_0908.jpg,-6.045506,106.859212
KOS-0909,Kos Penjaringan 909,Jakarta Utara,Penjaringan,2350000,Putra,15,0,1,1,0,1,0,0,1,5.2,STIE Indonesia Jakarta,3.9,4.0,5,125,"Kos eksklusif putra area Penjaringan! Fasilitas lengkap: kamar mandi dalam, WiFi, parkir, dan security 24 jam. Kamar 15m² dengan pencahayaan dan ventilasi optimal. Akses mudah ke pusat bisnis Jakarta Utara. Penjaga aktif 24 jam, CCTV terpasang di area umum. Hanya 5.2 km ke kampus terdekat. Daftar sekarang!","Sudah 2 tahun tinggal di sini dan tidak mau pindah. WiFi kencang dan stabil. Kamar mandi pribadi sangat nyaman. Lingkungan aman dan nyaman, penghuni dipilih secara selektif.",assets/kos_photos/kos_0909.jpg,-6.131244,106.874208
